mkdir -p lib/lua/web
  [emcc] Lua: lib/lua/src/lauxlib.c
  [emcc] Lua: lib/lua/src/lapi.c
  [emcc] Lua: lib/lua/src/lbitlib.c
emcc -O2 -DLUA_USE_POSIX -Ilib/lua/include -c lib/lua/src/lauxlib.c -o lib/lua/web/lauxlib.o
emcc -O2 -DLUA_USE_POSIX -Ilib/lua/include -c lib/lua/src/lbitlib.c -o lib/lua/web/lbitlib.o
  [emcc] Lua: lib/lua/src/lcode.c
emcc -O2 -DLUA_USE_POSIX -Ilib/lua/include -c lib/lua/src/lapi.c -o lib/lua/web/lapi.o
emcc -O2 -DLUA_USE_POSIX -Ilib/lua/include -c lib/lua/src/lcode.c -o lib/lua/web/lcode.o
  [emcc] Lua: lib/lua/src/lctype.c
  [emcc] Lua: lib/lua/src/lbaselib.c
  [emcc] Lua: lib/lua/src/lcorolib.c
emcc -O2 -DLUA_USE_POSIX -Ilib/lua/include -c lib/lua/src/lctype.c -o lib/lua/web/lctype.o
emcc -O2 -DLUA_USE_POSIX -Ilib/lua/include -c lib/lua/src/lcorolib.c -o lib/lua/web/lcorolib.o
  [emcc] Lua: lib/lua/src/ldblib.c
emcc -O2 -DLUA_USE_POSIX -Ilib/lua/include -c lib/lua/src/lbaselib.c -o lib/lua/web/lbaselib.o
emcc -O2 -DLUA_USE_POSIX -Ilib/lua/include -c lib/lua/src/ldblib.c -o lib/lua/web/ldblib.o
  [emcc] Lua: lib/lua/src/ldebug.c
emcc -O2 -DLUA_USE_POSIX -Ilib/lua/include -c lib/lua/src/ldebug.c -o lib/lua/web/ldebug.o
  [emcc] Lua: lib/lua/src/ldo.c
emcc -O2 -DLUA_USE_POSIX -Ilib/lua/include -c lib/lua/src/ldo.c -o lib/lua/web/ldo.o
  [emcc] Lua: lib/lua/src/ldump.c
emcc -O2 -DLUA_USE_POSIX -Ilib/lua/include -c lib/lua/src/ldump.c -o lib/lua/web/ldump.o
  [emcc] Lua: lib/lua/src/lfunc.c
emcc -O2 -DLUA_USE_POSIX -Ilib/lua/include -c lib/lua/src/lfunc.c -o lib/lua/web/lfunc.o
  [emcc] Lua: lib/lua/src/lgc.c
emcc -O2 -DLUA_USE_POSIX -Ilib/lua/include -c lib/lua/src/lgc.c -o lib/lua/web/lgc.o
  [emcc] Lua: lib/lua/src/linit.c
emcc -O2 -DLUA_USE_POSIX -Ilib/lua/include -c lib/lua/src/linit.c -o lib/lua/web/linit.o
  [emcc] Lua: lib/lua/src/liolib.c
emcc -O2 -DLUA_USE_POSIX -Ilib/lua/include -c lib/lua/src/liolib.c -o lib/lua/web/liolib.o
  [emcc] Lua: lib/lua/src/llex.c
emcc -O2 -DLUA_USE_POSIX -Ilib/lua/include -c lib/lua/src/llex.c -o lib/lua/web/llex.o
  [emcc] Lua: lib/lua/src/lmem.c
  [emcc] Lua: lib/lua/src/lmathlib.c
emcc -O2 -DLUA_USE_POSIX -Ilib/lua/include -c lib/lua/src/lmem.c -o lib/lua/web/lmem.o
emcc -O2 -DLUA_USE_POSIX -Ilib/lua/include -c lib/lua/src/lmathlib.c -o lib/lua/web/lmathlib.o
  [emcc] Lua: lib/lua/src/lobject.c
emcc -O2 -DLUA_USE_POSIX -Ilib/lua/include -c lib/lua/src/lobject.c -o lib/lua/web/lobject.o
  [emcc] Lua: lib/lua/src/loadlib.c
emcc -O2 -DLUA_USE_POSIX -Ilib/lua/include -c lib/lua/src/loadlib.c -o lib/lua/web/loadlib.o
  [emcc] Lua: lib/lua/src/lopcodes.c
emcc -O2 -DLUA_USE_POSIX -Ilib/lua/include -c lib/lua/src/lopcodes.c -o lib/lua/web/lopcodes.o
  [emcc] Lua: lib/lua/src/loslib.c
emcc -O2 -DLUA_USE_POSIX -Ilib/lua/include -c lib/lua/src/loslib.c -o lib/lua/web/loslib.o
  [emcc] Lua: lib/lua/src/lparser.c
emcc -O2 -DLUA_USE_POSIX -Ilib/lua/include -c lib/lua/src/lparser.c -o lib/lua/web/lparser.o
  [emcc] Lua: lib/lua/src/lstate.c
emcc -O2 -DLUA_USE_POSIX -Ilib/lua/include -c lib/lua/src/lstate.c -o lib/lua/web/lstate.o
  [emcc] Lua: lib/lua/src/lstring.c
emcc -O2 -DLUA_USE_POSIX -Ilib/lua/include -c lib/lua/src/lstring.c -o lib/lua/web/lstring.o
  [emcc] Lua: lib/lua/src/lstrlib.c
emcc -O2 -DLUA_USE_POSIX -Ilib/lua/include -c lib/lua/src/lstrlib.c -o lib/lua/web/lstrlib.o
  [emcc] Lua: lib/lua/src/ltable.c
emcc -O2 -DLUA_USE_POSIX -Ilib/lua/include -c lib/lua/src/ltable.c -o lib/lua/web/ltable.o
  [emcc] Lua: lib/lua/src/ltablib.c
emcc -O2 -DLUA_USE_POSIX -Ilib/lua/include -c lib/lua/src/ltablib.c -o lib/lua/web/ltablib.o
  [emcc] Lua: lib/lua/src/ltm.c
emcc -O2 -DLUA_USE_POSIX -Ilib/lua/include -c lib/lua/src/ltm.c -o lib/lua/web/ltm.o
  [emcc] Lua: lib/lua/src/lundump.c
emcc -O2 -DLUA_USE_POSIX -Ilib/lua/include -c lib/lua/src/lundump.c -o lib/lua/web/lundump.o
  [emcc] Lua: lib/lua/src/lutf8lib.c
emcc -O2 -DLUA_USE_POSIX -Ilib/lua/include -c lib/lua/src/lutf8lib.c -o lib/lua/web/lutf8lib.o
  [emcc] Lua: lib/lua/src/lvm.c
emcc -O2 -DLUA_USE_POSIX -Ilib/lua/include -c lib/lua/src/lvm.c -o lib/lua/web/lvm.o
  [emcc] Lua: lib/lua/src/lzio.c
emcc -O2 -DLUA_USE_POSIX -Ilib/lua/include -c lib/lua/src/lzio.c -o lib/lua/web/lzio.o
lib/lua/src/lundump.c:237:33: warning: adding 'int' to a string does not append to the string [-Wstring-plus-int]
  237 |   checkliteral(S, LUA_SIGNATURE + 1, "not a");  /* 1st char already checked */
      |                   ~~~~~~~~~~~~~~^~~
lib/lua/src/lundump.c:237:33: note: use array indexing to silence this warning
  237 |   checkliteral(S, LUA_SIGNATURE + 1, "not a");  /* 1st char already checked */
      |                                 ^  
      |                   &             [  ]
1 warning generated.
  [emar] Creating lib/lua/web/liblua53.a
emar rcs lib/lua/web/liblua53.a lib/lua/web/lapi.o lib/lua/web/lauxlib.o lib/lua/web/lbaselib.o lib/lua/web/lbitlib.o lib/lua/web/lcode.o lib/lua/web/lcorolib.o lib/lua/web/lctype.o lib/lua/web/ldblib.o lib/lua/web/ldebug.o lib/lua/web/ldo.o lib/lua/web/ldump.o lib/lua/web/lfunc.o lib/lua/web/lgc.o lib/lua/web/linit.o lib/lua/web/liolib.o lib/lua/web/llex.o lib/lua/web/lmathlib.o lib/lua/web/lmem.o lib/lua/web/loadlib.o lib/lua/web/lobject.o lib/lua/web/lopcodes.o lib/lua/web/loslib.o lib/lua/web/lparser.o lib/lua/web/lstate.o lib/lua/web/lstring.o lib/lua/web/lstrlib.o lib/lua/web/ltable.o lib/lua/web/ltablib.o lib/lua/web/ltm.o lib/lua/web/lundump.o lib/lua/web/lutf8lib.o lib/lua/web/lvm.o lib/lua/web/lzio.o
Lua 5.3 for Emscripten: lib/lua/web/liblua53.a
==========================================
 Building sm64coopdx for WebAssembly
==========================================

Using GNU Make: GNU Make 4.4.1
Using Emscripten: emcc (Emscripten gcc/clang-like replacement + linker emulating GNU ld) 5.0.0 (a7c5deabd7c88ba1c38ebe988112256775f944c6)

/opt/homebrew/bin/gmake --no-builtin-rules -f Makefile CC="emcc" CXX="em++" LD="em++" AR="emar" CPP="emcc -E -P -x c" CROSS="" DISCORD_SDK=0 COOPNET=0 RENDER_API=GL WINDOW_API=SDL2 AUDIO_API=SDL2 CONTROLLER_API=SDL2 HEADLESS=0 TARGET_N64=0 OSX_BUILD=0 WINDOWS_BUILD=0 TARGET_RPI=0 TARGET_RK3588=0 OPT_FLAGS="-O2 -g" BUILD_DIR="build/us_web" EXE="build/us_web/sm64coopdx.html" EXTRA_CFLAGS="-Wno-format-security -Wno-trigraphs -DTARGET_WEB=1 -DUSE_GLES=1 -s USE_SDL=2 -s USE_ZLIB=1 -s FULL_ES2=1 " LDFLAGS="-s WASM=1 -s ALLOW_MEMORY_GROWTH=1 -s TOTAL_MEMORY=256MB -s USE_SDL=2 -s USE_ZLIB=1 -s FULL_ES2=1  -s EXPORTED_RUNTIME_METHODS='["ccall","cwrap"]' -s FORCE_FILESYSTEM=1 -s ASYNCIFY -s ASYNCIFY_STACK_SIZE=65536 --preload-file build/us_web/lang@/lang --preload-file build/us_web/dynos@/dynos --shell-file src/pc/web/shell.html -lidbfs.js -Llib/lua/web -l:liblua53.a" COMPILER=gcc
gmake[1]: Entering directory '/Users/jeffscottward/Documents/GitHub/fun/sm64coopdx'
==== Build Options ====
Version:        us
Microcode:      f3dex2e
Build Matching: no
=======================
Building tools...
gmake[2]: Entering directory '/Users/jeffscottward/Documents/GitHub/fun/sm64coopdx/tools'
gmake[2]: Nothing to be done for 'default'.
gmake[2]: Leaving directory '/Users/jeffscottward/Documents/GitHub/fun/sm64coopdx/tools'
Building Game...
Makefile:1217: warning: overriding recipe for target 'build/us_web/'
Makefile:1214: warning: ignoring old recipe for target 'build/us_web/'
Makefile:1220: warning: overriding recipe for target 'build/us_web/'
Makefile:1217: warning: ignoring old recipe for target 'build/us_web/'
[0;32mPreprocessing level make rules: [0;34mbuild/us_web/level_rules.mk [0m
==== Build Options ====
Version:        us
Microcode:      f3dex2e
Build Matching: no
=======================
Building tools...
gmake[2]: Entering directory '/Users/jeffscottward/Documents/GitHub/fun/sm64coopdx/tools'
gmake[2]: Nothing to be done for 'default'.
gmake[2]: Leaving directory '/Users/jeffscottward/Documents/GitHub/fun/sm64coopdx/tools'
Building Game...
Makefile:1217: warning: overriding recipe for target 'build/us_web/'
Makefile:1214: warning: ignoring old recipe for target 'build/us_web/'
Makefile:1220: warning: overriding recipe for target 'build/us_web/'
Makefile:1217: warning: ignoring old recipe for target 'build/us_web/'
[0;32mCompiling: [0;33msrc/engine/geo_layout.c[0;32m -> [0;34mbuild/us_web/src/engine/geo_layout.o[0m
[0;32mCompiling: [0;33msrc/engine/behavior_script.c[0;32m -> [0;34mbuild/us_web/src/engine/behavior_script.o[0m
[0;32mCompiling: [0;33msrc/engine/graph_node.c[0;32m -> [0;34mbuild/us_web/src/engine/graph_node.o[0m
[0;32mCompiling: [0;33msrc/engine/graph_node_manager.c[0;32m -> [0;34mbuild/us_web/src/engine/graph_node_manager.o[0m
[0;32mCompiling: [0;33msrc/engine/lighting_engine.c[0;32m -> [0;34mbuild/us_web/src/engine/lighting_engine.o[0m
[0;32mCompiling: [0;33msrc/engine/math_util.c[0;32m -> [0;34mbuild/us_web/src/engine/math_util.o[0m
[0;32mCompiling: [0;33msrc/engine/level_script.c[0;32m -> [0;34mbuild/us_web/src/engine/level_script.o[0m
[0;32mCompiling: [0;33msrc/engine/surface_collision.c[0;32m -> [0;34mbuild/us_web/src/engine/surface_collision.o[0m
emcc: warning: linker setting ignored during compilation: 'FULL_ES2' [-Wunused-command-line-argument]
emcc: warning: linker setting ignored during compilation: 'FULL_ES2' [-Wunused-command-line-argument]
emcc: warning: linker setting ignored during compilation: 'FULL_ES2' [-Wunused-command-line-argument]
emcc: warning: linker setting ignored during compilation: 'FULL_ES2' [-Wunused-command-line-argument]
emcc: warning: linker setting ignored during compilation: 'FULL_ES2' [-Wunused-command-line-argument]
emcc: warning: linker setting ignored during compilation: 'FULL_ES2' [-Wunused-command-line-argument]
emcc: warning: linker setting ignored during compilation: 'FULL_ES2' [-Wunused-command-line-argument]
emcc: warning: linker setting ignored during compilation: 'FULL_ES2' [-Wunused-command-line-argument]
src/engine/surface_collision.c:576:11: warning: unused variable 'unused8038BE50' [-Wunused-variable]
  576 | static u8 unused8038BE50[0x40];
      |           ^~~~~~~~~~~~~~
1 warning generated.
src/engine/behavior_script.c:43:13: warning: unused function 'goto_behavior_unused' [-Wunused-function]
   43 | static void goto_behavior_unused(const BehaviorScript *bhvAddr) {
      |             ^~~~~~~~~~~~~~~~~~~~
src/engine/behavior_script.c:150:13: warning: unused function 'stub_behavior_script_1' [-Wunused-function]
  150 | static void stub_behavior_script_1(void) {
      |             ^~~~~~~~~~~~~~~~~~~~~~
src/engine/behavior_script.c:746:13: warning: unused function 'bhv_cmd_set_int_random_from_table' [-Wunused-function]
  746 | static void bhv_cmd_set_int_random_from_table(s32 tableSize) {
      |             ^~~~~~~~~~~~~~~~~~~~~~~~~~~~~~~~~
3 warnings generated.
emcc: warning: linker setting ignored during compilation: 'FULL_ES2' [-Wunused-command-line-argument]
emcc: warning: linker setting ignored during compilation: 'FULL_ES2' [-Wunused-command-line-argument]
emcc: warning: linker setting ignored during compilation: 'FULL_ES2' [-Wunused-command-line-argument]
emcc: warning: linker setting ignored during compilation: 'FULL_ES2' [-Wunused-command-line-argument]
emcc: warning: linker setting ignored during compilation: 'FULL_ES2' [-Wunused-command-line-argument]
emcc: warning: linker setting ignored during compilation: 'FULL_ES2' [-Wunused-command-line-argument]
emcc: warning: linker setting ignored during compilation: 'FULL_ES2' [-Wunused-command-line-argument]
emcc: warning: linker setting ignored during compilation: 'FULL_ES2' [-Wunused-command-line-argument]
[0;32mCompiling: [0;33msrc/engine/surface_load.c[0;32m -> [0;34mbuild/us_web/src/engine/surface_load.o[0m
[0;32mCompiling: [0;33msrc/game/area.c[0;32m -> [0;34mbuild/us_web/src/game/area.o[0m
[0;32mCompiling: [0;33msrc/game/behavior_actions.c[0;32m -> [0;34mbuild/us_web/src/game/behavior_actions.o[0m
[0;32mCompiling: [0;33msrc/game/camera.c[0;32m -> [0;34mbuild/us_web/src/game/camera.o[0m
[0;32mExtracting codebook: [0;33msound/samples/sfx_custom_luigi/00_luigi_jump_hoo.aiff[0;32m -> [0;34mbuild/us_web/sound/samples/sfx_custom_luigi/00_luigi_jump_hoo.table[0m
[0;32mPiping: [0;33msound/samples/sfx_custom_luigi/00_luigi_jump_hoo.aiff[0;32m -> [0;34mbuild/us_web/sound/samples/sfx_custom_luigi/00_luigi_jump_hoo.table.inc.c[0m
[0;32mExtracting codebook: [0;33msound/samples/sfx_custom_luigi/01_luigi_jump_wah.aiff[0;32m -> [0;34mbuild/us_web/sound/samples/sfx_custom_luigi/01_luigi_jump_wah.table[0m
[0;32mExtracting codebook: [0;33msound/samples/sfx_custom_luigi/02_luigi_yah.aiff[0;32m -> [0;34mbuild/us_web/sound/samples/sfx_custom_luigi/02_luigi_yah.table[0m
[0;32mExtracting codebook: [0;33msound/samples/sfx_custom_luigi/03_luigi_haha.aiff[0;32m -> [0;34mbuild/us_web/sound/samples/sfx_custom_luigi/03_luigi_haha.table[0m
[0;32mExtracting codebook: [0;33msound/samples/sfx_custom_luigi/04_luigi_yahoo.aiff[0;32m -> [0;34mbuild/us_web/sound/samples/sfx_custom_luigi/04_luigi_yahoo.table[0m
[0;32mPiping: [0;33msound/samples/sfx_custom_luigi/01_luigi_jump_wah.aiff[0;32m -> [0;34mbuild/us_web/sound/samples/sfx_custom_luigi/01_luigi_jump_wah.table.inc.c[0m
[0;32mPiping: [0;33msound/samples/sfx_custom_luigi/02_luigi_yah.aiff[0;32m -> [0;34mbuild/us_web/sound/samples/sfx_custom_luigi/02_luigi_yah.table.inc.c[0m
[0;32mExtracting codebook: [0;33msound/samples/sfx_custom_luigi/05_luigi_uh.aiff[0;32m -> [0;34mbuild/us_web/sound/samples/sfx_custom_luigi/05_luigi_uh.table[0m
[0;32mExtracting codebook: [0;33msound/samples/sfx_custom_luigi/06_luigi_hrmm.aiff[0;32m -> [0;34mbuild/us_web/sound/samples/sfx_custom_luigi/06_luigi_hrmm.table[0m
[0;32mPiping: [0;33msound/samples/sfx_custom_luigi/03_luigi_haha.aiff[0;32m -> [0;34mbuild/us_web/sound/samples/sfx_custom_luigi/03_luigi_haha.table.inc.c[0m
[0;32mPiping: [0;33msound/samples/sfx_custom_luigi/04_luigi_yahoo.aiff[0;32m -> [0;34mbuild/us_web/sound/samples/sfx_custom_luigi/04_luigi_yahoo.table.inc.c[0m
[0;32mExtracting codebook: [0;33msound/samples/sfx_custom_luigi/07_luigi_wah2.aiff[0;32m -> [0;34mbuild/us_web/sound/samples/sfx_custom_luigi/07_luigi_wah2.table[0m
[0;32mExtracting codebook: [0;33msound/samples/sfx_custom_luigi/08_luigi_whoa.aiff[0;32m -> [0;34mbuild/us_web/sound/samples/sfx_custom_luigi/08_luigi_whoa.table[0m
[0;32mPiping: [0;33msound/samples/sfx_custom_luigi/05_luigi_uh.aiff[0;32m -> [0;34mbuild/us_web/sound/samples/sfx_custom_luigi/05_luigi_uh.table.inc.c[0m
[0;32mPiping: [0;33msound/samples/sfx_custom_luigi/06_luigi_hrmm.aiff[0;32m -> [0;34mbuild/us_web/sound/samples/sfx_custom_luigi/06_luigi_hrmm.table.inc.c[0m
[0;32mExtracting codebook: [0;33msound/samples/sfx_custom_luigi/09_luigi_eeuh.aiff[0;32m -> [0;34mbuild/us_web/sound/samples/sfx_custom_luigi/09_luigi_eeuh.table[0m
emcc: warning: linker setting ignored during compilation: 'FULL_ES2' [-Wunused-command-line-argument]
[0;32mPiping: [0;33msound/samples/sfx_custom_luigi/08_luigi_whoa.aiff[0;32m -> [0;34mbuild/us_web/sound/samples/sfx_custom_luigi/08_luigi_whoa.table.inc.c[0m
[0;32mPiping: [0;33msound/samples/sfx_custom_luigi/07_luigi_wah2.aiff[0;32m -> [0;34mbuild/us_web/sound/samples/sfx_custom_luigi/07_luigi_wah2.table.inc.c[0m
[0;32mExtracting codebook: [0;33msound/samples/sfx_custom_luigi/0A_luigi_attacked.aiff[0;32m -> [0;34mbuild/us_web/sound/samples/sfx_custom_luigi/0A_luigi_attacked.table[0m
[0;32mExtracting codebook: [0;33msound/samples/sfx_custom_luigi/0B_luigi_ooof.aiff[0;32m -> [0;34mbuild/us_web/sound/samples/sfx_custom_luigi/0B_luigi_ooof.table[0m
[0;32mExtracting codebook: [0;33msound/samples/sfx_custom_luigi/0C_luigi_here_we_go.aiff[0;32m -> [0;34mbuild/us_web/sound/samples/sfx_custom_luigi/0C_luigi_here_we_go.table[0m
[0;32mPiping: [0;33msound/samples/sfx_custom_luigi/09_luigi_eeuh.aiff[0;32m -> [0;34mbuild/us_web/sound/samples/sfx_custom_luigi/09_luigi_eeuh.table.inc.c[0m
[0;32mPiping: [0;33msound/samples/sfx_custom_luigi/0A_luigi_attacked.aiff[0;32m -> [0;34mbuild/us_web/sound/samples/sfx_custom_luigi/0A_luigi_attacked.table.inc.c[0m
[0;32mExtracting codebook: [0;33msound/samples/sfx_custom_luigi/0D_luigi_yawning.aiff[0;32m -> [0;34mbuild/us_web/sound/samples/sfx_custom_luigi/0D_luigi_yawning.table[0m
[0;32mPiping: [0;33msound/samples/sfx_custom_luigi/0B_luigi_ooof.aiff[0;32m -> [0;34mbuild/us_web/sound/samples/sfx_custom_luigi/0B_luigi_ooof.table.inc.c[0m
[0;32mExtracting codebook: [0;33msound/samples/sfx_custom_luigi/0E_luigi_snoring1.aiff[0;32m -> [0;34mbuild/us_web/sound/samples/sfx_custom_luigi/0E_luigi_snoring1.table[0m
[0;32mPiping: [0;33msound/samples/sfx_custom_luigi/0C_luigi_here_we_go.aiff[0;32m -> [0;34mbuild/us_web/sound/samples/sfx_custom_luigi/0C_luigi_here_we_go.table.inc.c[0m
[0;32mExtracting codebook: [0;33msound/samples/sfx_custom_luigi/0F_luigi_snoring2.aiff[0;32m -> [0;34mbuild/us_web/sound/samples/sfx_custom_luigi/0F_luigi_snoring2.table[0m
[0;32mExtracting codebook: [0;33msound/samples/sfx_custom_luigi/10_luigi_doh.aiff[0;32m -> [0;34mbuild/us_web/sound/samples/sfx_custom_luigi/10_luigi_doh.table[0m
emcc: warning: linker setting ignored during compilation: 'FULL_ES2' [-Wunused-command-line-argument]
[0;32mPiping: [0;33msound/samples/sfx_custom_luigi/0D_luigi_yawning.aiff[0;32m -> [0;34mbuild/us_web/sound/samples/sfx_custom_luigi/0D_luigi_yawning.table.inc.c[0m
[0;32mPiping: [0;33msound/samples/sfx_custom_luigi/0E_luigi_snoring1.aiff[0;32m -> [0;34mbuild/us_web/sound/samples/sfx_custom_luigi/0E_luigi_snoring1.table.inc.c[0m
[0;32mExtracting codebook: [0;33msound/samples/sfx_custom_luigi/11_luigi_game_over.aiff[0;32m -> [0;34mbuild/us_web/sound/samples/sfx_custom_luigi/11_luigi_game_over.table[0m
[0;32mExtracting codebook: [0;33msound/samples/sfx_custom_luigi/12_luigi_hello.aiff[0;32m -> [0;34mbuild/us_web/sound/samples/sfx_custom_luigi/12_luigi_hello.table[0m
[0;32mPiping: [0;33msound/samples/sfx_custom_luigi/0F_luigi_snoring2.aiff[0;32m -> [0;34mbuild/us_web/sound/samples/sfx_custom_luigi/0F_luigi_snoring2.table.inc.c[0m
[0;32mPiping: [0;33msound/samples/sfx_custom_luigi/10_luigi_doh.aiff[0;32m -> [0;34mbuild/us_web/sound/samples/sfx_custom_luigi/10_luigi_doh.table.inc.c[0m
[0;32mExtracting codebook: [0;33msound/samples/sfx_custom_luigi/13_luigi_press_start_to_play.aiff[0;32m -> [0;34mbuild/us_web/sound/samples/sfx_custom_luigi/13_luigi_press_start_to_play.table[0m
emcc: warning: linker setting ignored during compilation: 'FULL_ES2' [-Wunused-command-line-argument]
[0;32mExtracting codebook: [0;33msound/samples/sfx_custom_luigi/14_luigi_twirl_bounce.aiff[0;32m -> [0;34mbuild/us_web/sound/samples/sfx_custom_luigi/14_luigi_twirl_bounce.table[0m
[0;32mPiping: [0;33msound/samples/sfx_custom_luigi/11_luigi_game_over.aiff[0;32m -> [0;34mbuild/us_web/sound/samples/sfx_custom_luigi/11_luigi_game_over.table.inc.c[0m
[0;32mPiping: [0;33msound/samples/sfx_custom_luigi/12_luigi_hello.aiff[0;32m -> [0;34mbuild/us_web/sound/samples/sfx_custom_luigi/12_luigi_hello.table.inc.c[0m
[0;32mExtracting codebook: [0;33msound/samples/sfx_custom_luigi/15_luigi_snoring3.aiff[0;32m -> [0;34mbuild/us_web/sound/samples/sfx_custom_luigi/15_luigi_snoring3.table[0m
[0;32mExtracting codebook: [0;33msound/samples/sfx_custom_luigi/16_luigi_so_longa_bowser.aiff[0;32m -> [0;34mbuild/us_web/sound/samples/sfx_custom_luigi/16_luigi_so_longa_bowser.table[0m
[0;32mPiping: [0;33msound/samples/sfx_custom_luigi/13_luigi_press_start_to_play.aiff[0;32m -> [0;34mbuild/us_web/sound/samples/sfx_custom_luigi/13_luigi_press_start_to_play.table.inc.c[0m
[0;32mPiping: [0;33msound/samples/sfx_custom_luigi/14_luigi_twirl_bounce.aiff[0;32m -> [0;34mbuild/us_web/sound/samples/sfx_custom_luigi/14_luigi_twirl_bounce.table.inc.c[0m
[0;32mExtracting codebook: [0;33msound/samples/sfx_custom_luigi/17_luigi_ima_tired.aiff[0;32m -> [0;34mbuild/us_web/sound/samples/sfx_custom_luigi/17_luigi_ima_tired.table[0m
[0;32mExtracting codebook: [0;33msound/samples/sfx_custom_luigi/18_luigi_waha.aiff[0;32m -> [0;34mbuild/us_web/sound/samples/sfx_custom_luigi/18_luigi_waha.table[0m
emcc: warning: linker setting ignored during compilation: 'FULL_ES2' [-Wunused-command-line-argument]
[0;32mPiping: [0;33msound/samples/sfx_custom_luigi/15_luigi_snoring3.aiff[0;32m -> [0;34mbuild/us_web/sound/samples/sfx_custom_luigi/15_luigi_snoring3.table.inc.c[0m
[0;32mPiping: [0;33msound/samples/sfx_custom_luigi/16_luigi_so_longa_bowser.aiff[0;32m -> [0;34mbuild/us_web/sound/samples/sfx_custom_luigi/16_luigi_so_longa_bowser.table.inc.c[0m
[0;32mExtracting codebook: [0;33msound/samples/sfx_custom_luigi/1A_luigi_lets_a_go.aiff[0;32m -> [0;34mbuild/us_web/sound/samples/sfx_custom_luigi/1A_luigi_lets_a_go.table[0m
[0;32mExtracting codebook: [0;33msound/samples/sfx_custom_luigi/19_luigi_yippee.aiff[0;32m -> [0;34mbuild/us_web/sound/samples/sfx_custom_luigi/19_luigi_yippee.table[0m
[0;32mPiping: [0;33msound/samples/sfx_custom_luigi/17_luigi_ima_tired.aiff[0;32m -> [0;34mbuild/us_web/sound/samples/sfx_custom_luigi/17_luigi_ima_tired.table.inc.c[0m
[0;32mPiping: [0;33msound/samples/sfx_custom_luigi/18_luigi_waha.aiff[0;32m -> [0;34mbuild/us_web/sound/samples/sfx_custom_luigi/18_luigi_waha.table.inc.c[0m
[0;32mExtracting codebook: [0;33msound/samples/sfx_custom_luigi_peach/00_luigi_waaaooow.aiff[0;32m -> [0;34mbuild/us_web/sound/samples/sfx_custom_luigi_peach/00_luigi_waaaooow.table[0m
[0;32mExtracting codebook: [0;33msound/samples/sfx_custom_luigi_peach/01_luigi_hoohoo.aiff[0;32m -> [0;34mbuild/us_web/sound/samples/sfx_custom_luigi_peach/01_luigi_hoohoo.table[0m
[0;32mPiping: [0;33msound/samples/sfx_custom_luigi/19_luigi_yippee.aiff[0;32m -> [0;34mbuild/us_web/sound/samples/sfx_custom_luigi/19_luigi_yippee.table.inc.c[0m
[0;32mPiping: [0;33msound/samples/sfx_custom_luigi/1A_luigi_lets_a_go.aiff[0;32m -> [0;34mbuild/us_web/sound/samples/sfx_custom_luigi/1A_luigi_lets_a_go.table.inc.c[0m
[0;32mExtracting codebook: [0;33msound/samples/sfx_custom_luigi_peach/03_luigi_dying.aiff[0;32m -> [0;34mbuild/us_web/sound/samples/sfx_custom_luigi_peach/03_luigi_dying.table[0m
[0;32mPiping: [0;33msound/samples/sfx_custom_luigi_peach/00_luigi_waaaooow.aiff[0;32m -> [0;34mbuild/us_web/sound/samples/sfx_custom_luigi_peach/00_luigi_waaaooow.table.inc.c[0m
[0;32mExtracting codebook: [0;33msound/samples/sfx_custom_luigi_peach/02_luigi_panting.aiff[0;32m -> [0;34mbuild/us_web/sound/samples/sfx_custom_luigi_peach/02_luigi_panting.table[0m
[0;32mPiping: [0;33msound/samples/sfx_custom_luigi_peach/01_luigi_hoohoo.aiff[0;32m -> [0;34mbuild/us_web/sound/samples/sfx_custom_luigi_peach/01_luigi_hoohoo.table.inc.c[0m
[0;32mExtracting codebook: [0;33msound/samples/sfx_custom_luigi_peach/04_luigi_on_fire.aiff[0;32m -> [0;34mbuild/us_web/sound/samples/sfx_custom_luigi_peach/04_luigi_on_fire.table[0m
[0;32mExtracting codebook: [0;33msound/samples/sfx_custom_luigi_peach/05_luigi_uh2.aiff[0;32m -> [0;34mbuild/us_web/sound/samples/sfx_custom_luigi_peach/05_luigi_uh2.table[0m
[0;32mPiping: [0;33msound/samples/sfx_custom_luigi_peach/03_luigi_dying.aiff[0;32m -> [0;34mbuild/us_web/sound/samples/sfx_custom_luigi_peach/03_luigi_dying.table.inc.c[0m
[0;32mPiping: [0;33msound/samples/sfx_custom_luigi_peach/02_luigi_panting.aiff[0;32m -> [0;34mbuild/us_web/sound/samples/sfx_custom_luigi_peach/02_luigi_panting.table.inc.c[0m
[0;32mExtracting codebook: [0;33msound/samples/sfx_custom_luigi_peach/06_luigi_coughing.aiff[0;32m -> [0;34mbuild/us_web/sound/samples/sfx_custom_luigi_peach/06_luigi_coughing.table[0m
[0;32mExtracting codebook: [0;33msound/samples/sfx_custom_luigi_peach/07_luigi_its_a_me_mario.aiff[0;32m -> [0;34mbuild/us_web/sound/samples/sfx_custom_luigi_peach/07_luigi_its_a_me_mario.table[0m
[0;32mPiping: [0;33msound/samples/sfx_custom_luigi_peach/05_luigi_uh2.aiff[0;32m -> [0;34mbuild/us_web/sound/samples/sfx_custom_luigi_peach/05_luigi_uh2.table.inc.c[0m
[0;32mPiping: [0;33msound/samples/sfx_custom_luigi_peach/04_luigi_on_fire.aiff[0;32m -> [0;34mbuild/us_web/sound/samples/sfx_custom_luigi_peach/04_luigi_on_fire.table.inc.c[0m
[0;32mExtracting codebook: [0;33msound/samples/sfx_custom_luigi_peach/08_luigi_punch_yah.aiff[0;32m -> [0;34mbuild/us_web/sound/samples/sfx_custom_luigi_peach/08_luigi_punch_yah.table[0m
[0;32mExtracting codebook: [0;33msound/samples/sfx_custom_luigi_peach/09_luigi_punch_hoo.aiff[0;32m -> [0;34mbuild/us_web/sound/samples/sfx_custom_luigi_peach/09_luigi_punch_hoo.table[0m
[0;32mPiping: [0;33msound/samples/sfx_custom_luigi_peach/06_luigi_coughing.aiff[0;32m -> [0;34mbuild/us_web/sound/samples/sfx_custom_luigi_peach/06_luigi_coughing.table.inc.c[0m
In file included from src/game/area.c:27:
In file included from src/pc/lua/smlua_hooks.h:7:
In file included from src/pc/lua/smlua.h:19:
src/pc/debuglog.h:39:13: warning: unused function '_debuglog_print_log' [-Wunused-function]
   39 | static void _debuglog_print_log(const char* logType, char* filename) {
      |             ^~~~~~~~~~~~~~~~~~~
1 warning generated.
[0;32mPiping: [0;33msound/samples/sfx_custom_luigi_peach/07_luigi_its_a_me_mario.aiff[0;32m -> [0;34mbuild/us_web/sound/samples/sfx_custom_luigi_peach/07_luigi_its_a_me_mario.table.inc.c[0m
[0;32mExtracting codebook: [0;33msound/samples/sfx_custom_luigi_peach/0A_luigi_mama_mia.aiff[0;32m -> [0;34mbuild/us_web/sound/samples/sfx_custom_luigi_peach/0A_luigi_mama_mia.table[0m
[0;32mPiping: [0;33msound/samples/sfx_custom_luigi_peach/08_luigi_punch_yah.aiff[0;32m -> [0;34mbuild/us_web/sound/samples/sfx_custom_luigi_peach/08_luigi_punch_yah.table.inc.c[0m
[0;32mExtracting codebook: [0;33msound/samples/sfx_custom_luigi_peach/0B_luigi_okey_dokey.aiff[0;32m -> [0;34mbuild/us_web/sound/samples/sfx_custom_luigi_peach/0B_luigi_okey_dokey.table[0m
[0;32mPiping: [0;33msound/samples/sfx_custom_luigi_peach/09_luigi_punch_hoo.aiff[0;32m -> [0;34mbuild/us_web/sound/samples/sfx_custom_luigi_peach/09_luigi_punch_hoo.table.inc.c[0m
[0;32mExtracting codebook: [0;33msound/samples/sfx_custom_luigi_peach/0C_luigi_drowning.aiff[0;32m -> [0;34mbuild/us_web/sound/samples/sfx_custom_luigi_peach/0C_luigi_drowning.table[0m
[0;32mExtracting codebook: [0;33msound/samples/sfx_custom_luigi_peach/0D_luigi_thank_you_playing_my_game.aiff[0;32m -> [0;34mbuild/us_web/sound/samples/sfx_custom_luigi_peach/0D_luigi_thank_you_playing_my_game.table[0m
[0;32mPiping: [0;33msound/samples/sfx_custom_luigi_peach/0A_luigi_mama_mia.aiff[0;32m -> [0;34mbuild/us_web/sound/samples/sfx_custom_luigi_peach/0A_luigi_mama_mia.table.inc.c[0m
[0;32mPiping: [0;33msound/samples/sfx_custom_luigi_peach/0B_luigi_okey_dokey.aiff[0;32m -> [0;34mbuild/us_web/sound/samples/sfx_custom_luigi_peach/0B_luigi_okey_dokey.table.inc.c[0m
[0;32mPiping: [0;33msound/samples/sfx_custom_luigi_peach/0C_luigi_drowning.aiff[0;32m -> [0;34mbuild/us_web/sound/samples/sfx_custom_luigi_peach/0C_luigi_drowning.table.inc.c[0m
[0;32mExtracting codebook: [0;33msound/samples/sfx_custom_toad/00_toad_jump_hoo.aiff[0;32m -> [0;34mbuild/us_web/sound/samples/sfx_custom_toad/00_toad_jump_hoo.table[0m
[0;32mPiping: [0;33msound/samples/sfx_custom_luigi_peach/0D_luigi_thank_you_playing_my_game.aiff[0;32m -> [0;34mbuild/us_web/sound/samples/sfx_custom_luigi_peach/0D_luigi_thank_you_playing_my_game.table.inc.c[0m
[0;32mExtracting codebook: [0;33msound/samples/sfx_custom_toad/01_toad_jump_wah.aiff[0;32m -> [0;34mbuild/us_web/sound/samples/sfx_custom_toad/01_toad_jump_wah.table[0m
[0;32mExtracting codebook: [0;33msound/samples/sfx_custom_toad/02_toad_yah.aiff[0;32m -> [0;34mbuild/us_web/sound/samples/sfx_custom_toad/02_toad_yah.table[0m
[0;32mExtracting codebook: [0;33msound/samples/sfx_custom_toad/03_toad_haha.aiff[0;32m -> [0;34mbuild/us_web/sound/samples/sfx_custom_toad/03_toad_haha.table[0m
[0;32mPiping: [0;33msound/samples/sfx_custom_toad/00_toad_jump_hoo.aiff[0;32m -> [0;34mbuild/us_web/sound/samples/sfx_custom_toad/00_toad_jump_hoo.table.inc.c[0m
[0;32mPiping: [0;33msound/samples/sfx_custom_toad/01_toad_jump_wah.aiff[0;32m -> [0;34mbuild/us_web/sound/samples/sfx_custom_toad/01_toad_jump_wah.table.inc.c[0m
[0;32mExtracting codebook: [0;33msound/samples/sfx_custom_toad/04_toad_yahoo.aiff[0;32m -> [0;34mbuild/us_web/sound/samples/sfx_custom_toad/04_toad_yahoo.table[0m
[0;32mPiping: [0;33msound/samples/sfx_custom_toad/02_toad_yah.aiff[0;32m -> [0;34mbuild/us_web/sound/samples/sfx_custom_toad/02_toad_yah.table.inc.c[0m
[0;32mPiping: [0;33msound/samples/sfx_custom_toad/03_toad_haha.aiff[0;32m -> [0;34mbuild/us_web/sound/samples/sfx_custom_toad/03_toad_haha.table.inc.c[0m
[0;32mExtracting codebook: [0;33msound/samples/sfx_custom_toad/05_toad_uh.aiff[0;32m -> [0;34mbuild/us_web/sound/samples/sfx_custom_toad/05_toad_uh.table[0m
[0;32mExtracting codebook: [0;33msound/samples/sfx_custom_toad/06_toad_hrmm.aiff[0;32m -> [0;34mbuild/us_web/sound/samples/sfx_custom_toad/06_toad_hrmm.table[0m
[0;32mExtracting codebook: [0;33msound/samples/sfx_custom_toad/07_toad_wah2.aiff[0;32m -> [0;34mbuild/us_web/sound/samples/sfx_custom_toad/07_toad_wah2.table[0m
[0;32mPiping: [0;33msound/samples/sfx_custom_toad/04_toad_yahoo.aiff[0;32m -> [0;34mbuild/us_web/sound/samples/sfx_custom_toad/04_toad_yahoo.table.inc.c[0m
[0;32mExtracting codebook: [0;33msound/samples/sfx_custom_toad/08_toad_whoa.aiff[0;32m -> [0;34mbuild/us_web/sound/samples/sfx_custom_toad/08_toad_whoa.table[0m
[0;32mPiping: [0;33msound/samples/sfx_custom_toad/05_toad_uh.aiff[0;32m -> [0;34mbuild/us_web/sound/samples/sfx_custom_toad/05_toad_uh.table.inc.c[0m
[0;32mPiping: [0;33msound/samples/sfx_custom_toad/06_toad_hrmm.aiff[0;32m -> [0;34mbuild/us_web/sound/samples/sfx_custom_toad/06_toad_hrmm.table.inc.c[0m
[0;32mPiping: [0;33msound/samples/sfx_custom_toad/07_toad_wah2.aiff[0;32m -> [0;34mbuild/us_web/sound/samples/sfx_custom_toad/07_toad_wah2.table.inc.c[0m
[0;32mExtracting codebook: [0;33msound/samples/sfx_custom_toad/09_toad_eeuh.aiff[0;32m -> [0;34mbuild/us_web/sound/samples/sfx_custom_toad/09_toad_eeuh.table[0m
[0;32mExtracting codebook: [0;33msound/samples/sfx_custom_toad/0B_toad_ooof.aiff[0;32m -> [0;34mbuild/us_web/sound/samples/sfx_custom_toad/0B_toad_ooof.table[0m
[0;32mExtracting codebook: [0;33msound/samples/sfx_custom_toad/0A_toad_attacked.aiff[0;32m -> [0;34mbuild/us_web/sound/samples/sfx_custom_toad/0A_toad_attacked.table[0m
[0;32mPiping: [0;33msound/samples/sfx_custom_toad/08_toad_whoa.aiff[0;32m -> [0;34mbuild/us_web/sound/samples/sfx_custom_toad/08_toad_whoa.table.inc.c[0m
[0;32mPiping: [0;33msound/samples/sfx_custom_toad/09_toad_eeuh.aiff[0;32m -> [0;34mbuild/us_web/sound/samples/sfx_custom_toad/09_toad_eeuh.table.inc.c[0m
[0;32mExtracting codebook: [0;33msound/samples/sfx_custom_toad/0C_toad_here_we_go.aiff[0;32m -> [0;34mbuild/us_web/sound/samples/sfx_custom_toad/0C_toad_here_we_go.table[0m
[0;32mPiping: [0;33msound/samples/sfx_custom_toad/0A_toad_attacked.aiff[0;32m -> [0;34mbuild/us_web/sound/samples/sfx_custom_toad/0A_toad_attacked.table.inc.c[0m
[0;32mPiping: [0;33msound/samples/sfx_custom_toad/0B_toad_ooof.aiff[0;32m -> [0;34mbuild/us_web/sound/samples/sfx_custom_toad/0B_toad_ooof.table.inc.c[0m
[0;32mExtracting codebook: [0;33msound/samples/sfx_custom_toad/0D_toad_yawning.aiff[0;32m -> [0;34mbuild/us_web/sound/samples/sfx_custom_toad/0D_toad_yawning.table[0m
[0;32mExtracting codebook: [0;33msound/samples/sfx_custom_toad/0E_toad_snoring1.aiff[0;32m -> [0;34mbuild/us_web/sound/samples/sfx_custom_toad/0E_toad_snoring1.table[0m
[0;32mExtracting codebook: [0;33msound/samples/sfx_custom_toad/0F_toad_snoring2.aiff[0;32m -> [0;34mbuild/us_web/sound/samples/sfx_custom_toad/0F_toad_snoring2.table[0m
[0;32mPiping: [0;33msound/samples/sfx_custom_toad/0C_toad_here_we_go.aiff[0;32m -> [0;34mbuild/us_web/sound/samples/sfx_custom_toad/0C_toad_here_we_go.table.inc.c[0m
[0;32mPiping: [0;33msound/samples/sfx_custom_toad/0D_toad_yawning.aiff[0;32m -> [0;34mbuild/us_web/sound/samples/sfx_custom_toad/0D_toad_yawning.table.inc.c[0m
[0;32mExtracting codebook: [0;33msound/samples/sfx_custom_toad/10_toad_doh.aiff[0;32m -> [0;34mbuild/us_web/sound/samples/sfx_custom_toad/10_toad_doh.table[0m
[0;32mPiping: [0;33msound/samples/sfx_custom_toad/0E_toad_snoring1.aiff[0;32m -> [0;34mbuild/us_web/sound/samples/sfx_custom_toad/0E_toad_snoring1.table.inc.c[0m
[0;32mPiping: [0;33msound/samples/sfx_custom_toad/0F_toad_snoring2.aiff[0;32m -> [0;34mbuild/us_web/sound/samples/sfx_custom_toad/0F_toad_snoring2.table.inc.c[0m
[0;32mExtracting codebook: [0;33msound/samples/sfx_custom_toad/11_toad_game_over.aiff[0;32m -> [0;34mbuild/us_web/sound/samples/sfx_custom_toad/11_toad_game_over.table[0m
[0;32mExtracting codebook: [0;33msound/samples/sfx_custom_toad/12_toad_hello.aiff[0;32m -> [0;34mbuild/us_web/sound/samples/sfx_custom_toad/12_toad_hello.table[0m
In file included from src/game/camera.c:37:
In file included from src/pc/lua/smlua_hooks.h:7:
In file included from src/pc/lua/smlua.h:19:
src/pc/debuglog.h:39:13: warning: unused function '_debuglog_print_log' [-Wunused-function]
   39 | static void _debuglog_print_log(const char* logType, char* filename) {
      |             ^~~~~~~~~~~~~~~~~~~
src/game/camera.c:1784:13: warning: unused function 'stub_camera_1' [-Wunused-function]
 1784 | static void stub_camera_1(UNUSED s32 unused) {
      |             ^~~~~~~~~~~~~
src/game/camera.c:5617:13: warning: unused function 'unused_set_pos_rel_mario' [-Wunused-function]
 5617 | static void unused_set_pos_rel_mario(struct Camera *c, f32 leftRight, f32 yOff, f32 forwBack, s16 yawOff) [0;32mExtracting codebook: [0;33msound/samples/sfx_custom_toad/13_toad_press_start_to_play.aiff[0;32m -> [0;34mbuild/us_web/sound/samples/sfx_custom_toad/13_toad_press_start_to_play.table[0m
{
      |             ^~~~~~~~~~~~~~~~~~~~~~~~
src/game/camera.c:7609:13: warning: unused function 'stub_camera_5' [-Wunused-function]
 7609 | static void stub_camera_5(UNUSED struct Camera *c) {
      |             ^~~~~~~~~~~~~
src/game/camera.c:8136:24: warning: unused function 'cutscene_dance_unused' [-Wunused-function]
 8136 | static BAD_RETURN(s32) cutscene_dance_unused(UNUSED struct Camera *c) {
      |                        ^~~~~~~~~~~~~~~~~~~~~
src/game/camera.c:9092:13: warning: unused function 'unused_water_death_move_to_side_of_mario' [-Wunused-function]
 9092 | static void unused_water_death_move_to_side_of_mario(struct Camera *c) {
      |             ^~~~~~~~~~~~~~~~~~~~~~~~~~~~~~~~~~~~~~~~
src/game/camera.c:9380:13: warning: unused function 'unused_cutscene_goto_cvar' [-Wunused-function]
 9380 | static void unused_cutscene_goto_cvar(struct Camera *c) {
      |             ^~~~~~~~~~~~~~~~~~~~~~~~~
src/game/camera.c:9546:13: warning: unused function 'unused_cam_to_mario' [-Wunused-function]
 9546 | static void unused_cam_to_mario(struct Camera *c) {
      |             ^~~~~~~~~~~~~~~~~~~
8 warnings generated.
[0;32mPiping: [0;33msound/samples/sfx_custom_toad/10_toad_doh.aiff[0;32m -> [0;34mbuild/us_web/sound/samples/sfx_custom_toad/10_toad_doh.table.inc.c[0m
[0;32mPiping: [0;33msound/samples/sfx_custom_toad/12_toad_hello.aiff[0;32m -> [0;34mbuild/us_web/sound/samples/sfx_custom_toad/12_toad_hello.table.inc.c[0m
[0;32mPiping: [0;33msound/samples/sfx_custom_toad/11_toad_game_over.aiff[0;32m -> [0;34mbuild/us_web/sound/samples/sfx_custom_toad/11_toad_game_over.table.inc.c[0m
[0;32mExtracting codebook: [0;33msound/samples/sfx_custom_toad/14_toad_twirl_bounce.aiff[0;32m -> [0;34mbuild/us_web/sound/samples/sfx_custom_toad/14_toad_twirl_bounce.table[0m
[0;32mExtracting codebook: [0;33msound/samples/sfx_custom_toad/15_toad_snoring3.aiff[0;32m -> [0;34mbuild/us_web/sound/samples/sfx_custom_toad/15_toad_snoring3.table[0m
[0;32mExtracting codebook: [0;33msound/samples/sfx_custom_toad/16_toad_so_longa_bowser.aiff[0;32m -> [0;34mbuild/us_web/sound/samples/sfx_custom_toad/16_toad_so_longa_bowser.table[0m
[0;32mPiping: [0;33msound/samples/sfx_custom_toad/13_toad_press_start_to_play.aiff[0;32m -> [0;34mbuild/us_web/sound/samples/sfx_custom_toad/13_toad_press_start_to_play.table.inc.c[0m
In file included from src/game/behavior_actions.c:49:
In file included from src/pc/lua/smlua_hooks.h:7:
In file included from src/pc/lua/smlua.h:19:
src/pc/debuglog.h:39:13: warning: unused function '_debuglog_print_log' [-Wunused-function]
   39 | static void _debuglog_print_log(const char* logType, char* filename) {
      |             ^~~~~~~~~~~~~~~~~~~
In file included from src/game/behavior_actions.c:205:
src/game/behaviors/bowser.inc.c:248:13: warning: unused function 'bowser_debug_actions' [-Wunused-function]
  248 | static void bowser_debug_actions(void) // unused
      |             ^~~~~~~~~~~~~~~~~~~~
In file included from src/game/behavior_actions.c:214:
src/game/behaviors/ukiki.inc.c:534:13: warning: unused function 'ukiki_blink_timer' [-Wunused-function]
  534 | static void ukiki_blink_timer(void) {
      |             ^~~~~~~~~~~~~~~~~
3 warnings generated.
emcc: warning: linker setting ignored during compilation: 'FULL_ES2' [-Wunused-command-line-argument]
[0;32mExtracting codebook: [0;33msound/samples/sfx_custom_toad/17_toad_ima_tired.aiff[0;32m -> [0;34mbuild/us_web/sound/samples/sfx_custom_toad/17_toad_ima_tired.table[0m
[0;32mPiping: [0;33msound/samples/sfx_custom_toad/14_toad_twirl_bounce.aiff[0;32m -> [0;34mbuild/us_web/sound/samples/sfx_custom_toad/14_toad_twirl_bounce.table.inc.c[0m
[0;32mPiping: [0;33msound/samples/sfx_custom_toad/16_toad_so_longa_bowser.aiff[0;32m -> [0;34mbuild/us_web/sound/samples/sfx_custom_toad/16_toad_so_longa_bowser.table.inc.c[0m
[0;32mExtracting codebook: [0;33msound/samples/sfx_custom_toad/18_toad_waha.aiff[0;32m -> [0;34mbuild/us_web/sound/samples/sfx_custom_toad/18_toad_waha.table[0m
[0;32mExtracting codebook: [0;33msound/samples/sfx_custom_toad/19_toad_yippee.aiff[0;32m -> [0;34mbuild/us_web/sound/samples/sfx_custom_toad/19_toad_yippee.table[0m
[0;32mPiping: [0;33msound/samples/sfx_custom_toad/15_toad_snoring3.aiff[0;32m -> [0;34mbuild/us_web/sound/samples/sfx_custom_toad/15_toad_snoring3.table.inc.c[0m
[0;32mExtracting codebook: [0;33msound/samples/sfx_custom_toad/1A_toad_lets_a_go.aiff[0;32m -> [0;34mbuild/us_web/sound/samples/sfx_custom_toad/1A_toad_lets_a_go.table[0m
[0;32mPiping: [0;33msound/samples/sfx_custom_toad/17_toad_ima_tired.aiff[0;32m -> [0;34mbuild/us_web/sound/samples/sfx_custom_toad/17_toad_ima_tired.table.inc.c[0m
[0;32mPiping: [0;33msound/samples/sfx_custom_toad/18_toad_waha.aiff[0;32m -> [0;34mbuild/us_web/sound/samples/sfx_custom_toad/18_toad_waha.table.inc.c[0m
[0;32mExtracting codebook: [0;33msound/samples/sfx_custom_toad_peach/00_toad_waaaooow.aiff[0;32m -> [0;34mbuild/us_web/sound/samples/sfx_custom_toad_peach/00_toad_waaaooow.table[0m
emcc: warning: linker setting ignored during compilation: 'FULL_ES2' [-Wunused-command-line-argument]
[0;32mPiping: [0;33msound/samples/sfx_custom_toad/19_toad_yippee.aiff[0;32m -> [0;34mbuild/us_web/sound/samples/sfx_custom_toad/19_toad_yippee.table.inc.c[0m
[0;32mExtracting codebook: [0;33msound/samples/sfx_custom_toad_peach/01_toad_hoohoo.aiff[0;32m -> [0;34mbuild/us_web/sound/samples/sfx_custom_toad_peach/01_toad_hoohoo.table[0m
[0;32mPiping: [0;33msound/samples/sfx_custom_toad/1A_toad_lets_a_go.aiff[0;32m -> [0;34mbuild/us_web/sound/samples/sfx_custom_toad/1A_toad_lets_a_go.table.inc.c[0m
[0;32mExtracting codebook: [0;33msound/samples/sfx_custom_toad_peach/02_toad_panting.aiff[0;32m -> [0;34mbuild/us_web/sound/samples/sfx_custom_toad_peach/02_toad_panting.table[0m
[0;32mExtracting codebook: [0;33msound/samples/sfx_custom_toad_peach/03_toad_dying.aiff[0;32m -> [0;34mbuild/us_web/sound/samples/sfx_custom_toad_peach/03_toad_dying.table[0m
[0;32mPiping: [0;33msound/samples/sfx_custom_toad_peach/00_toad_waaaooow.aiff[0;32m -> [0;34mbuild/us_web/sound/samples/sfx_custom_toad_peach/00_toad_waaaooow.table.inc.c[0m
[0;32mPiping: [0;33msound/samples/sfx_custom_toad_peach/01_toad_hoohoo.aiff[0;32m -> [0;34mbuild/us_web/sound/samples/sfx_custom_toad_peach/01_toad_hoohoo.table.inc.c[0m
[0;32mExtracting codebook: [0;33msound/samples/sfx_custom_toad_peach/04_toad_on_fire.aiff[0;32m -> [0;34mbuild/us_web/sound/samples/sfx_custom_toad_peach/04_toad_on_fire.table[0m
[0;32mPiping: [0;33msound/samples/sfx_custom_toad_peach/02_toad_panting.aiff[0;32m -> [0;34mbuild/us_web/sound/samples/sfx_custom_toad_peach/02_toad_panting.table.inc.c[0m
[0;32mExtracting codebook: [0;33msound/samples/sfx_custom_toad_peach/05_toad_uh2.aiff[0;32m -> [0;34mbuild/us_web/sound/samples/sfx_custom_toad_peach/05_toad_uh2.table[0m
[0;32mPiping: [0;33msound/samples/sfx_custom_toad_peach/03_toad_dying.aiff[0;32m -> [0;34mbuild/us_web/sound/samples/sfx_custom_toad_peach/03_toad_dying.table.inc.c[0m
[0;32mExtracting codebook: [0;33msound/samples/sfx_custom_toad_peach/06_toad_coughing.aiff[0;32m -> [0;34mbuild/us_web/sound/samples/sfx_custom_toad_peach/06_toad_coughing.table[0m
[0;32mExtracting codebook: [0;33msound/samples/sfx_custom_toad_peach/07_toad_its_a_me_mario.aiff[0;32m -> [0;34mbuild/us_web/sound/samples/sfx_custom_toad_peach/07_toad_its_a_me_mario.table[0m
[0;32mPiping: [0;33msound/samples/sfx_custom_toad_peach/04_toad_on_fire.aiff[0;32m -> [0;34mbuild/us_web/sound/samples/sfx_custom_toad_peach/04_toad_on_fire.table.inc.c[0m
[0;32mPiping: [0;33msound/samples/sfx_custom_toad_peach/05_toad_uh2.aiff[0;32m -> [0;34mbuild/us_web/sound/samples/sfx_custom_toad_peach/05_toad_uh2.table.inc.c[0m
[0;32mPiping: [0;33msound/samples/sfx_custom_toad_peach/06_toad_coughing.aiff[0;32m -> [0;34mbuild/us_web/sound/samples/sfx_custom_toad_peach/06_toad_coughing.table.inc.c[0m
[0;32mExtracting codebook: [0;33msound/samples/sfx_custom_toad_peach/08_toad_punch_yah.aiff[0;32m -> [0;34mbuild/us_web/sound/samples/sfx_custom_toad_peach/08_toad_punch_yah.table[0m
[0;32mPiping: [0;33msound/samples/sfx_custom_toad_peach/07_toad_its_a_me_mario.aiff[0;32m -> [0;34mbuild/us_web/sound/samples/sfx_custom_toad_peach/07_toad_its_a_me_mario.table.inc.c[0m
[0;32mExtracting codebook: [0;33msound/samples/sfx_custom_toad_peach/09_toad_punch_hoo.aiff[0;32m -> [0;34mbuild/us_web/sound/samples/sfx_custom_toad_peach/09_toad_punch_hoo.table[0m
[0;32mExtracting codebook: [0;33msound/samples/sfx_custom_toad_peach/0A_toad_mama_mia.aiff[0;32m -> [0;34mbuild/us_web/sound/samples/sfx_custom_toad_peach/0A_toad_mama_mia.table[0m
[0;32mExtracting codebook: [0;33msound/samples/sfx_custom_toad_peach/0B_toad_okey_dokey.aiff[0;32m -> [0;34mbuild/us_web/sound/samples/sfx_custom_toad_peach/0B_toad_okey_dokey.table[0m
[0;32mPiping: [0;33msound/samples/sfx_custom_toad_peach/08_toad_punch_yah.aiff[0;32m -> [0;34mbuild/us_web/sound/samples/sfx_custom_toad_peach/08_toad_punch_yah.table.inc.c[0m
[0;32mPiping: [0;33msound/samples/sfx_custom_toad_peach/09_toad_punch_hoo.aiff[0;32m -> [0;34mbuild/us_web/sound/samples/sfx_custom_toad_peach/09_toad_punch_hoo.table.inc.c[0m
[0;32mPiping: [0;33msound/samples/sfx_custom_toad_peach/0A_toad_mama_mia.aiff[0;32m -> [0;34mbuild/us_web/sound/samples/sfx_custom_toad_peach/0A_toad_mama_mia.table.inc.c[0m
[0;32mPiping: [0;33msound/samples/sfx_custom_toad_peach/0B_toad_okey_dokey.aiff[0;32m -> [0;34mbuild/us_web/sound/samples/sfx_custom_toad_peach/0B_toad_okey_dokey.table.inc.c[0m
[0;32mExtracting codebook: [0;33msound/samples/sfx_custom_toad_peach/0C_toad_drowning.aiff[0;32m -> [0;34mbuild/us_web/sound/samples/sfx_custom_toad_peach/0C_toad_drowning.table[0m
[0;32mExtracting codebook: [0;33msound/samples/sfx_custom_toad_peach/0D_toad_thank_you_playing_my_game.aiff[0;32m -> [0;34mbuild/us_web/sound/samples/sfx_custom_toad_peach/0D_toad_thank_you_playing_my_game.table[0m
[0;32mExtracting codebook: [0;33msound/samples/sfx_custom_wario/00_wario_jump_hoo.aiff[0;32m -> [0;34mbuild/us_web/sound/samples/sfx_custom_wario/00_wario_jump_hoo.table[0m
[0;32mExtracting codebook: [0;33msound/samples/sfx_custom_wario/01_wario_jump_wah.aiff[0;32m -> [0;34mbuild/us_web/sound/samples/sfx_custom_wario/01_wario_jump_wah.table[0m
[0;32mPiping: [0;33msound/samples/sfx_custom_toad_peach/0C_toad_drowning.aiff[0;32m -> [0;34mbuild/us_web/sound/samples/sfx_custom_toad_peach/0C_toad_drowning.table.inc.c[0m
[0;32mPiping: [0;33msound/samples/sfx_custom_wario/01_wario_jump_wah.aiff[0;32m -> [0;34mbuild/us_web/sound/samples/sfx_custom_wario/01_wario_jump_wah.table.inc.c[0m
[0;32mExtracting codebook: [0;33msound/samples/sfx_custom_wario/02_wario_yah.aiff[0;32m -> [0;34mbuild/us_web/sound/samples/sfx_custom_wario/02_wario_yah.table[0m
[0;32mPiping: [0;33msound/samples/sfx_custom_wario/00_wario_jump_hoo.aiff[0;32m -> [0;34mbuild/us_web/sound/samples/sfx_custom_wario/00_wario_jump_hoo.table.inc.c[0m
[0;32mPiping: [0;33msound/samples/sfx_custom_toad_peach/0D_toad_thank_you_playing_my_game.aiff[0;32m -> [0;34mbuild/us_web/sound/samples/sfx_custom_toad_peach/0D_toad_thank_you_playing_my_game.table.inc.c[0m
[0;32mExtracting codebook: [0;33msound/samples/sfx_custom_wario/03_wario_haha.aiff[0;32m -> [0;34mbuild/us_web/sound/samples/sfx_custom_wario/03_wario_haha.table[0m
[0;32mExtracting codebook: [0;33msound/samples/sfx_custom_wario/04_wario_yahoo.aiff[0;32m -> [0;34mbuild/us_web/sound/samples/sfx_custom_wario/04_wario_yahoo.table[0m
[0;32mExtracting codebook: [0;33msound/samples/sfx_custom_wario/05_wario_uh.aiff[0;32m -> [0;34mbuild/us_web/sound/samples/sfx_custom_wario/05_wario_uh.table[0m
[0;32mPiping: [0;33msound/samples/sfx_custom_wario/03_wario_haha.aiff[0;32m -> [0;34mbuild/us_web/sound/samples/sfx_custom_wario/03_wario_haha.table.inc.c[0m
[0;32mPiping: [0;33msound/samples/sfx_custom_wario/02_wario_yah.aiff[0;32m -> [0;34mbuild/us_web/sound/samples/sfx_custom_wario/02_wario_yah.table.inc.c[0m
emcc: warning: linker setting ignored during compilation: 'FULL_ES2' [-Wunused-command-line-argument]
[0;32mPiping: [0;33msound/samples/sfx_custom_wario/04_wario_yahoo.aiff[0;32m -> [0;34mbuild/us_web/sound/samples/sfx_custom_wario/04_wario_yahoo.table.inc.c[0m
[0;32mExtracting codebook: [0;33msound/samples/sfx_custom_wario/07_wario_wah2.aiff[0;32m -> [0;34mbuild/us_web/sound/samples/sfx_custom_wario/07_wario_wah2.table[0m
[0;32mExtracting codebook: [0;33msound/samples/sfx_custom_wario/06_wario_hrmm.aiff[0;32m -> [0;34mbuild/us_web/sound/samples/sfx_custom_wario/06_wario_hrmm.table[0m
[0;32mPiping: [0;33msound/samples/sfx_custom_wario/05_wario_uh.aiff[0;32m -> [0;34mbuild/us_web/sound/samples/sfx_custom_wario/05_wario_uh.table.inc.c[0m
[0;32mExtracting codebook: [0;33msound/samples/sfx_custom_wario/08_wario_whoa.aiff[0;32m -> [0;34mbuild/us_web/sound/samples/sfx_custom_wario/08_wario_whoa.table[0m
[0;32mExtracting codebook: [0;33msound/samples/sfx_custom_wario/09_wario_eeuh.aiff[0;32m -> [0;34mbuild/us_web/sound/samples/sfx_custom_wario/09_wario_eeuh.table[0m
[0;32mPiping: [0;33msound/samples/sfx_custom_wario/06_wario_hrmm.aiff[0;32m -> [0;34mbuild/us_web/sound/samples/sfx_custom_wario/06_wario_hrmm.table.inc.c[0m
[0;32mPiping: [0;33msound/samples/sfx_custom_wario/07_wario_wah2.aiff[0;32m -> [0;34mbuild/us_web/sound/samples/sfx_custom_wario/07_wario_wah2.table.inc.c[0m
[0;32mExtracting codebook: [0;33msound/samples/sfx_custom_wario/0A_wario_attacked.aiff[0;32m -> [0;34mbuild/us_web/sound/samples/sfx_custom_wario/0A_wario_attacked.table[0m
emcc: warning: linker setting ignored during compilation: 'FULL_ES2' [-Wunused-command-line-argument]
[0;32mExtracting codebook: [0;33msound/samples/sfx_custom_wario/0B_wario_ooof.aiff[0;32m -> [0;34mbuild/us_web/sound/samples/sfx_custom_wario/0B_wario_ooof.table[0m
[0;32mPiping: [0;33msound/samples/sfx_custom_wario/09_wario_eeuh.aiff[0;32m -> [0;34mbuild/us_web/sound/samples/sfx_custom_wario/09_wario_eeuh.table.inc.c[0m
[0;32mPiping: [0;33msound/samples/sfx_custom_wario/08_wario_whoa.aiff[0;32m -> [0;34mbuild/us_web/sound/samples/sfx_custom_wario/08_wario_whoa.table.inc.c[0m
[0;32mExtracting codebook: [0;33msound/samples/sfx_custom_wario/0C_wario_here_we_go.aiff[0;32m -> [0;34mbuild/us_web/sound/samples/sfx_custom_wario/0C_wario_here_we_go.table[0m
[0;32mExtracting codebook: [0;33msound/samples/sfx_custom_wario/0D_wario_yawning.aiff[0;32m -> [0;34mbuild/us_web/sound/samples/sfx_custom_wario/0D_wario_yawning.table[0m
[0;32mPiping: [0;33msound/samples/sfx_custom_wario/0A_wario_attacked.aiff[0;32m -> [0;34mbuild/us_web/sound/samples/sfx_custom_wario/0A_wario_attacked.table.inc.c[0m
[0;32mPiping: [0;33msound/samples/sfx_custom_wario/0B_wario_ooof.aiff[0;32m -> [0;34mbuild/us_web/sound/samples/sfx_custom_wario/0B_wario_ooof.table.inc.c[0m
[0;32mExtracting codebook: [0;33msound/samples/sfx_custom_wario/0E_wario_snoring1.aiff[0;32m -> [0;34mbuild/us_web/sound/samples/sfx_custom_wario/0E_wario_snoring1.table[0m
[0;32mExtracting codebook: [0;33msound/samples/sfx_custom_wario/0F_wario_snoring2.aiff[0;32m -> [0;34mbuild/us_web/sound/samples/sfx_custom_wario/0F_wario_snoring2.table[0m
[0;32mPiping: [0;33msound/samples/sfx_custom_wario/0C_wario_here_we_go.aiff[0;32m -> [0;34mbuild/us_web/sound/samples/sfx_custom_wario/0C_wario_here_we_go.table.inc.c[0m
[0;32mPiping: [0;33msound/samples/sfx_custom_wario/0D_wario_yawning.aiff[0;32m -> [0;34mbuild/us_web/sound/samples/sfx_custom_wario/0D_wario_yawning.table.inc.c[0m
[0;32mExtracting codebook: [0;33msound/samples/sfx_custom_wario/10_wario_doh.aiff[0;32m -> [0;34mbuild/us_web/sound/samples/sfx_custom_wario/10_wario_doh.table[0m
[0;32mExtracting codebook: [0;33msound/samples/sfx_custom_wario/11_wario_game_over.aiff[0;32m -> [0;34mbuild/us_web/sound/samples/sfx_custom_wario/11_wario_game_over.table[0m
[0;32mPiping: [0;33msound/samples/sfx_custom_wario/0E_wario_snoring1.aiff[0;32m -> [0;34mbuild/us_web/sound/samples/sfx_custom_wario/0E_wario_snoring1.table.inc.c[0m
[0;32mExtracting codebook: [0;33msound/samples/sfx_custom_wario/12_wario_hello.aiff[0;32m -> [0;34mbuild/us_web/sound/samples/sfx_custom_wario/12_wario_hello.table[0m
[0;32mExtracting codebook: [0;33msound/samples/sfx_custom_wario/13_wario_press_start_to_play.aiff[0;32m -> [0;34mbuild/us_web/sound/samples/sfx_custom_wario/13_wario_press_start_to_play.table[0m
[0;32mPiping: [0;33msound/samples/sfx_custom_wario/0F_wario_snoring2.aiff[0;32m -> [0;34mbuild/us_web/sound/samples/sfx_custom_wario/0F_wario_snoring2.table.inc.c[0m
[0;32mPiping: [0;33msound/samples/sfx_custom_wario/10_wario_doh.aiff[0;32m -> [0;34mbuild/us_web/sound/samples/sfx_custom_wario/10_wario_doh.table.inc.c[0m
[0;32mPiping: [0;33msound/samples/sfx_custom_wario/11_wario_game_over.aiff[0;32m -> [0;34mbuild/us_web/sound/samples/sfx_custom_wario/11_wario_game_over.table.inc.c[0m
[0;32mExtracting codebook: [0;33msound/samples/sfx_custom_wario/14_wario_twirl_bounce.aiff[0;32m -> [0;34mbuild/us_web/sound/samples/sfx_custom_wario/14_wario_twirl_bounce.table[0m
[0;32mExtracting codebook: [0;33msound/samples/sfx_custom_wario/15_wario_snoring3.aiff[0;32m -> [0;34mbuild/us_web/sound/samples/sfx_custom_wario/15_wario_snoring3.table[0m
[0;32mExtracting codebook: [0;33msound/samples/sfx_custom_wario/16_wario_so_longa_bowser.aiff[0;32m -> [0;34mbuild/us_web/sound/samples/sfx_custom_wario/16_wario_so_longa_bowser.table[0m
[0;32mExtracting codebook: [0;33msound/samples/sfx_custom_wario/17_wario_ima_tired.aiff[0;32m -> [0;34mbuild/us_web/sound/samples/sfx_custom_wario/17_wario_ima_tired.table[0m
[0;32mPiping: [0;33msound/samples/sfx_custom_wario/12_wario_hello.aiff[0;32m -> [0;34mbuild/us_web/sound/samples/sfx_custom_wario/12_wario_hello.table.inc.c[0m
[0;32mPiping: [0;33msound/samples/sfx_custom_wario/13_wario_press_start_to_play.aiff[0;32m -> [0;34mbuild/us_web/sound/samples/sfx_custom_wario/13_wario_press_start_to_play.table.inc.c[0m
[0;32mExtracting codebook: [0;33msound/samples/sfx_custom_wario/18_wario_waha.aiff[0;32m -> [0;34mbuild/us_web/sound/samples/sfx_custom_wario/18_wario_waha.table[0m
[0;32mExtracting codebook: [0;33msound/samples/sfx_custom_wario/19_wario_yippee.aiff[0;32m -> [0;34mbuild/us_web/sound/samples/sfx_custom_wario/19_wario_yippee.table[0m
[0;32mPiping: [0;33msound/samples/sfx_custom_wario/14_wario_twirl_bounce.aiff[0;32m -> [0;34mbuild/us_web/sound/samples/sfx_custom_wario/14_wario_twirl_bounce.table.inc.c[0m
[0;32mPiping: [0;33msound/samples/sfx_custom_wario/15_wario_snoring3.aiff[0;32m -> [0;34mbuild/us_web/sound/samples/sfx_custom_wario/15_wario_snoring3.table.inc.c[0m
[0;32mPiping: [0;33msound/samples/sfx_custom_wario/16_wario_so_longa_bowser.aiff[0;32m -> [0;34mbuild/us_web/sound/samples/sfx_custom_wario/16_wario_so_longa_bowser.table.inc.c[0m
[0;32mPiping: [0;33msound/samples/sfx_custom_wario/17_wario_ima_tired.aiff[0;32m -> [0;34mbuild/us_web/sound/samples/sfx_custom_wario/17_wario_ima_tired.table.inc.c[0m
[0;32mExtracting codebook: [0;33msound/samples/sfx_custom_wario/1A_wario_lets_a_go.aiff[0;32m -> [0;34mbuild/us_web/sound/samples/sfx_custom_wario/1A_wario_lets_a_go.table[0m
[0;32mExtracting codebook: [0;33msound/samples/sfx_custom_wario_peach/00_wario_waaaooow.aiff[0;32m -> [0;34mbuild/us_web/sound/samples/sfx_custom_wario_peach/00_wario_waaaooow.table[0m
[0;32mExtracting codebook: [0;33msound/samples/sfx_custom_wario_peach/01_wario_hoohoo.aiff[0;32m -> [0;34mbuild/us_web/sound/samples/sfx_custom_wario_peach/01_wario_hoohoo.table[0m
[0;32mExtracting codebook: [0;33msound/samples/sfx_custom_wario_peach/02_wario_panting.aiff[0;32m -> [0;34mbuild/us_web/sound/samples/sfx_custom_wario_peach/02_wario_panting.table[0m
[0;32mPiping: [0;33msound/samples/sfx_custom_wario/19_wario_yippee.aiff[0;32m -> [0;34mbuild/us_web/sound/samples/sfx_custom_wario/19_wario_yippee.table.inc.c[0m
[0;32mPiping: [0;33msound/samples/sfx_custom_wario/18_wario_waha.aiff[0;32m -> [0;34mbuild/us_web/sound/samples/sfx_custom_wario/18_wario_waha.table.inc.c[0m
[0;32mExtracting codebook: [0;33msound/samples/sfx_custom_wario_peach/03_wario_dying.aiff[0;32m -> [0;34mbuild/us_web/sound/samples/sfx_custom_wario_peach/03_wario_dying.table[0m
[0;32mExtracting codebook: [0;33msound/samples/sfx_custom_wario_peach/04_wario_on_fire.aiff[0;32m -> [0;34mbuild/us_web/sound/samples/sfx_custom_wario_peach/04_wario_on_fire.table[0m
[0;32mPiping: [0;33msound/samples/sfx_custom_wario/1A_wario_lets_a_go.aiff[0;32m -> [0;34mbuild/us_web/sound/samples/sfx_custom_wario/1A_wario_lets_a_go.table.inc.c[0m
[0;32mPiping: [0;33msound/samples/sfx_custom_wario_peach/02_wario_panting.aiff[0;32m -> [0;34mbuild/us_web/sound/samples/sfx_custom_wario_peach/02_wario_panting.table.inc.c[0m
[0;32mPiping: [0;33msound/samples/sfx_custom_wario_peach/00_wario_waaaooow.aiff[0;32m -> [0;34mbuild/us_web/sound/samples/sfx_custom_wario_peach/00_wario_waaaooow.table.inc.c[0m
[0;32mPiping: [0;33msound/samples/sfx_custom_wario_peach/01_wario_hoohoo.aiff[0;32m -> [0;34mbuild/us_web/sound/samples/sfx_custom_wario_peach/01_wario_hoohoo.table.inc.c[0m
[0;32mExtracting codebook: [0;33msound/samples/sfx_custom_wario_peach/05_wario_uh2.aiff[0;32m -> [0;34mbuild/us_web/sound/samples/sfx_custom_wario_peach/05_wario_uh2.table[0m
[0;32mExtracting codebook: [0;33msound/samples/sfx_custom_wario_peach/06_wario_coughing.aiff[0;32m -> [0;34mbuild/us_web/sound/samples/sfx_custom_wario_peach/06_wario_coughing.table[0m
[0;32mExtracting codebook: [0;33msound/samples/sfx_custom_wario_peach/07_wario_its_a_me_mario.aiff[0;32m -> [0;34mbuild/us_web/sound/samples/sfx_custom_wario_peach/07_wario_its_a_me_mario.table[0m
[0;32mExtracting codebook: [0;33msound/samples/sfx_custom_wario_peach/08_wario_punch_yah.aiff[0;32m -> [0;34mbuild/us_web/sound/samples/sfx_custom_wario_peach/08_wario_punch_yah.table[0m
[0;32mPiping: [0;33msound/samples/sfx_custom_wario_peach/03_wario_dying.aiff[0;32m -> [0;34mbuild/us_web/sound/samples/sfx_custom_wario_peach/03_wario_dying.table.inc.c[0m
[0;32mPiping: [0;33msound/samples/sfx_custom_wario_peach/04_wario_on_fire.aiff[0;32m -> [0;34mbuild/us_web/sound/samples/sfx_custom_wario_peach/04_wario_on_fire.table.inc.c[0m
[0;32mExtracting codebook: [0;33msound/samples/sfx_custom_wario_peach/09_wario_punch_hoo.aiff[0;32m -> [0;34mbuild/us_web/sound/samples/sfx_custom_wario_peach/09_wario_punch_hoo.table[0m
[0;32mExtracting codebook: [0;33msound/samples/sfx_custom_wario_peach/0A_wario_mama_mia.aiff[0;32m -> [0;34mbuild/us_web/sound/samples/sfx_custom_wario_peach/0A_wario_mama_mia.table[0m
[0;32mPiping: [0;33msound/samples/sfx_custom_wario_peach/05_wario_uh2.aiff[0;32m -> [0;34mbuild/us_web/sound/samples/sfx_custom_wario_peach/05_wario_uh2.table.inc.c[0m
[0;32mPiping: [0;33msound/samples/sfx_custom_wario_peach/06_wario_coughing.aiff[0;32m -> [0;34mbuild/us_web/sound/samples/sfx_custom_wario_peach/06_wario_coughing.table.inc.c[0m
[0;32mPiping: [0;33msound/samples/sfx_custom_wario_peach/07_wario_its_a_me_mario.aiff[0;32m -> [0;34mbuild/us_web/sound/samples/sfx_custom_wario_peach/07_wario_its_a_me_mario.table.inc.c[0m
[0;32mPiping: [0;33msound/samples/sfx_custom_wario_peach/08_wario_punch_yah.aiff[0;32m -> [0;34mbuild/us_web/sound/samples/sfx_custom_wario_peach/08_wario_punch_yah.table.inc.c[0m
[0;32mExtracting codebook: [0;33msound/samples/sfx_custom_wario_peach/0B_wario_okey_dokey.aiff[0;32m -> [0;34mbuild/us_web/sound/samples/sfx_custom_wario_peach/0B_wario_okey_dokey.table[0m
[0;32mCompiling: [0;33msrc/game/debug.c[0;32m -> [0;34mbuild/us_web/src/game/debug.o[0m
[0;32mExtracting codebook: [0;33msound/samples/sfx_custom_wario_peach/0C_wario_drowning.aiff[0;32m -> [0;34mbuild/us_web/sound/samples/sfx_custom_wario_peach/0C_wario_drowning.table[0m
[0;32mExtracting codebook: [0;33msound/samples/sfx_custom_wario_peach/0D_wario_thank_you_playing_my_game.aiff[0;32m -> [0;34mbuild/us_web/sound/samples/sfx_custom_wario_peach/0D_wario_thank_you_playing_my_game.table[0m
[0;32mPiping: [0;33msound/samples/sfx_custom_wario_peach/09_wario_punch_hoo.aiff[0;32m -> [0;34mbuild/us_web/sound/samples/sfx_custom_wario_peach/09_wario_punch_hoo.table.inc.c[0m
[0;32mPiping: [0;33msound/samples/sfx_custom_wario_peach/0A_wario_mama_mia.aiff[0;32m -> [0;34mbuild/us_web/sound/samples/sfx_custom_wario_peach/0A_wario_mama_mia.table.inc.c[0m
[0;32mCompiling: [0;33msrc/game/debug_course.c[0;32m -> [0;34mbuild/us_web/src/game/debug_course.o[0m
[0;32mCompiling: [0;33msrc/game/envfx_bubbles.c[0;32m -> [0;34mbuild/us_web/src/game/envfx_bubbles.o[0m
[0;32mPiping: [0;33msound/samples/sfx_custom_wario_peach/0B_wario_okey_dokey.aiff[0;32m -> [0;34mbuild/us_web/sound/samples/sfx_custom_wario_peach/0B_wario_okey_dokey.table.inc.c[0m
[0;32mPiping: [0;33msound/samples/sfx_custom_wario_peach/0D_wario_thank_you_playing_my_game.aiff[0;32m -> [0;34mbuild/us_web/sound/samples/sfx_custom_wario_peach/0D_wario_thank_you_playing_my_game.table.inc.c[0m
[0;32mPiping: [0;33msound/samples/sfx_custom_wario_peach/0C_wario_drowning.aiff[0;32m -> [0;34mbuild/us_web/sound/samples/sfx_custom_wario_peach/0C_wario_drowning.table.inc.c[0m
[0;32mCompiling: [0;33msrc/game/first_person_cam.c[0;32m -> [0;34mbuild/us_web/src/game/first_person_cam.o[0m
[0;32mCompiling: [0;33msrc/game/game_init.c[0;32m -> [0;34mbuild/us_web/src/game/game_init.o[0m
[0;32mCompiling: [0;33msrc/game/envfx_snow.c[0;32m -> [0;34mbuild/us_web/src/game/envfx_snow.o[0m
emcc: warning: linker setting ignored during compilation: 'FULL_ES2' [-Wunused-command-line-argument]
emcc: warning: linker setting ignored during compilation: 'FULL_ES2' [-Wunused-command-line-argument]
emcc: warning: linker setting ignored during compilation: 'FULL_ES2' [-Wunused-command-line-argument]
emcc: warning: linker setting ignored during compilation: 'FULL_ES2' [-Wunused-command-line-argument]
emcc: warning: linker setting ignored during compilation: 'FULL_ES2' [-Wunused-command-line-argument]
emcc: warning: linker setting ignored during compilation: 'FULL_ES2' [-Wunused-command-line-argument]
src/game/debug.c:341:13: warning: unused function 'check_debug_button_seq' [-Wunused-function]
  341 | static void check_debug_button_seq(void) {
      |             ^~~~~~~~~~~~~~~~~~~~~~
src/game/debug.c:371:13: warning: unused function 'try_change_debug_page' [-Wunused-function]
  371 | static void try_change_debug_page(void) {
      |             ^~~~~~~~~~~~~~~~~~~~~
2 warnings generated.
src/game/envfx_snow.c:299:12: warning: unused function 'is_in_mystery_snow_area' [-Wunused-function]
  299 | static s32 is_in_mystery_snow_area(s32 x, UNUSED s32 y, s32 z) {
      |            ^~~~~~~~~~~~~~~~~~~~~~~
src/game/game_init.c:322:13: warning: unused function 'record_demo' [-Wunused-function]
  322 | static void record_demo(void) {
      |             ^~~~~~~~~~~
1 warning generated.
1 warning generated.
In file included from src/game/first_person_cam.c:19:
In file included from src/pc/lua/smlua_hooks.h:7:
In file included from src/pc/lua/smlua.h:19:
src/pc/debuglog.h:39:13: warning: unused function '_debuglog_print_log' [-Wunused-function]
   39 | static void _debuglog_print_log(const char* logType, char* filename) {
      |             ^~~~~~~~~~~~~~~~~~~
1 warning generated.
emcc: warning: linker setting ignored during compilation: 'FULL_ES2' [-Wunused-command-line-argument]
emcc: warning: linker setting ignored during compilation: 'FULL_ES2' [-Wunused-command-line-argument]
emcc: warning: linker setting ignored during compilation: 'FULL_ES2' [-Wunused-command-line-argument]
emcc: warning: linker setting ignored during compilation: 'FULL_ES2' [-Wunused-command-line-argument]
emcc: warning: linker setting ignored during compilation: 'FULL_ES2' [-Wunused-command-line-argument]
emcc: warning: linker setting ignored during compilation: 'FULL_ES2' [-Wunused-command-line-argument]
[0;32mCompiling: [0;33msrc/game/geo_misc.c[0;32m -> [0;34mbuild/us_web/src/game/geo_misc.o[0m
[0;32mCompiling: [0;33msrc/game/hardcoded.c[0;32m -> [0;34mbuild/us_web/src/game/hardcoded.o[0m
[0;32mCompiling: [0;33msrc/game/hud.c[0;32m -> [0;34mbuild/us_web/src/game/hud.o[0m
[0;32mCompiling: [0;33msrc/game/ingame_menu.c[0;32m -> [0;34mbuild/us_web/src/game/ingame_menu.o[0m
[0;32mCompiling: [0;33msrc/game/interaction.c[0;32m -> [0;34mbuild/us_web/src/game/interaction.o[0m
emcc: warning: linker setting ignored during compilation: 'FULL_ES2' [-Wunused-command-line-argument]
[0;32mCompiling: [0;33msrc/game/level_geo.c[0;32m -> [0;34mbuild/us_web/src/game/level_geo.o[0m
emcc: warning: linker setting ignored during compilation: 'FULL_ES2' [-Wunused-command-line-argument]
emcc: warning: linker setting ignored during compilation: 'FULL_ES2' [-Wunused-command-line-argument]
emcc: warning: linker setting ignored during compilation: 'FULL_ES2' [-Wunused-command-line-argument]
emcc: warning: linker setting ignored during compilation: 'FULL_ES2' [-Wunused-command-line-argument]
emcc: warning: linker setting ignored during compilation: 'FULL_ES2' [-Wunused-command-line-argument]
emcc: warning: linker setting ignored during compilation: 'FULL_ES2' [-Wunused-command-line-argument]
In file included from src/game/hud.c:24:
In file included from src/pc/lua/smlua.h:19:
src/pc/debuglog.h:39:13: warning: unused function '_debuglog_print_log' [-Wunused-function]
   39 | static void _debuglog_print_log(const char* logType, char* filename) {
      |             ^~~~~~~~~~~~~~~~~~~
1 warning generated.
In file included from src/game/interaction.c:34:
In file included from src/pc/lua/smlua_hooks.h:7:
In file included from src/pc/lua/smlua.h:19:
src/pc/debuglog.h:39:13: warning: unused function '_debuglog_print_log' [-Wunused-function]
   39 | static void _debuglog_print_log(const char* logType, char* filename) {
      |             ^~~~~~~~~~~~~~~~~~~
src/game/interaction.c:615:12: warning: unused function 'unused_determine_knockback_action' [-Wunused-function]
  615 | static u32 unused_determine_knockback_action(struct MarioState *m) {
      |            ^~~~~~~~~~~~~~~~~~~~~~~~~~~~~~~~~
src/game/interaction.c:1829:12: warning: unused function 'interact_stub' [-Wunused-function]
 1829 | static u32 interact_stub(UNUSED struct MarioState *m, UNUSED u32 interactType, struct Object *o) {
      |            ^~~~~~~~~~~~~
3 warnings generated.
In file included from src/game/ingame_menu.c:36:
In file included from src/pc/lua/smlua_hooks.h:7:
In file included from src/pc/lua/smlua.h:19:
src/pc/debuglog.h:39:13: warning: unused function '_debuglog_print_log' [-Wunused-function]
   39 | static void _debuglog_print_log(const char* logType, char* filename) {
      |             ^~~~~~~~~~~~~~~~~~~
1 warning generated.
[0;32mCompiling: [0;33msrc/game/level_info.c[0;32m -> [0;34mbuild/us_web/src/game/level_info.o[0m
emcc: warning: linker setting ignored during compilation: 'FULL_ES2' [-Wunused-command-line-argument]
emcc: warning: linker setting ignored during compilation: 'FULL_ES2' [-Wunused-command-line-argument]
emcc: warning: linker setting ignored during compilation: 'FULL_ES2' [-Wunused-command-line-argument]
emcc: warning: linker setting ignored during compilation: 'FULL_ES2' [-Wunused-command-line-argument]
emcc: warning: linker setting ignored during compilation: 'FULL_ES2' [-Wunused-command-line-argument]
[0;32mCompiling: [0;33msrc/game/level_update.c[0;32m -> [0;34mbuild/us_web/src/game/level_update.o[0m
[0;32mCompiling: [0;33msrc/game/macro_presets.c[0;32m -> [0;34mbuild/us_web/src/game/macro_presets.o[0m
[0;32mCompiling: [0;33msrc/game/macro_special_objects.c[0;32m -> [0;34mbuild/us_web/src/game/macro_special_objects.o[0m
emcc: warning: linker setting ignored during compilation: 'FULL_ES2' [-Wunused-command-line-argument]
[0;32mCompiling: [0;33msrc/game/mario.c[0;32m -> [0;34mbuild/us_web/src/game/mario.o[0m
src/game/level_info.c:253:13: warning: unused function 'capitalize_string_sm64' [-Wunused-function]
  253 | static void capitalize_string_sm64(u8 *str64) {
      |             ^~~~~~~~~~~~~~~~~~~~~~
src/game/level_info.c:275:13: warning: unused function 'decapitalize_string_sm64' [-Wunused-function]
  275 | static void decapitalize_string_sm64(u8 *str64) {
      |             ^~~~~~~~~~~~~~~~~~~~~~~~
2 warnings generated.
[0;32mCompiling: [0;33msrc/game/mario_actions_airborne.c[0;32m -> [0;34mbuild/us_web/src/game/mario_actions_airborne.o[0m
emcc: warning: linker setting ignored during compilation: 'FULL_ES2' [-Wunused-command-line-argument]
emcc: warning: linker setting ignored during compilation: 'FULL_ES2' [-Wunused-command-line-argument]
emcc: warning: linker setting ignored during compilation: 'FULL_ES2' [-Wunused-command-line-argument]
emcc: warning: linker setting ignored during compilation: 'FULL_ES2' [-Wunused-command-line-argument]
src/game/macro_special_objects.c:93:13: warning: unused function 'spawn_macro_coin_unknown' [-Wunused-function]
   93 | static void spawn_macro_coin_unknown(const BehaviorScript *behavior, s16 a1[]) {
      |             ^~~~~~~~~~~~~~~~~~~~~~~~
1 warning generated.
emcc: warning: linker setting ignored during compilation: 'FULL_ES2' [-Wunused-command-line-argument]
[0;32mCompiling: [0;33msrc/game/mario_actions_automatic.c[0;32m -> [0;34mbuild/us_web/src/game/mario_actions_automatic.o[0m
emcc: warning: linker setting ignored during compilation: 'FULL_ES2' [-Wunused-command-line-argument]
src/game/mario.c:1930:13: warning: unused function 'debug_update_mario_cap' [-Wunused-function]
 1930 | static void debug_update_mario_cap(u16 button, s32 flags, u16 capTimer, u16 capMusic) {
      |             ^~~~~~~~~~~~~~~~~~~~~~
1 warning generated.
[0;32mCompiling: [0;33msrc/game/mario_actions_cutscene.c[0;32m -> [0;34mbuild/us_web/src/game/mario_actions_cutscene.o[0m
emcc: warning: linker setting ignored during compilation: 'FULL_ES2' [-Wunused-command-line-argument]
emcc: warning: linker setting ignored during compilation: 'FULL_ES2' [-Wunused-command-line-argument]
[0;32mCompiling: [0;33msrc/game/mario_actions_moving.c[0;32m -> [0;34mbuild/us_web/src/game/mario_actions_moving.o[0m
emcc: warning: linker setting ignored during compilation: 'FULL_ES2' [-Wunused-command-line-argument]
emcc: warning: linker setting ignored during compilation: 'FULL_ES2' [-Wunused-command-line-argument]
[0;32mCompiling: [0;33msrc/game/mario_actions_object.c[0;32m -> [0;34mbuild/us_web/src/game/mario_actions_object.o[0m
emcc: warning: linker setting ignored during compilation: 'FULL_ES2' [-Wunused-command-line-argument]
[0;32mCompiling: [0;33msrc/game/mario_actions_stationary.c[0;32m -> [0;34mbuild/us_web/src/game/mario_actions_stationary.o[0m
emcc: warning: linker setting ignored during compilation: 'FULL_ES2' [-Wunused-command-line-argument]
emcc: warning: linker setting ignored during compilation: 'FULL_ES2' [-Wunused-command-line-argument]
emcc: warning: linker setting ignored during compilation: 'FULL_ES2' [-Wunused-command-line-argument]
emcc: warning: linker setting ignored during compilation: 'FULL_ES2' [-Wunused-command-line-argument]
src/game/mario_actions_cutscene.c:240:13: warning: unused function 'stub_is_textbox_active' [-Wunused-function]
  240 | static void stub_is_textbox_active(u16 *a0) {
      |             ^~~~~~~~~~~~~~~~~~~~~~
src/game/mario_actions_cutscene.c:2179:13: warning: unused function 'jumbo_star_offset' [-Wunused-function]
 2179 | static void jumbo_star_offset(struct MarioState* m) {
      |             ^~~~~~~~~~~~~~~~~
2 warnings generated.
emcc: warning: linker setting ignored during compilation: 'FULL_ES2' [-Wunused-command-line-argument]
[0;32mCompiling: [0;33msrc/game/mario_actions_submerged.c[0;32m -> [0;34mbuild/us_web/src/game/mario_actions_submerged.o[0m
emcc: warning: linker setting ignored during compilation: 'FULL_ES2' [-Wunused-command-line-argument]
emcc: warning: linker setting ignored during compilation: 'FULL_ES2' [-Wunused-command-line-argument]
emcc: warning: linker setting ignored during compilation: 'FULL_ES2' [-Wunused-command-line-argument]
[0;32mCompiling: [0;33msrc/game/mario_misc.c[0;32m -> [0;34mbuild/us_web/src/game/mario_misc.o[0m
[0;32mCompiling: [0;33msrc/game/mario_step.c[0;32m -> [0;34mbuild/us_web/src/game/mario_step.o[0m
emcc: warning: linker setting ignored during compilation: 'FULL_ES2' [-Wunused-command-line-argument]
emcc: warning: linker setting ignored during compilation: 'FULL_ES2' [-Wunused-command-line-argument]
[0;32mCompiling: [0;33msrc/game/memory.c[0;32m -> [0;34mbuild/us_web/src/game/memory.o[0m
emcc: warning: linker setting ignored during compilation: 'FULL_ES2' [-Wunused-command-line-argument]
emcc: warning: linker setting ignored during compilation: 'FULL_ES2' [-Wunused-command-line-argument]
emcc: warning: linker setting ignored during compilation: 'FULL_ES2' [-Wunused-command-line-argument]
[0;32mCompiling: [0;33msrc/game/moving_texture.c[0;32m -> [0;34mbuild/us_web/src/game/moving_texture.o[0m
emcc: warning: linker setting ignored during compilation: 'FULL_ES2' [-Wunused-command-line-argument]
[0;32mCompiling: [0;33msrc/game/obj_behaviors.c[0;32m -> [0;34mbuild/us_web/src/game/obj_behaviors.o[0m
In file included from src/game/mario_step.c:11:
In file included from src/pc/lua/smlua.h:19:
src/pc/debuglog.h:39:13: warning: unused function '_debuglog_print_log' [-Wunused-function]
   39 | static void _debuglog_print_log(const char* logType, char* filename) {
      |             ^~~~~~~~~~~~~~~~~~~
1 warning generated.
emcc: warning: linker setting ignored during compilation: 'FULL_ES2' [-Wunused-command-line-argument]
[0;32mCompiling: [0;33msrc/game/obj_behaviors_2.c[0;32m -> [0;34mbuild/us_web/src/game/obj_behaviors_2.o[0m
[0;32mCompiling: [0;33msrc/game/object_collision.c[0;32m -> [0;34mbuild/us_web/src/game/object_collision.o[0m
emcc: warning: linker setting ignored during compilation: 'FULL_ES2' [-Wunused-command-line-argument]
emcc: warning: linker setting ignored during compilation: 'FULL_ES2' [-Wunused-command-line-argument]
emcc: warning: linker setting ignored during compilation: 'FULL_ES2' [-Wunused-command-line-argument]
emcc: warning: linker setting ignored during compilation: 'FULL_ES2' [-Wunused-command-line-argument]
emcc: warning: linker setting ignored during compilation: 'FULL_ES2' [-Wunused-command-line-argument]
emcc: warning: linker setting ignored during compilation: 'FULL_ES2' [-Wunused-command-line-argument]
emcc: warning: linker setting ignored during compilation: 'FULL_ES2' [-Wunused-command-line-argument]
[0;32mCompiling: [0;33msrc/game/object_helpers.c[0;32m -> [0;34mbuild/us_web/src/game/object_helpers.o[0m
In file included from src/game/obj_behaviors.c:38:
In file included from src/pc/lua/smlua.h:19:
src/pc/debuglog.h:39:13: warning: unused function '_debuglog_print_log' [-Wunused-function]
   39 | static void _debuglog_print_log(const char* logType, char* filename) {
      |             ^~~~~~~~~~~~~~~~~~~
1 warning generated.
[0;32mCompiling: [0;33msrc/game/object_list_processor.c[0;32m -> [0;34mbuild/us_web/src/game/object_list_processor.o[0m
[0;32mCompiling: [0;33msrc/game/paintings.c[0;32m -> [0;34mbuild/us_web/src/game/paintings.o[0m
emcc: warning: linker setting ignored during compilation: 'FULL_ES2' [-Wunused-command-line-argument]
In file included from src/game/obj_behaviors_2.c:51:
In file included from src/pc/lua/smlua_hooks.h:7:
In file included from src/pc/lua/smlua.h:19:
src/pc/debuglog.h:39:13: warning: unused function '_debuglog_print_log' [-Wunused-function]
   39 | static void _debuglog_print_log(const char* logType, char* filename) {
      |             ^~~~~~~~~~~~~~~~~~~
In file included from src/game/obj_behaviors_2.c:1063:
src/game/behaviors/eyerok.inc.c:146:11: warning: unused function 'eyerok_boss_act_show_intro_text_continue_dialog' [-Wunused-function]
  146 | static u8 eyerok_boss_act_show_intro_text_continue_dialog(void) {
      |           ^~~~~~~~~~~~~~~~~~~~~~~~~~~~~~~~~~~~~~~~~~~~~~~
2 warnings generated.
[0;32mCompiling: [0;33msrc/game/platform_displacement.c[0;32m -> [0;34mbuild/us_web/src/game/platform_displacement.o[0m
emcc: warning: linker setting ignored during compilation: 'FULL_ES2' [-Wunused-command-line-argument]
emcc: warning: linker setting ignored during compilation: 'FULL_ES2' [-Wunused-command-line-argument]
emcc: warning: linker setting ignored during compilation: 'FULL_ES2' [-Wunused-command-line-argument]
emcc: warning: linker setting ignored during compilation: 'FULL_ES2' [-Wunused-command-line-argument]
src/game/object_helpers.c:1734:13: warning: unused function 'stub_obj_helpers_1' [-Wunused-function]
 1734 | static void stub_obj_helpers_1(void) {
      |             ^~~~~~~~~~~~~~~~~~
src/game/object_helpers.c:2726:13: warning: unused function 'stub_obj_helpers_2' [-Wunused-function]
 2726 | static void stub_obj_helpers_2(void) {
      |             ^~~~~~~~~~~~~~~~~~
src/game/object_helpers.c:2913:13: warning: unused function 'stub_obj_helpers_5' [-Wunused-function]
 2913 | static void stub_obj_helpers_5(void) {
      |             ^~~~~~~~~~~~~~~~~~
3 warnings generated.
emcc: warning: linker setting ignored during compilation: 'FULL_ES2' [-Wunused-command-line-argument]
emcc: warning: linker setting ignored during compilation: 'FULL_ES2' [-Wunused-command-line-argument]
[0;32mCompiling: [0;33msrc/game/player_palette.c[0;32m -> [0;34mbuild/us_web/src/game/player_palette.o[0m
emcc: warning: linker setting ignored during compilation: 'FULL_ES2' [-Wunused-command-line-argument]
[0;32mCompiling: [0;33msrc/game/print.c[0;32m -> [0;34mbuild/us_web/src/game/print.o[0m
In file included from src/game/object_list_processor.c:27:
In file included from src/pc/lua/smlua.h:19:
src/pc/debuglog.h:39:13: warning: unused function '_debuglog_print_log' [-Wunused-function]
   39 | static void _debuglog_print_log(const char* logType, char* filename) {
      |             ^~~~~~~~~~~~~~~~~~~
src/game/object_list_processor.c:655:12: warning: unused function 'unused_get_elapsed_time' [-Wunused-function]
  655 | static u16 unused_get_elapsed_time(u64 *cycleCounts, s32 index) {
      |            ^~~~~~~~~~~~~~~~~~~~~~~
2 warnings generated.
In file included from src/game/paintings.c:23:
In file included from src/pc/lua/utils/smlua_gfx_utils.h:4:
In file included from src/pc/lua/smlua.h:19:
src/pc/debuglog.h:39:13: warning: unused function '_debuglog_print_log' [-Wunused-function]
   39 | static void _debuglog_print_log(const char* logType, char* filename) {
      |             ^~~~~~~~~~~~~~~~~~~
src/game/paintings.c:217:11: warning: unused variable 'sVerticesCurIndex' [-Wunused-variable]
  217 | static u8 sVerticesCurIndex = 0;
      |           ^~~~~~~~~~~~~~~~~
src/game/paintings.c:218:11: warning: unused variable 'sVertexSwaps' [-Wunused-variable]
  218 | static u8 sVertexSwaps = 0;
      |           ^~~~~~~~~~~~
src/game/paintings.c:219:20: warning: unused variable 'sVerticesCur' [-Wunused-variable]
  219 | static Vtx_Interp* sVerticesCur  = sVertexBuffers[0];
      |                    ^~~~~~~~~~~~
src/game/paintings.c:220:20: warning: unused variable 'sVerticesPrev' [-Wunused-variable]
  220 | static Vtx_Interp* sVerticesPrev = NULL;
      |                    ^~~~~~~~~~~~~
src/game/paintings.c:221:12: warning: unused variable 'sVerticesPrevTimestamp' [-Wunused-variable]
  221 | static u32 sVerticesPrevTimestamp;
      |            ^~~~~~~~~~~~~~~~~~~~~~
src/game/paintings.c:222:13: warning: unused variable 'sVerticesPtr' [-Wunused-variable]
  222 | static Vtx *sVerticesPtr[2];
      |             ^~~~~~~~~~~~
src/game/paintings.c:223:12: warning: unused variable 'sVerticesCount' [-Wunused-variable]
  223 | static s32 sVerticesCount;
      |            ^~~~~~~~~~~~~~
8 warnings generated.
emcc: warning: linker setting ignored during compilation: 'FULL_ES2' [-Wunused-command-line-argument]
emcc: warning: linker setting ignored during compilation: 'FULL_ES2' [-Wunused-command-line-argument]
emcc: warning: linker setting ignored during compilation: 'FULL_ES2' [-Wunused-command-line-argument]
emcc: warning: linker setting ignored during compilation: 'FULL_ES2' [-Wunused-command-line-argument]
emcc: warning: linker setting ignored during compilation: 'FULL_ES2' [-Wunused-command-line-argument]
emcc: warning: linker setting ignored during compilation: 'FULL_ES2' [-Wunused-command-line-argument]
[0;32mCompiling: [0;33msrc/game/profiler.c[0;32m -> [0;34mbuild/us_web/src/game/profiler.o[0m
emcc: warning: linker setting ignored during compilation: 'FULL_ES2' [-Wunused-command-line-argument]
[0;32mCompiling: [0;33msrc/game/rendering_graph_node.c[0;32m -> [0;34mbuild/us_web/src/game/rendering_graph_node.o[0m
emcc: warning: linker setting ignored during compilation: 'FULL_ES2' [-Wunused-command-line-argument]
[0;32mCompiling: [0;33msrc/game/rng_position.c[0;32m -> [0;34mbuild/us_web/src/game/rng_position.o[0m
emcc: warning: linker setting ignored during compilation: 'FULL_ES2' [-Wunused-command-line-argument]
emcc: warning: linker setting ignored during compilation: 'FULL_ES2' [-Wunused-command-line-argument]
[0;32mCompiling: [0;33msrc/game/rumble_init.c[0;32m -> [0;34mbuild/us_web/src/game/rumble_init.o[0m
[0;32mCompiling: [0;33msrc/game/save_file.c[0;32m -> [0;34mbuild/us_web/src/game/save_file.o[0m
[0;32mCompiling: [0;33msrc/game/screen_transition.c[0;32m -> [0;34mbuild/us_web/src/game/screen_transition.o[0m
emcc: warning: linker setting ignored during compilation: 'FULL_ES2' [-Wunused-command-line-argument]
emcc: warning: linker setting ignored during compilation: 'FULL_ES2' [-Wunused-command-line-argument]
emcc: warning: linker setting ignored during compilation: 'FULL_ES2' [-Wunused-command-line-argument]
emcc: warning: linker setting ignored during compilation: 'FULL_ES2' [-Wunused-command-line-argument]
[0;32mCompiling: [0;33msrc/game/scroll_targets.c[0;32m -> [0;34mbuild/us_web/src/game/scroll_targets.o[0m
emcc: warning: linker setting ignored during compilation: 'FULL_ES2' [-Wunused-command-line-argument]
emcc: warning: linker setting ignored during compilation: 'FULL_ES2' [-Wunused-command-line-argument]
emcc: warning: linker setting ignored during compilation: 'FULL_ES2' [-Wunused-command-line-argument]
[0;32mCompiling: [0;33msrc/game/shadow.c[0;32m -> [0;34mbuild/us_web/src/game/shadow.o[0m
emcc: warning: linker setting ignored during compilation: 'FULL_ES2' [-Wunused-command-line-argument]
emcc: warning: linker setting ignored during compilation: 'FULL_ES2' [-Wunused-command-line-argument]
emcc: warning: linker setting ignored during compilation: 'FULL_ES2' [-Wunused-command-line-argument]
emcc: warning: linker setting ignored during compilation: 'FULL_ES2' [-Wunused-command-line-argument]
[0;32mCompiling: [0;33msrc/game/skybox.c[0;32m -> [0;34mbuild/us_web/src/game/skybox.o[0m
emcc: warning: linker setting ignored during compilation: 'FULL_ES2' [-Wunused-command-line-argument]
[0;32mCompiling: [0;33msrc/game/sound_init.c[0;32m -> [0;34mbuild/us_web/src/game/sound_init.o[0m
[0;32mCompiling: [0;33msrc/game/spawn_object.c[0;32m -> [0;34mbuild/us_web/src/game/spawn_object.o[0m
emcc: warning: linker setting ignored during compilation: 'FULL_ES2' [-Wunused-command-line-argument]
[0;32mCompiling: [0;33msrc/game/spawn_sound.c[0;32m -> [0;34mbuild/us_web/src/game/spawn_sound.o[0m
[0;32mCompiling: [0;33msrc/audio/audio_session_presets_sh.c[0;32m -> [0;34mbuild/us_web/src/audio/audio_session_presets_sh.o[0m
[0;32mCompiling: [0;33msrc/audio/data.c[0;32m -> [0;34mbuild/us_web/src/audio/data.o[0m
emcc: warning: linker setting ignored during compilation: 'FULL_ES2' [-Wunused-command-line-argument]
emcc: warning: linker setting ignored during compilation: 'FULL_ES2' [-Wunused-command-line-argument]
[0;32mCompiling: [0;33msrc/audio/effects.c[0;32m -> [0;34mbuild/us_web/src/audio/effects.o[0m
emcc: warning: linker setting ignored during compilation: 'FULL_ES2' [-Wunused-command-line-argument]
emcc: warning: linker setting ignored during compilation: 'FULL_ES2' [-Wunused-command-line-argument]
emcc: warning: linker setting ignored during compilation: 'FULL_ES2' [-Wunused-command-line-argument]
emcc: warning: linker setting ignored during compilation: 'FULL_ES2' [-Wunused-command-line-argument]
emcc: warning: linker setting ignored during compilation: 'FULL_ES2' [-Wunused-command-line-argument]
In file included from src/game/sound_init.c:20:
src/pc/debuglog.h:39:13: warning: unused function '_debuglog_print_log' [-Wunused-function]
   39 | static void _debuglog_print_log(const char* logType, char* filename) {
      |             ^~~~~~~~~~~~~~~~~~~
src/game/sound_init.c:35:11: warning: unused variable 'unused8032C6D8' [-Wunused-variable]
   35 | static u8 unused8032C6D8[16] = { 0 };
      |           ^~~~~~~~~~~~~~
2 warnings generated.
In file included from src/game/spawn_object.c:17:
In file included from src/pc/lua/smlua_hooks.h:7:
In file included from src/pc/lua/smlua.h:19:
src/pc/debuglog.h:39:13: warning: unused function '_debuglog_print_log' [-Wunused-function]
   39 | static void _debuglog_print_log(const char* logType, char* filename) {
      |             ^~~~~~~~~~~~~~~~~~~
src/game/spawn_object.c:186:13: warning: function 'unused_delete_leaf_nodes' is not needed and will not be emitted [-Wunneeded-internal-declaration]
  186 | static void unused_delete_leaf_nodes(struct Object *obj) {
      |             ^~~~~~~~~~~~~~~~~~~~~~~~
2 warnings generated.
emcc: warning: linker setting ignored during compilation: 'FULL_ES2' [-Wunused-command-line-argument]
emcc: warning: linker setting ignored during compilation: 'FULL_ES2' [-Wunused-command-line-argument]
emcc: warning: linker setting ignored during compilation: 'FULL_ES2' [-Wunused-command-line-argument]
emcc: warning: linker setting ignored during compilation: 'FULL_ES2' [-Wunused-command-line-argument]
[0;32mCompiling: [0;33msrc/audio/external.c[0;32m -> [0;34mbuild/us_web/src/audio/external.o[0m
emcc: warning: linker setting ignored during compilation: 'FULL_ES2' [-Wunused-command-line-argument]
emcc: warning: linker setting ignored during compilation: 'FULL_ES2' [-Wunused-command-line-argument]
emcc: warning: linker setting ignored during compilation: 'FULL_ES2' [-Wunused-command-line-argument]
[0;32mCompiling: [0;33msrc/audio/globals_start.c[0;32m -> [0;34mbuild/us_web/src/audio/globals_start.o[0m
[0;32mCompiling: [0;33msrc/audio/heap.c[0;32m -> [0;34mbuild/us_web/src/audio/heap.o[0m
emcc: warning: linker setting ignored during compilation: 'FULL_ES2' [-Wunused-command-line-argument]
[0;32mCompiling: [0;33msrc/audio/playback.c[0;32m -> [0;34mbuild/us_web/src/audio/playback.o[0m
[0;32mCompiling: [0;33msrc/audio/load.c[0;32m -> [0;34mbuild/us_web/src/audio/load.o[0m
[0;32mCompiling: [0;33msrc/audio/port_eu.c[0;32m -> [0;34mbuild/us_web/src/audio/port_eu.o[0m
[0;32mCompiling: [0;33msrc/audio/seqplayer.c[0;32m -> [0;34mbuild/us_web/src/audio/seqplayer.o[0m
emcc: warning: linker setting ignored during compilation: 'FULL_ES2' [-Wunused-command-line-argument]
emcc: warning: linker setting ignored during compilation: 'FULL_ES2' [-Wunused-command-line-argument]
[0;32mCompiling: [0;33msrc/audio/shindou_debug_prints.c[0;32m -> [0;34mbuild/us_web/src/audio/shindou_debug_prints.o[0m
emcc: warning: linker setting ignored during compilation: 'FULL_ES2' [-Wunused-command-line-argument]
emcc: warning: linker setting ignored during compilation: 'FULL_ES2' [-Wunused-command-line-argument]
emcc: warning: linker setting ignored during compilation: 'FULL_ES2' [-Wunused-command-line-argument]
emcc: warning: linker setting ignored during compilation: 'FULL_ES2' [-Wunused-command-line-argument]
emcc: warning: linker setting ignored during compilation: 'FULL_ES2' [-Wunused-command-line-argument]
src/audio/heap.c:426:13: warning: unused function 'unused_803163D4' [-Wunused-function]
  426 | static void unused_803163D4(void) {
      |             ^~~~~~~~~~~~~~~
1 warning generated.
In file included from src/audio/port_eu.c:7:
src/pc/debuglog.h:39:13: warning: unused function '_debuglog_print_log' [-Wunused-function]
   39 | static void _debuglog_print_log(const char* logType, char* filename) {
      |             ^~~~~~~~~~~~~~~~~~~
1 warning generated.
emcc: warning: linker setting ignored during compilation: 'FULL_ES2' [-Wunused-command-line-argument]
In file included from src/audio/load.c:15:
In file included from src/pc/lua/smlua_hooks.h:7:
In file included from src/pc/lua/smlua.h:19:
src/pc/debuglog.h:39:13: warning: unused function '_debuglog_print_log' [-Wunused-function]
   39 | static void _debuglog_print_log(const char* logType, char* filename) {
      |             ^~~~~~~~~~~~~~~~~~~
src/audio/load.c:582:6: warning: unused function 'patch_sound' [-Wunused-function]
  582 | void patch_sound(UNUSED struct AudioBankSound *sound, UNUSED u8 *memBase, UNUSED u8 *offsetBase) {
      |      ^~~~~~~~~~~
2 warnings generated.
emcc: warning: linker setting ignored during compilation: 'FULL_ES2' [-Wunused-command-line-argument]
emcc: warning: linker setting ignored during compilation: 'FULL_ES2' [-Wunused-command-line-argument]
[0;32mCompiling: [0;33msrc/audio/synthesis.c[0;32m -> [0;34mbuild/us_web/src/audio/synthesis.o[0m
emcc: warning: linker setting ignored during compilation: 'FULL_ES2' [-Wunused-command-line-argument]
emcc: warning: linker setting ignored during compilation: 'FULL_ES2' [-Wunused-command-line-argument]
emcc: warning: linker setting ignored during compilation: 'FULL_ES2' [-Wunused-command-line-argument]
emcc: warning: linker setting ignored during compilation: 'FULL_ES2' [-Wunused-command-line-argument]
emcc: warning: linker setting ignored during compilation: 'FULL_ES2' [-Wunused-command-line-argument]
emcc: warning: linker setting ignored during compilation: 'FULL_ES2' [-Wunused-command-line-argument]
[0;32mCompiling: [0;33msrc/audio/unk_shindou_audio_file.c[0;32m -> [0;34mbuild/us_web/src/audio/unk_shindou_audio_file.o[0m
emcc: warning: linker setting ignored during compilation: 'FULL_ES2' [-Wunused-command-line-argument]
[0;32mCompiling: [0;33msrc/menu/file_select.c[0;32m -> [0;34mbuild/us_web/src/menu/file_select.o[0m
[0;32mCompiling: [0;33msrc/menu/ingame_text.c[0;32m -> [0;34mbuild/us_web/src/menu/ingame_text.o[0m
[0;32mCompiling: [0;33msrc/menu/intro_geo.c[0;32m -> [0;34mbuild/us_web/src/menu/intro_geo.o[0m
[0;32mCompiling: [0;33msrc/menu/level_select_menu.c[0;32m -> [0;34mbuild/us_web/src/menu/level_select_menu.o[0m
emcc: warning: linker setting ignored during compilation: 'FULL_ES2' [-Wunused-command-line-argument]
[0;32mCompiling: [0;33msrc/menu/star_select.c[0;32m -> [0;34mbuild/us_web/src/menu/star_select.o[0m
emcc: warning: linker setting ignored during compilation: 'FULL_ES2' [-Wunused-command-line-argument]
emcc: warning: linker setting ignored during compilation: 'FULL_ES2' [-Wunused-command-line-argument]
[0;32mCompiling: [0;33msrc/buffers/buffers.c[0;32m -> [0;34mbuild/us_web/src/buffers/buffers.o[0m
emcc: warning: linker setting ignored during compilation: 'FULL_ES2' [-Wunused-command-line-argument]
emcc: warning: linker setting ignored during compilation: 'FULL_ES2' [-Wunused-command-line-argument]
emcc: warning: linker setting ignored during compilation: 'FULL_ES2' [-Wunused-command-line-argument]
emcc: warning: linker setting ignored during compilation: 'FULL_ES2' [-Wunused-command-line-argument]
emcc: warning: linker setting ignored during compilation: 'FULL_ES2' [-Wunused-command-line-argument]
emcc: warning: linker setting ignored during compilation: 'FULL_ES2' [-Wunused-command-line-argument]
emcc: warning: linker setting ignored during compilation: 'FULL_ES2' [-Wunused-command-line-argument]
[0;32mCompiling: [0;33msrc/buffers/framebuffers.c[0;32m -> [0;34mbuild/us_web/src/buffers/framebuffers.o[0m
In file included from src/menu/star_select.c:25:
In file included from src/pc/lua/utils/smlua_misc_utils.h:6:
In file included from src/pc/lua/smlua_utils.h:4:
In file included from src/pc/lua/smlua.h:19:
src/pc/debuglog.h:39:13: warning: unused function '_debuglog_print_log' [-Wunused-function]
   39 | static void _debuglog_print_log(const char* logType, char* filename) {
      |             ^~~~~~~~~~~~~~~~~~~
1 warning generated.
emcc: warning: linker setting ignored during compilation: 'FULL_ES2' [-Wunused-command-line-argument]
[0;32mCompiling: [0;33msrc/buffers/gfx_output_buffer.c[0;32m -> [0;34mbuild/us_web/src/buffers/gfx_output_buffer.o[0m
[0;32mCompiling: [0;33msrc/buffers/zbuffer.c[0;32m -> [0;34mbuild/us_web/src/buffers/zbuffer.o[0m
emcc: warning: linker setting ignored during compilation: 'FULL_ES2' [-Wunused-command-line-argument]
emcc: warning: linker setting ignored during compilation: 'FULL_ES2' [-Wunused-command-line-argument]
emcc: warning: linker setting ignored during compilation: 'FULL_ES2' [-Wunused-command-line-argument]
emcc: warning: linker setting ignored during compilation: 'FULL_ES2' [-Wunused-command-line-argument]
emcc: warning: linker setting ignored during compilation: 'FULL_ES2' [-Wunused-command-line-argument]
emcc: warning: linker setting ignored during compilation: 'FULL_ES2' [-Wunused-command-line-argument]
[0;32mCompiling: [0;33mactors/common0.c[0;32m -> [0;34mbuild/us_web/actors/common0.o[0m
emcc: warning: linker setting ignored during compilation: 'FULL_ES2' [-Wunused-command-line-argument]
[0;32mCompiling: [0;33mactors/common0_geo.c[0;32m -> [0;34mbuild/us_web/actors/common0_geo.o[0m
[0;32mConverting: [0;33mactors/bowser_key/bowser_key_left.rgba16.png[0;32m -> [0;34mbuild/us_web/actors/bowser_key/bowser_key_left.rgba16.inc.c[0m
[0;32mConverting: [0;33mactors/bowser_key/bowser_key_right.rgba16.png[0;32m -> [0;34mbuild/us_web/actors/bowser_key/bowser_key_right.rgba16.inc.c[0m
[0;32mCompiling: [0;33mactors/common1_geo.c[0;32m -> [0;34mbuild/us_web/actors/common1_geo.o[0m
[0;32mCompiling: [0;33mactors/custom0.c[0;32m -> [0;34mbuild/us_web/actors/custom0.o[0m
[0;32mCompiling: [0;33mactors/custom0_geo.c[0;32m -> [0;34mbuild/us_web/actors/custom0_geo.o[0m
emcc: warning: linker setting ignored during compilation: 'FULL_ES2' [-Wunused-command-line-argument]
emcc: warning: linker setting ignored during compilation: 'FULL_ES2' [-Wunused-command-line-argument]
emcc: warning: linker setting ignored during compilation: 'FULL_ES2' [-Wunused-command-line-argument]
emcc: warning: linker setting ignored during compilation: 'FULL_ES2' [-Wunused-command-line-argument]
emcc: warning: linker setting ignored during compilation: 'FULL_ES2' [-Wunused-command-line-argument]
[0;32mConverting: [0;33mactors/mario/custom_mario_cap.rgba16.png[0;32m -> [0;34mbuild/us_web/actors/mario/custom_mario_cap.rgba16.inc.c[0m
[0;32mConverting: [0;33mactors/mario/custom_mario_logo.rgba16.png[0;32m -> [0;34mbuild/us_web/actors/mario/custom_mario_logo.rgba16.inc.c[0m
[0;32mConverting: [0;33mactors/mario/custom_mario_logo_blend.rgba16.png[0;32m -> [0;34mbuild/us_web/actors/mario/custom_mario_logo_blend.rgba16.inc.c[0m
emcc: warning: linker setting ignored during compilation: 'FULL_ES2' [-Wunused-command-line-argument]
emcc: warning: linker setting ignored during compilation: 'FULL_ES2' [-Wunused-command-line-argument]
[0;32mConverting: [0;33mactors/mario/custom_mario_metal_light.rgba16.png[0;32m -> [0;34mbuild/us_web/actors/mario/custom_mario_metal_light.rgba16.inc.c[0m
[0;32mConverting: [0;33mactors/mario/custom_mario_metal_shade.rgba16.png[0;32m -> [0;34mbuild/us_web/actors/mario/custom_mario_metal_shade.rgba16.inc.c[0m
[0;32mConverting: [0;33mactors/mario/custom_mario_metal_wing_light.rgba16.png[0;32m -> [0;34mbuild/us_web/actors/mario/custom_mario_metal_wing_light.rgba16.inc.c[0m
[0;32mConverting: [0;33mactors/mario/custom_mario_metal_wing_shade.rgba16.png[0;32m -> [0;34mbuild/us_web/actors/mario/custom_mario_metal_wing_shade.rgba16.inc.c[0m
emcc: warning: linker setting ignored during compilation: 'FULL_ES2' [-Wunused-command-line-argument]
[0;32mConverting: [0;33mactors/mario/custom_mario_metal_wing_tip_light.rgba16.png[0;32m -> [0;34mbuild/us_web/actors/mario/custom_mario_metal_wing_tip_light.rgba16.inc.c[0m
[0;32mConverting: [0;33mactors/mario/custom_mario_metal_wing_tip_shade.rgba16.png[0;32m -> [0;34mbuild/us_web/actors/mario/custom_mario_metal_wing_tip_shade.rgba16.inc.c[0m
[0;32mConverting: [0;33mactors/mario/custom_mario_sideburn_add.rgba16.png[0;32m -> [0;34mbuild/us_web/actors/mario/custom_mario_sideburn_add.rgba16.inc.c[0m
[0;32mConverting: [0;33mactors/mario/custom_mario_sideburn.rgba16.png[0;32m -> [0;34mbuild/us_web/actors/mario/custom_mario_sideburn.rgba16.inc.c[0m
[0;32mConverting: [0;33mactors/mario/custom_mario_skin.rgba16.png[0;32m -> [0;34mbuild/us_web/actors/mario/custom_mario_skin.rgba16.inc.c[0m
[0;32mCompiling: [0;33mactors/group1.c[0;32m -> [0;34mbuild/us_web/actors/group1.o[0m
[0;32mCompiling: [0;33mactors/group0_geo.c[0;32m -> [0;34mbuild/us_web/actors/group0_geo.o[0m
[0;32mCompiling: [0;33mactors/group10.c[0;32m -> [0;34mbuild/us_web/actors/group10.o[0m
emcc: warning: linker setting ignored during compilation: 'FULL_ES2' [-Wunused-command-line-argument]
emcc: warning: linker setting ignored during compilation: 'FULL_ES2' [-Wunused-command-line-argument]
emcc: warning: linker setting ignored during compilation: 'FULL_ES2' [-Wunused-command-line-argument]
emcc: warning: linker setting ignored during compilation: 'FULL_ES2' [-Wunused-command-line-argument]
emcc: warning: linker setting ignored during compilation: 'FULL_ES2' [-Wunused-command-line-argument]
emcc: warning: linker setting ignored during compilation: 'FULL_ES2' [-Wunused-command-line-argument]
emcc: warning: linker setting ignored during compilation: 'FULL_ES2' [-Wunused-command-line-argument]
[0;32mCompiling: [0;33mactors/group10_geo.c[0;32m -> [0;34mbuild/us_web/actors/group10_geo.o[0m
emcc: warning: linker setting ignored during compilation: 'FULL_ES2' [-Wunused-command-line-argument]
[0;32mCompiling: [0;33mactors/group11.c[0;32m -> [0;34mbuild/us_web/actors/group11.o[0m
[0;32mCompiling: [0;33mactors/group11_geo.c[0;32m -> [0;34mbuild/us_web/actors/group11_geo.o[0m
emcc: warning: linker setting ignored during compilation: 'FULL_ES2' [-Wunused-command-line-argument]
emcc: warning: linker setting ignored during compilation: 'FULL_ES2' [-Wunused-command-line-argument]
[0;32mCompiling: [0;33mactors/group12.c[0;32m -> [0;34mbuild/us_web/actors/group12.o[0m
emcc: warning: linker setting ignored during compilation: 'FULL_ES2' [-Wunused-command-line-argument]
emcc: warning: linker setting ignored during compilation: 'FULL_ES2' [-Wunused-command-line-argument]
emcc: warning: linker setting ignored during compilation: 'FULL_ES2' [-Wunused-command-line-argument]
[0;32mCompiling: [0;33mactors/group12_geo.c[0;32m -> [0;34mbuild/us_web/actors/group12_geo.o[0m
emcc: warning: linker setting ignored during compilation: 'FULL_ES2' [-Wunused-command-line-argument]
[0;32mCompiling: [0;33mactors/group13.c[0;32m -> [0;34mbuild/us_web/actors/group13.o[0m
emcc: warning: linker setting ignored during compilation: 'FULL_ES2' [-Wunused-command-line-argument]
emcc: warning: linker setting ignored during compilation: 'FULL_ES2' [-Wunused-command-line-argument]
emcc: warning: linker setting ignored during compilation: 'FULL_ES2' [-Wunused-command-line-argument]
[0;32mCompiling: [0;33mactors/group13_geo.c[0;32m -> [0;34mbuild/us_web/actors/group13_geo.o[0m
emcc: warning: linker setting ignored during compilation: 'FULL_ES2' [-Wunused-command-line-argument]
emcc: warning: linker setting ignored during compilation: 'FULL_ES2' [-Wunused-command-line-argument]
[0;32mCompiling: [0;33mactors/group14.c[0;32m -> [0;34mbuild/us_web/actors/group14.o[0m
emcc: warning: linker setting ignored during compilation: 'FULL_ES2' [-Wunused-command-line-argument]
emcc: warning: linker setting ignored during compilation: 'FULL_ES2' [-Wunused-command-line-argument]
[0;32mCompiling: [0;33mactors/group15.c[0;32m -> [0;34mbuild/us_web/actors/group15.o[0m
[0;32mCompiling: [0;33mactors/group14_geo.c[0;32m -> [0;34mbuild/us_web/actors/group14_geo.o[0m
emcc: warning: linker setting ignored during compilation: 'FULL_ES2' [-Wunused-command-line-argument]
emcc: warning: linker setting ignored during compilation: 'FULL_ES2' [-Wunused-command-line-argument]
emcc: warning: linker setting ignored during compilation: 'FULL_ES2' [-Wunused-command-line-argument]
emcc: warning: linker setting ignored during compilation: 'FULL_ES2' [-Wunused-command-line-argument]
emcc: warning: linker setting ignored during compilation: 'FULL_ES2' [-Wunused-command-line-argument]
[0;32mCompiling: [0;33mactors/group15_geo.c[0;32m -> [0;34mbuild/us_web/actors/group15_geo.o[0m
[0;32mCompiling: [0;33mactors/group16.c[0;32m -> [0;34mbuild/us_web/actors/group16.o[0m
emcc: warning: linker setting ignored during compilation: 'FULL_ES2' [-Wunused-command-line-argument]
emcc: warning: linker setting ignored during compilation: 'FULL_ES2' [-Wunused-command-line-argument]
emcc: warning: linker setting ignored during compilation: 'FULL_ES2' [-Wunused-command-line-argument]
[0;32mCompiling: [0;33mactors/group16_geo.c[0;32m -> [0;34mbuild/us_web/actors/group16_geo.o[0m
emcc: warning: linker setting ignored during compilation: 'FULL_ES2' [-Wunused-command-line-argument]
emcc: warning: linker setting ignored during compilation: 'FULL_ES2' [-Wunused-command-line-argument]
[0;32mCompiling: [0;33mactors/group17.c[0;32m -> [0;34mbuild/us_web/actors/group17.o[0m
emcc: warning: linker setting ignored during compilation: 'FULL_ES2' [-Wunused-command-line-argument]
emcc: warning: linker setting ignored during compilation: 'FULL_ES2' [-Wunused-command-line-argument]
emcc: warning: linker setting ignored during compilation: 'FULL_ES2' [-Wunused-command-line-argument]
[0;32mCompiling: [0;33mactors/group17_geo.c[0;32m -> [0;34mbuild/us_web/actors/group17_geo.o[0m
[0;32mCompiling: [0;33mactors/group1_geo.c[0;32m -> [0;34mbuild/us_web/actors/group1_geo.o[0m
emcc: warning: linker setting ignored during compilation: 'FULL_ES2' [-Wunused-command-line-argument]
emcc: warning: linker setting ignored during compilation: 'FULL_ES2' [-Wunused-command-line-argument]
emcc: warning: linker setting ignored during compilation: 'FULL_ES2' [-Wunused-command-line-argument]
emcc: warning: linker setting ignored during compilation: 'FULL_ES2' [-Wunused-command-line-argument]
emcc: warning: linker setting ignored during compilation: 'FULL_ES2' [-Wunused-command-line-argument]
[0;32mCompiling: [0;33mactors/group2.c[0;32m -> [0;34mbuild/us_web/actors/group2.o[0m
[0;32mCompiling: [0;33mactors/group2_geo.c[0;32m -> [0;34mbuild/us_web/actors/group2_geo.o[0m
emcc: warning: linker setting ignored during compilation: 'FULL_ES2' [-Wunused-command-line-argument]
[0;32mCompiling: [0;33mactors/group3.c[0;32m -> [0;34mbuild/us_web/actors/group3.o[0m
[0;32mCompiling: [0;33mactors/group3_geo.c[0;32m -> [0;34mbuild/us_web/actors/group3_geo.o[0m
emcc: warning: linker setting ignored during compilation: 'FULL_ES2' [-Wunused-command-line-argument]
[0;32mCompiling: [0;33mactors/group4.c[0;32m -> [0;34mbuild/us_web/actors/group4.o[0m
emcc: warning: linker setting ignored during compilation: 'FULL_ES2' [-Wunused-command-line-argument]
emcc: warning: linker setting ignored during compilation: 'FULL_ES2' [-Wunused-command-line-argument]
emcc: warning: linker setting ignored during compilation: 'FULL_ES2' [-Wunused-command-line-argument]
emcc: warning: linker setting ignored during compilation: 'FULL_ES2' [-Wunused-command-line-argument]
emcc: warning: linker setting ignored during compilation: 'FULL_ES2' [-Wunused-command-line-argument]
emcc: warning: linker setting ignored during compilation: 'FULL_ES2' [-Wunused-command-line-argument]
emcc: warning: linker setting ignored during compilation: 'FULL_ES2' [-Wunused-command-line-argument]
[0;32mCompiling: [0;33mactors/group4_geo.c[0;32m -> [0;34mbuild/us_web/actors/group4_geo.o[0m
[0;32mCompiling: [0;33mactors/group5.c[0;32m -> [0;34mbuild/us_web/actors/group5.o[0m
emcc: warning: linker setting ignored during compilation: 'FULL_ES2' [-Wunused-command-line-argument]
emcc: warning: linker setting ignored during compilation: 'FULL_ES2' [-Wunused-command-line-argument]
emcc: warning: linker setting ignored during compilation: 'FULL_ES2' [-Wunused-command-line-argument]
emcc: warning: linker setting ignored during compilation: 'FULL_ES2' [-Wunused-command-line-argument]
emcc: warning: linker setting ignored during compilation: 'FULL_ES2' [-Wunused-command-line-argument]
[0;32mCompiling: [0;33mactors/group5_geo.c[0;32m -> [0;34mbuild/us_web/actors/group5_geo.o[0m
[0;32mCompiling: [0;33mactors/group6.c[0;32m -> [0;34mbuild/us_web/actors/group6.o[0m
emcc: warning: linker setting ignored during compilation: 'FULL_ES2' [-Wunused-command-line-argument]
[0;32mCompiling: [0;33mactors/group6_geo.c[0;32m -> [0;34mbuild/us_web/actors/group6_geo.o[0m
[0;32mCompiling: [0;33mactors/group7.c[0;32m -> [0;34mbuild/us_web/actors/group7.o[0m
emcc: warning: linker setting ignored during compilation: 'FULL_ES2' [-Wunused-command-line-argument]
[0;32mCompiling: [0;33mactors/group7_geo.c[0;32m -> [0;34mbuild/us_web/actors/group7_geo.o[0m
emcc: warning: linker setting ignored during compilation: 'FULL_ES2' [-Wunused-command-line-argument]
emcc: warning: linker setting ignored during compilation: 'FULL_ES2' [-Wunused-command-line-argument]
emcc: warning: linker setting ignored during compilation: 'FULL_ES2' [-Wunused-command-line-argument]
emcc: warning: linker setting ignored during compilation: 'FULL_ES2' [-Wunused-command-line-argument]
emcc: warning: linker setting ignored during compilation: 'FULL_ES2' [-Wunused-command-line-argument]
emcc: warning: linker setting ignored during compilation: 'FULL_ES2' [-Wunused-command-line-argument]
emcc: warning: linker setting ignored during compilation: 'FULL_ES2' [-Wunused-command-line-argument]
[0;32mCompiling: [0;33mactors/group8.c[0;32m -> [0;34mbuild/us_web/actors/group8.o[0m
[0;32mCompiling: [0;33mactors/group8_geo.c[0;32m -> [0;34mbuild/us_web/actors/group8_geo.o[0m
emcc: warning: linker setting ignored during compilation: 'FULL_ES2' [-Wunused-command-line-argument]
emcc: warning: linker setting ignored during compilation: 'FULL_ES2' [-Wunused-command-line-argument]
emcc: warning: linker setting ignored during compilation: 'FULL_ES2' [-Wunused-command-line-argument]
[0;32mCompiling: [0;33mactors/group9.c[0;32m -> [0;34mbuild/us_web/actors/group9.o[0m
emcc: warning: linker setting ignored during compilation: 'FULL_ES2' [-Wunused-command-line-argument]
[0;32mCompiling: [0;33mactors/group9_geo.c[0;32m -> [0;34mbuild/us_web/actors/group9_geo.o[0m
emcc: warning: linker setting ignored during compilation: 'FULL_ES2' [-Wunused-command-line-argument]
emcc: warning: linker setting ignored during compilation: 'FULL_ES2' [-Wunused-command-line-argument]
emcc: warning: linker setting ignored during compilation: 'FULL_ES2' [-Wunused-command-line-argument]
[0;32mConverting: [0;33mactors/luigi/custom_luigi_cap.rgba16.png[0;32m -> [0;34mbuild/us_web/actors/luigi/custom_luigi_cap.rgba16.inc.c[0m
[0;32mConverting: [0;33mactors/luigi/custom_luigi_logo.rgba16.png[0;32m -> [0;34mbuild/us_web/actors/luigi/custom_luigi_logo.rgba16.inc.c[0m
[0;32mConverting: [0;33mactors/luigi/custom_luigi_logo_blend.rgba16.png[0;32m -> [0;34mbuild/us_web/actors/luigi/custom_luigi_logo_blend.rgba16.inc.c[0m
[0;32mConverting: [0;33mactors/luigi/custom_luigi_mustache.rgba16.png[0;32m -> [0;34mbuild/us_web/actors/luigi/custom_luigi_mustache.rgba16.inc.c[0m
[0;32mConverting: [0;33mactors/luigi/custom_luigi_sideburn.rgba16.png[0;32m -> [0;34mbuild/us_web/actors/luigi/custom_luigi_sideburn.rgba16.inc.c[0m
[0;32mConverting: [0;33mactors/luigi/custom_luigi_sideburn_add.rgba16.png[0;32m -> [0;34mbuild/us_web/actors/luigi/custom_luigi_sideburn_add.rgba16.inc.c[0m
emcc: warning: linker setting ignored during compilation: 'FULL_ES2' [-Wunused-command-line-argument]
[0;32mConverting: [0;33mactors/luigi/custom_luigi_skin.rgba16.png[0;32m -> [0;34mbuild/us_web/actors/luigi/custom_luigi_skin.rgba16.inc.c[0m
emcc: warning: linker setting ignored during compilation: 'FULL_ES2' [-Wunused-command-line-argument]
[0;32mConverting: [0;33mactors/toad_player/custom_toad_cap.ia16.png[0;32m -> [0;34mbuild/us_web/actors/toad_player/custom_toad_cap.ia16.inc.c[0m
Warning: averaging RGB PNG to create IA
[0;32mConverting: [0;33mactors/toad_player/custom_toad_eyes_center.rgba32.png[0;32m -> [0;34mbuild/us_web/actors/toad_player/custom_toad_eyes_center.rgba32.inc.c[0m
[0;32mConverting: [0;33mactors/toad_player/custom_toad_eyes_closed.rgba32.png[0;32m -> [0;34mbuild/us_web/actors/toad_player/custom_toad_eyes_closed.rgba32.inc.c[0m
[0;32mConverting: [0;33mactors/toad_player/custom_toad_eyes_dead.rgba32.png[0;32m -> [0;34mbuild/us_web/actors/toad_player/custom_toad_eyes_dead.rgba32.inc.c[0m
[0;32mConverting: [0;33mactors/toad_player/custom_toad_eyes_down.rgba32.png[0;32m -> [0;34mbuild/us_web/actors/toad_player/custom_toad_eyes_down.rgba32.inc.c[0m
[0;32mConverting: [0;33mactors/toad_player/custom_toad_eyes_half_closed.rgba32.png[0;32m -> [0;34mbuild/us_web/actors/toad_player/custom_toad_eyes_half_closed.rgba32.inc.c[0m
[0;32mConverting: [0;33mactors/toad_player/custom_toad_eyes_left.rgba32.png[0;32m -> [0;34mbuild/us_web/actors/toad_player/custom_toad_eyes_left.rgba32.inc.c[0m
[0;32mConverting: [0;33mactors/toad_player/custom_toad_eyes_right.rgba32.png[0;32m -> [0;34mbuild/us_web/actors/toad_player/custom_toad_eyes_right.rgba32.inc.c[0m
[0;32mConverting: [0;33mactors/toad_player/custom_toad_eyes_up.rgba32.png[0;32m -> [0;34mbuild/us_web/actors/toad_player/custom_toad_eyes_up.rgba32.inc.c[0m
[0;32mConverting: [0;33mactors/toad_player/custom_toad_face_dead.rgba32.png[0;32m -> [0;34mbuild/us_web/actors/toad_player/custom_toad_face_dead.rgba32.inc.c[0m
[0;32mConverting: [0;33mactors/toad_player/custom_toad_face_neutral.rgba32.png[0;32m -> [0;34mbuild/us_web/actors/toad_player/custom_toad_face_neutral.rgba32.inc.c[0m
[0;32mConverting: [0;33mactors/toad_player/custom_toad_hair.ia16.png[0;32m -> [0;34mbuild/us_web/actors/toad_player/custom_toad_hair.ia16.inc.c[0m
Warning: averaging RGB PNG to create IA
[0;32mConverting: [0;33mactors/toad_player/custom_toad_spots.ia16.png[0;32m -> [0;34mbuild/us_web/actors/toad_player/custom_toad_spots.ia16.inc.c[0m
Warning: averaging RGB PNG to create IA
[0;32mConverting: [0;33mactors/waluigi/custom_waluigi_cap.rgba16.png[0;32m -> [0;34mbuild/us_web/actors/waluigi/custom_waluigi_cap.rgba16.inc.c[0m
[0;32mConverting: [0;33mactors/waluigi/custom_waluigi_eyes_closed.rgba16.png[0;32m -> [0;34mbuild/us_web/actors/waluigi/custom_waluigi_eyes_closed.rgba16.inc.c[0m
[0;32mConverting: [0;33mactors/waluigi/custom_waluigi_eyes_center.rgba16.png[0;32m -> [0;34mbuild/us_web/actors/waluigi/custom_waluigi_eyes_center.rgba16.inc.c[0m
[0;32mConverting: [0;33mactors/waluigi/custom_waluigi_eyes_dead.rgba16.png[0;32m -> [0;34mbuild/us_web/actors/waluigi/custom_waluigi_eyes_dead.rgba16.inc.c[0m
[0;32mConverting: [0;33mactors/waluigi/custom_waluigi_eyes_down_unused.rgba16.png[0;32m -> [0;34mbuild/us_web/actors/waluigi/custom_waluigi_eyes_down_unused.rgba16.inc.c[0m
[0;32mConverting: [0;33mactors/waluigi/custom_waluigi_eyes_half_closed.rgba16.png[0;32m -> [0;34mbuild/us_web/actors/waluigi/custom_waluigi_eyes_half_closed.rgba16.inc.c[0m
[0;32mConverting: [0;33mactors/waluigi/custom_waluigi_eyes_left_unused.rgba16.png[0;32m -> [0;34mbuild/us_web/actors/waluigi/custom_waluigi_eyes_left_unused.rgba16.inc.c[0m
[0;32mConverting: [0;33mactors/waluigi/custom_waluigi_eyes_right_unused.rgba16.png[0;32m -> [0;34mbuild/us_web/actors/waluigi/custom_waluigi_eyes_right_unused.rgba16.inc.c[0m
[0;32mConverting: [0;33mactors/waluigi/custom_waluigi_eyes_up_unused.rgba16.png[0;32m -> [0;34mbuild/us_web/actors/waluigi/custom_waluigi_eyes_up_unused.rgba16.inc.c[0m
[0;32mConverting: [0;33mactors/waluigi/custom_waluigi_logo.rgba16.png[0;32m -> [0;34mbuild/us_web/actors/waluigi/custom_waluigi_logo.rgba16.inc.c[0m
[0;32mConverting: [0;33mactors/waluigi/custom_waluigi_logo_blend.rgba16.png[0;32m -> [0;34mbuild/us_web/actors/waluigi/custom_waluigi_logo_blend.rgba16.inc.c[0m
[0;32mConverting: [0;33mactors/waluigi/custom_waluigi_mouth.rgba16.png[0;32m -> [0;34mbuild/us_web/actors/waluigi/custom_waluigi_mouth.rgba16.inc.c[0m
[0;32mConverting: [0;33mactors/waluigi/custom_waluigi_mouth_dead.rgba16.png[0;32m -> [0;34mbuild/us_web/actors/waluigi/custom_waluigi_mouth_dead.rgba16.inc.c[0m
[0;32mConverting: [0;33mactors/waluigi/custom_waluigi_sideburn.rgba16.png[0;32m -> [0;34mbuild/us_web/actors/waluigi/custom_waluigi_sideburn.rgba16.inc.c[0m
[0;32mConverting: [0;33mactors/waluigi/custom_waluigi_sideburn_add.rgba16.png[0;32m -> [0;34mbuild/us_web/actors/waluigi/custom_waluigi_sideburn_add.rgba16.inc.c[0m
[0;32mConverting: [0;33mactors/waluigi/custom_waluigi_skin.rgba16.png[0;32m -> [0;34mbuild/us_web/actors/waluigi/custom_waluigi_skin.rgba16.inc.c[0m
emcc: warning: linker setting ignored during compilation: 'FULL_ES2' [-Wunused-command-line-argument]
[0;32mConverting: [0;33mactors/wario/custom_wario_cap.rgba16.png[0;32m -> [0;34mbuild/us_web/actors/wario/custom_wario_cap.rgba16.inc.c[0m
[0;32mConverting: [0;33mactors/wario/custom_wario_eyes_closed.rgba16.png[0;32m -> [0;34mbuild/us_web/actors/wario/custom_wario_eyes_closed.rgba16.inc.c[0m
[0;32mConverting: [0;33mactors/wario/custom_wario_eyes_center.rgba16.png[0;32m -> [0;34mbuild/us_web/actors/wario/custom_wario_eyes_center.rgba16.inc.c[0m
[0;32mConverting: [0;33mactors/wario/custom_wario_eyes_dead.rgba16.png[0;32m -> [0;34mbuild/us_web/actors/wario/custom_wario_eyes_dead.rgba16.inc.c[0m
[0;32mConverting: [0;33mactors/wario/custom_wario_eyes_down_unused.rgba16.png[0;32m -> [0;34mbuild/us_web/actors/wario/custom_wario_eyes_down_unused.rgba16.inc.c[0m
[0;32mConverting: [0;33mactors/wario/custom_wario_eyes_half_closed.rgba16.png[0;32m -> [0;34mbuild/us_web/actors/wario/custom_wario_eyes_half_closed.rgba16.inc.c[0m
[0;32mConverting: [0;33mactors/wario/custom_wario_eyes_left_unused.rgba16.png[0;32m -> [0;34mbuild/us_web/actors/wario/custom_wario_eyes_left_unused.rgba16.inc.c[0m
[0;32mConverting: [0;33mactors/wario/custom_wario_eyes_right_unused.rgba16.png[0;32m -> [0;34mbuild/us_web/actors/wario/custom_wario_eyes_right_unused.rgba16.inc.c[0m
[0;32mConverting: [0;33mactors/wario/custom_wario_eyes_up_unused.rgba16.png[0;32m -> [0;34mbuild/us_web/actors/wario/custom_wario_eyes_up_unused.rgba16.inc.c[0m
[0;32mConverting: [0;33mactors/wario/custom_wario_logo_blend.rgba16.png[0;32m -> [0;34mbuild/us_web/actors/wario/custom_wario_logo_blend.rgba16.inc.c[0m
[0;32mConverting: [0;33mactors/wario/custom_wario_logo.rgba16.png[0;32m -> [0;34mbuild/us_web/actors/wario/custom_wario_logo.rgba16.inc.c[0m
[0;32mConverting: [0;33mactors/wario/custom_wario_mouth.rgba16.png[0;32m -> [0;34mbuild/us_web/actors/wario/custom_wario_mouth.rgba16.inc.c[0m
[0;32mConverting: [0;33mactors/wario/custom_wario_mouth_dead.rgba16.png[0;32m -> [0;34mbuild/us_web/actors/wario/custom_wario_mouth_dead.rgba16.inc.c[0m
[0;32mConverting: [0;33mactors/wario/custom_wario_sideburn.rgba16.png[0;32m -> [0;34mbuild/us_web/actors/wario/custom_wario_sideburn.rgba16.inc.c[0m
[0;32mConverting: [0;33mactors/wario/custom_wario_overalls_button.rgba16.png[0;32m -> [0;34mbuild/us_web/actors/wario/custom_wario_overalls_button.rgba16.inc.c[0m
[0;32mConverting: [0;33mactors/wario/custom_wario_sideburn_add.rgba16.png[0;32m -> [0;34mbuild/us_web/actors/wario/custom_wario_sideburn_add.rgba16.inc.c[0m
[0;32mConverting: [0;33mactors/wario/custom_wario_skin.rgba16.png[0;32m -> [0;34mbuild/us_web/actors/wario/custom_wario_skin.rgba16.inc.c[0m
[0;32mCompiling: [0;33mactors/zcustom0_geo.c[0;32m -> [0;34mbuild/us_web/actors/zcustom0_geo.o[0m
[0;32mCompiling: [0;33mlevels/entry.c[0;32m -> [0;34mbuild/us_web/levels/entry.o[0m
emcc: warning: linker setting ignored during compilation: 'FULL_ES2' [-Wunused-command-line-argument]
[0;32mPreprocessing level headers: [0;33mlevels/level_headers.h.in[0;32m -> [0;34mbuild/us_web/include/level_headers.h[0m
[0;32mCompiling: [0;33mbin/bbh_skybox.c[0;32m -> [0;34mbuild/us_web/bin/bbh_skybox.o[0m
[0;32mCompiling: [0;33mbin/bitdw_skybox.c[0;32m -> [0;34mbuild/us_web/bin/bitdw_skybox.o[0m
[0;32mCompiling: [0;33mbin/bitfs_skybox.c[0;32m -> [0;34mbuild/us_web/bin/bitfs_skybox.o[0m
emcc: warning: linker setting ignored during compilation: 'FULL_ES2' [-Wunused-command-line-argument]
emcc: warning: linker setting ignored during compilation: 'FULL_ES2' [-Wunused-command-line-argument]
emcc: warning: linker setting ignored during compilation: 'FULL_ES2' [-Wunused-command-line-argument]
emcc: warning: linker setting ignored during compilation: 'FULL_ES2' [-Wunused-command-line-argument]
emcc: warning: linker setting ignored during compilation: 'FULL_ES2' [-Wunused-command-line-argument]
[0;32mCompiling: [0;33mbin/bits_skybox.c[0;32m -> [0;34mbuild/us_web/bin/bits_skybox.o[0m
emcc: warning: linker setting ignored during compilation: 'FULL_ES2' [-Wunused-command-line-argument]
[0;32mCompiling: [0;33mbin/cave.c[0;32m -> [0;34mbuild/us_web/bin/cave.o[0m
emcc: warning: linker setting ignored during compilation: 'FULL_ES2' [-Wunused-command-line-argument]
emcc: warning: linker setting ignored during compilation: 'FULL_ES2' [-Wunused-command-line-argument]
emcc: warning: linker setting ignored during compilation: 'FULL_ES2' [-Wunused-command-line-argument]
[0;32mCompiling: [0;33mbin/ccm_skybox.c[0;32m -> [0;34mbuild/us_web/bin/ccm_skybox.o[0m
emcc: warning: linker setting ignored during compilation: 'FULL_ES2' [-Wunused-command-line-argument]
emcc: warning: linker setting ignored during compilation: 'FULL_ES2' [-Wunused-command-line-argument]
emcc: warning: linker setting ignored during compilation: 'FULL_ES2' [-Wunused-command-line-argument]
[0;32mCompiling: [0;33mbin/cloud_floor_skybox.c[0;32m -> [0;34mbuild/us_web/bin/cloud_floor_skybox.o[0m
emcc: warning: linker setting ignored during compilation: 'FULL_ES2' [-Wunused-command-line-argument]
emcc: warning: linker setting ignored during compilation: 'FULL_ES2' [-Wunused-command-line-argument]
[0;32mCompiling: [0;33mbin/clouds_skybox.c[0;32m -> [0;34mbuild/us_web/bin/clouds_skybox.o[0m
emcc: warning: linker setting ignored during compilation: 'FULL_ES2' [-Wunused-command-line-argument]
[0;32mConverting: [0;33mtextures/custom_font/custom_font_aliased.rgba32.png[0;32m -> [0;34mbuild/us_web/textures/custom_font/custom_font_aliased.rgba32.inc.c[0m
emcc: warning: linker setting ignored during compilation: 'FULL_ES2' [-Wunused-command-line-argument]
[0;32mConverting: [0;33mtextures/custom_font/custom_font_hud.rgba32.png[0;32m -> [0;34mbuild/us_web/textures/custom_font/custom_font_hud.rgba32.inc.c[0m
emcc: warning: linker setting ignored during compilation: 'FULL_ES2' [-Wunused-command-line-argument]
emcc: warning: linker setting ignored during compilation: 'FULL_ES2' [-Wunused-command-line-argument]
emcc: warning: linker setting ignored during compilation: 'FULL_ES2' [-Wunused-command-line-argument]
[0;32mConverting: [0;33mtextures/custom_font/custom_font_hud_recolor.rgba32.png[0;32m -> [0;34mbuild/us_web/textures/custom_font/custom_font_hud_recolor.rgba32.inc.c[0m
[0;32mConverting: [0;33mtextures/custom_font/custom_font_jp.rgba32.png[0;32m -> [0;34mbuild/us_web/textures/custom_font/custom_font_jp.rgba32.inc.c[0m
[0;32mConverting: [0;33mtextures/custom_font/custom_font_jp_aliased.rgba32.png[0;32m -> [0;34mbuild/us_web/textures/custom_font/custom_font_jp_aliased.rgba32.inc.c[0m
emcc: warning: linker setting ignored during compilation: 'FULL_ES2' [-Wunused-command-line-argument]
[0;32mConverting: [0;33mtextures/custom_font/custom_font_normal.rgba32.png[0;32m -> [0;34mbuild/us_web/textures/custom_font/custom_font_normal.rgba32.inc.c[0m
emcc: warning: linker setting ignored during compilation: 'FULL_ES2' [-Wunused-command-line-argument]
[0;32mConverting: [0;33mtextures/custom_font/custom_font_special.rgba32.png[0;32m -> [0;34mbuild/us_web/textures/custom_font/custom_font_special.rgba32.inc.c[0m
emcc: warning: linker setting ignored during compilation: 'FULL_ES2' [-Wunused-command-line-argument]
[0;32mConverting: [0;33mtextures/custom_font/custom_font_title.rgba32.png[0;32m -> [0;34mbuild/us_web/textures/custom_font/custom_font_title.rgba32.inc.c[0m
[0;32mConverting: [0;33mtextures/segment2/custom_hud_ampersand.rgba16.png[0;32m -> [0;34mbuild/us_web/textures/segment2/custom_hud_ampersand.rgba16.inc.c[0m
[0;32mConverting: [0;33mtextures/segment2/custom_hud_comma.rgba16.png[0;32m -> [0;34mbuild/us_web/textures/segment2/custom_hud_comma.rgba16.inc.c[0m
[0;32mConverting: [0;33mtextures/segment2/custom_coopdx_logo.rgba32.png[0;32m -> [0;34mbuild/us_web/textures/segment2/custom_coopdx_logo.rgba32.inc.c[0m
[0;32mConverting: [0;33mtextures/segment2/custom_hud_divide.rgba16.png[0;32m -> [0;34mbuild/us_web/textures/segment2/custom_hud_divide.rgba16.inc.c[0m
[0;32mConverting: [0;33mtextures/segment2/custom_hud_dash.rgba16.png[0;32m -> [0;34mbuild/us_web/textures/segment2/custom_hud_dash.rgba16.inc.c[0m
[0;32mConverting: [0;33mtextures/segment2/custom_hud_exclamation.rgba16.png[0;32m -> [0;34mbuild/us_web/textures/segment2/custom_hud_exclamation.rgba16.inc.c[0m
[0;32mConverting: [0;33mtextures/segment2/custom_hud_hashtag.rgba16.png[0;32m -> [0;34mbuild/us_web/textures/segment2/custom_hud_hashtag.rgba16.inc.c[0m
[0;32mConverting: [0;33mtextures/segment2/custom_hud_j.rgba16.png[0;32m -> [0;34mbuild/us_web/textures/segment2/custom_hud_j.rgba16.inc.c[0m
[0;32mConverting: [0;33mtextures/segment2/custom_hud_key.rgba16.png[0;32m -> [0;34mbuild/us_web/textures/segment2/custom_hud_key.rgba16.inc.c[0m
[0;32mConverting: [0;33mtextures/segment2/custom_hud_percent.rgba16.png[0;32m -> [0;34mbuild/us_web/textures/segment2/custom_hud_percent.rgba16.inc.c[0m
[0;32mConverting: [0;33mtextures/segment2/custom_hud_period.rgba16.png[0;32m -> [0;34mbuild/us_web/textures/segment2/custom_hud_period.rgba16.inc.c[0m
[0;32mConverting: [0;33mtextures/segment2/custom_hud_q.rgba16.png[0;32m -> [0;34mbuild/us_web/textures/segment2/custom_hud_q.rgba16.inc.c[0m
[0;32mConverting: [0;33mtextures/segment2/custom_hud_plus.rgba16.png[0;32m -> [0;34mbuild/us_web/textures/segment2/custom_hud_plus.rgba16.inc.c[0m
[0;32mConverting: [0;33mtextures/segment2/custom_hud_slash.rgba16.png[0;32m -> [0;34mbuild/us_web/textures/segment2/custom_hud_slash.rgba16.inc.c[0m
[0;32mConverting: [0;33mtextures/segment2/custom_hud_v.rgba16.png[0;32m -> [0;34mbuild/us_web/textures/segment2/custom_hud_v.rgba16.inc.c[0m
[0;32mConverting: [0;33mtextures/segment2/custom_hud_x.rgba16.png[0;32m -> [0;34mbuild/us_web/textures/segment2/custom_hud_x.rgba16.inc.c[0m
[0;32mConverting: [0;33mtextures/segment2/custom_hud_z.rgba16.png[0;32m -> [0;34mbuild/us_web/textures/segment2/custom_hud_z.rgba16.inc.c[0m
[0;32mConverting: [0;33mtextures/segment2/custom_luigi_head.rgba16.png[0;32m -> [0;34mbuild/us_web/textures/segment2/custom_luigi_head.rgba16.inc.c[0m
[0;32mConverting: [0;33mtextures/segment2/custom_ping_empty.rgba16.png[0;32m -> [0;34mbuild/us_web/textures/segment2/custom_ping_empty.rgba16.inc.c[0m
[0;32mConverting: [0;33mtextures/segment2/custom_ping_four.rgba16.png[0;32m -> [0;34mbuild/us_web/textures/segment2/custom_ping_four.rgba16.inc.c[0m
[0;32mConverting: [0;33mtextures/segment2/custom_ping_full.rgba16.png[0;32m -> [0;34mbuild/us_web/textures/segment2/custom_ping_full.rgba16.inc.c[0m
[0;32mConverting: [0;33mtextures/segment2/custom_ping_one.rgba16.png[0;32m -> [0;34mbuild/us_web/textures/segment2/custom_ping_one.rgba16.inc.c[0m
[0;32mConverting: [0;33mtextures/segment2/custom_ping_three.rgba16.png[0;32m -> [0;34mbuild/us_web/textures/segment2/custom_ping_three.rgba16.inc.c[0m
[0;32mConverting: [0;33mtextures/segment2/custom_ping_two.rgba16.png[0;32m -> [0;34mbuild/us_web/textures/segment2/custom_ping_two.rgba16.inc.c[0m
[0;32mConverting: [0;33mtextures/segment2/custom_selectionbox_back_icon.rgba16.png[0;32m -> [0;34mbuild/us_web/textures/segment2/custom_selectionbox_back_icon.rgba16.inc.c[0m
[0;32mConverting: [0;33mtextures/segment2/custom_selectionbox_forward_icon.rgba16.png[0;32m -> [0;34mbuild/us_web/textures/segment2/custom_selectionbox_forward_icon.rgba16.inc.c[0m
[0;32mConverting: [0;33mtextures/segment2/custom_toad_head.rgba16.png[0;32m -> [0;34mbuild/us_web/textures/segment2/custom_toad_head.rgba16.inc.c[0m
[0;32mConverting: [0;33mtextures/segment2/custom_wario_head.rgba16.png[0;32m -> [0;34mbuild/us_web/textures/segment2/custom_wario_head.rgba16.inc.c[0m
[0;32mConverting: [0;33mtextures/segment2/custom_waluigi_head.rgba16.png[0;32m -> [0;34mbuild/us_web/textures/segment2/custom_waluigi_head.rgba16.inc.c[0m
[0;32mCompiling: [0;33mbin/debug_level_select.c[0;32m -> [0;34mbuild/us_web/bin/debug_level_select.o[0m
[0;32mConverting: [0;33mtextures/segment2/shadow_spike_custom.ia8.png[0;32m -> [0;34mbuild/us_web/textures/segment2/shadow_spike_custom.ia8.inc.c[0m
Warning: averaging RGB PNG to create IA
[0;32mCompiling: [0;33mbin/effect.c[0;32m -> [0;34mbuild/us_web/bin/effect.o[0m
emcc: warning: linker setting ignored during compilation: 'FULL_ES2' [-Wunused-command-line-argument]
emcc: warning: linker setting ignored during compilation: 'FULL_ES2' [-Wunused-command-line-argument]
[0;32mCompiling: [0;33mbin/fire.c[0;32m -> [0;34mbuild/us_web/bin/fire.o[0m
emcc: warning: linker setting ignored during compilation: 'FULL_ES2' [-Wunused-command-line-argument]
[0;32mCompiling: [0;33mbin/generic.c[0;32m -> [0;34mbuild/us_web/bin/generic.o[0m
emcc: warning: linker setting ignored during compilation: 'FULL_ES2' [-Wunused-command-line-argument]
[0;32mCompiling: [0;33mbin/grass.c[0;32m -> [0;34mbuild/us_web/bin/grass.o[0m
emcc: warning: linker setting ignored during compilation: 'FULL_ES2' [-Wunused-command-line-argument]
[0;32mCompiling: [0;33mbin/inside.c[0;32m -> [0;34mbuild/us_web/bin/inside.o[0m
emcc: warning: linker setting ignored during compilation: 'FULL_ES2' [-Wunused-command-line-argument]
emcc: warning: linker setting ignored during compilation: 'FULL_ES2' [-Wunused-command-line-argument]
emcc: warning: linker setting ignored during compilation: 'FULL_ES2' [-Wunused-command-line-argument]
[0;32mCompiling: [0;33mbin/machine.c[0;32m -> [0;34mbuild/us_web/bin/machine.o[0m
emcc: warning: linker setting ignored during compilation: 'FULL_ES2' [-Wunused-command-line-argument]
[0;32mCompiling: [0;33mbin/mountain.c[0;32m -> [0;34mbuild/us_web/bin/mountain.o[0m
emcc: warning: linker setting ignored during compilation: 'FULL_ES2' [-Wunused-command-line-argument]
emcc: warning: linker setting ignored during compilation: 'FULL_ES2' [-Wunused-command-line-argument]
emcc: warning: linker setting ignored during compilation: 'FULL_ES2' [-Wunused-command-line-argument]
emcc: warning: linker setting ignored during compilation: 'FULL_ES2' [-Wunused-command-line-argument]
[0;32mCompiling: [0;33mbin/outside.c[0;32m -> [0;34mbuild/us_web/bin/outside.o[0m
emcc: warning: linker setting ignored during compilation: 'FULL_ES2' [-Wunused-command-line-argument]
[0;32mPreprocessing: [0;34mbuild/us_web/text/us/define_text.inc.c [0m
[0;32mCompiling: [0;33mbin/sky.c[0;32m -> [0;34mbuild/us_web/bin/sky.o[0m
emcc: warning: linker setting ignored during compilation: 'FULL_ES2' [-Wunused-command-line-argument]
emcc: warning: linker setting ignored during compilation: 'FULL_ES2' [-Wunused-command-line-argument]
emcc: warning: linker setting ignored during compilation: 'FULL_ES2' [-Wunused-command-line-argument]
[0;32mCompiling: [0;33mbin/snow.c[0;32m -> [0;34mbuild/us_web/bin/snow.o[0m
[0;32mCompiling: [0;33mbin/spooky.c[0;32m -> [0;34mbuild/us_web/bin/spooky.o[0m
emcc: warning: linker setting ignored during compilation: 'FULL_ES2' [-Wunused-command-line-argument]
[0;32mCompiling: [0;33mbin/ssl_skybox.c[0;32m -> [0;34mbuild/us_web/bin/ssl_skybox.o[0m
emcc: warning: linker setting ignored during compilation: 'FULL_ES2' [-Wunused-command-line-argument]
emcc: warning: linker setting ignored during compilation: 'FULL_ES2' [-Wunused-command-line-argument]
emcc: warning: linker setting ignored during compilation: 'FULL_ES2' [-Wunused-command-line-argument]
emcc: warning: linker setting ignored during compilation: 'FULL_ES2' [-Wunused-command-line-argument]
[0;32mCompiling: [0;33mbin/title_screen_bg.c[0;32m -> [0;34mbuild/us_web/bin/title_screen_bg.o[0m
emcc: warning: linker setting ignored during compilation: 'FULL_ES2' [-Wunused-command-line-argument]
[0;32mCompiling: [0;33mbin/water.c[0;32m -> [0;34mbuild/us_web/bin/water.o[0m
emcc: warning: linker setting ignored during compilation: 'FULL_ES2' [-Wunused-command-line-argument]
emcc: warning: linker setting ignored during compilation: 'FULL_ES2' [-Wunused-command-line-argument]
emcc: warning: linker setting ignored during compilation: 'FULL_ES2' [-Wunused-command-line-argument]
emcc: warning: linker setting ignored during compilation: 'FULL_ES2' [-Wunused-command-line-argument]
[0;32mCompiling: [0;33mbin/water_skybox.c[0;32m -> [0;34mbuild/us_web/bin/water_skybox.o[0m
[0;32mCompiling: [0;33mbin/wdw_skybox.c[0;32m -> [0;34mbuild/us_web/bin/wdw_skybox.o[0m
emcc: warning: linker setting ignored during compilation: 'FULL_ES2' [-Wunused-command-line-argument]
[0;32mCompiling: [0;33mdata/behavior_data.c[0;32m -> [0;34mbuild/us_web/data/behavior_data.o[0m
emcc: warning: linker setting ignored during compilation: 'FULL_ES2' [-Wunused-command-line-argument]
emcc: warning: linker setting ignored during compilation: 'FULL_ES2' [-Wunused-command-line-argument]
emcc: warning: linker setting ignored during compilation: 'FULL_ES2' [-Wunused-command-line-argument]
[0;32mCompiling: [0;33mdata/behavior_table.c[0;32m -> [0;34mbuild/us_web/data/behavior_table.o[0m
[0;32mCompiling: [0;33msound/samples_assets.c[0;32m -> [0;34mbuild/us_web/sound/samples_assets.o[0m
[0;32mCompiling: [0;33msound/sequences_assets.c[0;32m -> [0;34mbuild/us_web/sound/sequences_assets.o[0m
emcc: warning: linker setting ignored during compilation: 'FULL_ES2' [-Wunused-command-line-argument]
emcc: warning: linker setting ignored during compilation: 'FULL_ES2' [-Wunused-command-line-argument]
emcc: warning: linker setting ignored during compilation: 'FULL_ES2' [-Wunused-command-line-argument]
emcc: warning: linker setting ignored during compilation: 'FULL_ES2' [-Wunused-command-line-argument]
emcc: warning: linker setting ignored during compilation: 'FULL_ES2' [-Wunused-command-line-argument]
emcc: warning: linker setting ignored during compilation: 'FULL_ES2' [-Wunused-command-line-argument]
emcc: warning: linker setting ignored during compilation: 'FULL_ES2' [-Wunused-command-line-argument]
In file included from data/behavior_table.c:3:
In file included from src/pc/lua/smlua_hooks.h:7:
In file included from src/pc/lua/smlua.h:19:
src/pc/debuglog.h:39:13: warning: unused function '_debuglog_print_log' [-Wunused-function]
   39 | static void _debuglog_print_log(const char* logType, char* filename) {
      |             ^~~~~~~~~~~~~~~~~~~
1 warning generated.
[0;32mDecompressing:  [0;34mbuild/us_web/sound/sound_data.ctl [0m
[0;32mDecompressing:  [0;34mbuild/us_web/sound/sound_data.tbl [0m
[0;32mDecompressing:  [0;34mbuild/us_web/sound/sequences.bin [0m
[0;32mDecompressing:  [0;34mbuild/us_web/sound/bank_sets [0m
[0;32mCompiling: [0;33msrc/pc/apparition.inc.c[0;32m -> [0;34mbuild/us_web/src/pc/apparition.inc.o[0m
[0;32mCompiling: [0;33msrc/pc/chat_commands.c[0;32m -> [0;34mbuild/us_web/src/pc/chat_commands.o[0m
[0;32mCompiling: [0;33msrc/pc/cliopts.c[0;32m -> [0;34mbuild/us_web/src/pc/cliopts.o[0m
[0;32mCompiling: [0;33msrc/pc/configfile.c[0;32m -> [0;34mbuild/us_web/src/pc/configfile.o[0m
emcc: warning: linker setting ignored during compilation: 'FULL_ES2' [-Wunused-command-line-argument]
emcc: warning: linker setting ignored during compilation: 'FULL_ES2' [-Wunused-command-line-argument]
emcc: warning: linker setting ignored during compilation: 'FULL_ES2' [-Wunused-command-line-argument]
emcc: warning: linker setting ignored during compilation: 'FULL_ES2' [-Wunused-command-line-argument]
emcc: warning: linker setting ignored during compilation: 'FULL_ES2' [-Wunused-command-line-argument]
[0;32mCompiling: [0;33msrc/pc/crash_handler.c[0;32m -> [0;34mbuild/us_web/src/pc/crash_handler.o[0m
emcc: warning: linker setting ignored during compilation: 'FULL_ES2' [-Wunused-command-line-argument]
emcc: warning: linker setting ignored during compilation: 'FULL_ES2' [-Wunused-command-line-argument]
emcc: warning: linker setting ignored during compilation: 'FULL_ES2' [-Wunused-command-line-argument]
[0;32mCompiling: [0;33msrc/pc/debug_context.c[0;32m -> [0;34mbuild/us_web/src/pc/debug_context.o[0m
[0;32mCompiling: [0;33msrc/pc/dialog_table.c[0;32m -> [0;34mbuild/us_web/src/pc/dialog_table.o[0m
src/pc/apparition.inc.c:3:31: warning: unused variable 'apparition_texture_1' [-Wunused-const-variable]
    3 | static ALIGNED8 const Texture apparition_texture_1[] = {
      |                               ^~~~~~~~~~~~~~~~~~~~
src/pc/apparition.inc.c:6:31: warning: unused variable 'apparition_texture_2' [-Wunused-const-variable]
    6 | static ALIGNED8 const Texture apparition_texture_2[] = {
      |                               ^~~~~~~~~~~~~~~~~~~~
src/pc/apparition.inc.c:9:31: warning: unused variable 'apparition_texture_3' [-Wunused-const-variable]
    9 | static ALIGNED8 const Texture apparition_texture_3[] = {
      |                               ^~~~~~~~~~~~~~~~~~~~
src/pc/apparition.inc.c:12:31: warning: unused variable 'apparition_texture_4' [-Wunused-const-variable]
   12 | static ALIGNED8 const Texture apparition_texture_4[] = {
      |                               ^~~~~~~~~~~~~~~~~~~~
4 warnings generated.
In file included from src/pc/chat_commands.c:3:
In file included from src/pc/lua/smlua_hooks.h:7:
In file included from src/pc/lua/smlua.h:19:
src/pc/debuglog.h:39:13: warning: unused function '_debuglog_print_log' [-Wunused-function]
   39 | static void _debuglog_print_log(const char* logType, char* filename) {
      |             ^~~~~~~~~~~~~~~~~~~
1 warning generated.
emcc: warning: linker setting ignored during compilation: 'FULL_ES2' [-Wunused-command-line-argument]
emcc: warning: linker setting ignored during compilation: 'FULL_ES2' [-Wunused-command-line-argument]
[0;32mCompiling: [0;33msrc/pc/ini.c[0;32m -> [0;34mbuild/us_web/src/pc/ini.o[0m
emcc: warning: linker setting ignored during compilation: 'FULL_ES2' [-Wunused-command-line-argument]
emcc: warning: linker setting ignored during compilation: 'FULL_ES2' [-Wunused-command-line-argument]
emcc: warning: linker setting ignored during compilation: 'FULL_ES2' [-Wunused-command-line-argument]
emcc: warning: linker setting ignored during compilation: 'FULL_ES2' [-Wunused-command-line-argument]
emcc: warning: linker setting ignored during compilation: 'FULL_ES2' [-Wunused-command-line-argument]
In file included from src/pc/dialog_table.c:2:
In file included from src/pc/lua/smlua.h:19:
src/pc/debuglog.h:39:13: warning: unused function '_debuglog_print_log' [-Wunused-function]
   39 | static void _debuglog_print_log(const char* logType, char* filename) {
      |             ^~~~~~~~~~~~~~~~~~~
1 warning generated.
[0;32mCompiling: [0;33msrc/pc/loading.c[0;32m -> [0;34mbuild/us_web/src/pc/loading.o[0m
emcc: warning: linker setting ignored during compilation: 'FULL_ES2' [-Wunused-command-line-argument]
[0;32mCompiling: [0;33msrc/pc/mixer.c[0;32m -> [0;34mbuild/us_web/src/pc/mixer.o[0m
[0;32mCompiling: [0;33msrc/pc/nametags.c[0;32m -> [0;34mbuild/us_web/src/pc/nametags.o[0m
emcc: warning: linker setting ignored during compilation: 'FULL_ES2' [-Wunused-command-line-argument]
emcc: warning: linker setting ignored during compilation: 'FULL_ES2' [-Wunused-command-line-argument]
[0;32mCompiling: [0;33msrc/pc/pc_main.c[0;32m -> [0;34mbuild/us_web/src/pc/pc_main.o[0m
emcc: warning: linker setting ignored during compilation: 'FULL_ES2' [-Wunused-command-line-argument]
emcc: warning: linker setting ignored during compilation: 'FULL_ES2' [-Wunused-command-line-argument]
[0;32mCompiling: [0;33msrc/pc/platform.c[0;32m -> [0;34mbuild/us_web/src/pc/platform.o[0m
emcc: warning: linker setting ignored during compilation: 'FULL_ES2' [-Wunused-command-line-argument]
[0;32mCompiling: [0;33msrc/pc/rom_assets.c[0;32m -> [0;34mbuild/us_web/src/pc/rom_assets.o[0m
emcc: warning: linker setting ignored during compilation: 'FULL_ES2' [-Wunused-command-line-argument]
emcc: warning: linker setting ignored during compilation: 'FULL_ES2' [-Wunused-command-line-argument]
src/pc/mixer.c:20:13: warning: unknown pragma ignored [-Wunknown-pragmas]
   20 | #pragma GCC optimize ("unroll-loops")
      |             ^
1 warning generated.
[0;32mCompiling: [0;33msrc/pc/thread.c[0;32m -> [0;34mbuild/us_web/src/pc/thread.o[0m
emcc: warning: linker setting ignored during compilation: 'FULL_ES2' [-Wunused-command-line-argument]
[0;32mCompiling: [0;33msrc/pc/ultra_reimplementation.c[0;32m -> [0;34mbuild/us_web/src/pc/ultra_reimplementation.o[0m
In file included from src/pc/nametags.c:9:
In file included from src/pc/lua/utils/smlua_misc_utils.h:6:
In file included from src/pc/lua/smlua_utils.h:4:
In file included from src/pc/lua/smlua.h:19:
src/pc/debuglog.h:39:13: warning: unused function '_debuglog_print_log' [-Wunused-function]
   39 | static void _debuglog_print_log(const char* logType, char* filename) {
      |             ^~~~~~~~~~~~~~~~~~~
1 warning generated.
emcc: warning: linker setting ignored during compilation: 'FULL_ES2' [-Wunused-command-line-argument]
emcc: warning: linker setting ignored during compilation: 'FULL_ES2' [-Wunused-command-line-argument]
emcc: warning: linker setting ignored during compilation: 'FULL_ES2' [-Wunused-command-line-argument]
emcc: warning: linker setting ignored during compilation: 'FULL_ES2' [-Wunused-command-line-argument]
emcc: warning: linker setting ignored during compilation: 'FULL_ES2' [-Wunused-command-line-argument]
In file included from src/pc/platform.c:22:
src/pc/debuglog.h:39:13: warning: unused function '_debuglog_print_log' [-Wunused-function]
   39 | static void _debuglog_print_log(const char* logType, char* filename) {
      |             ^~~~~~~~~~~~~~~~~~~
1 warning generated.
emcc: warning: linker setting ignored during compilation: 'FULL_ES2' [-Wunused-command-line-argument]
emcc: warning: linker setting ignored during compilation: 'FULL_ES2' [-Wunused-command-line-argument]
[0;32mCompiling: [0;33msrc/pc/update_checker.c[0;32m -> [0;34mbuild/us_web/src/pc/update_checker.o[0m
[0;32mCompiling: [0;33msrc/pc/gfx/gfx_cc.c[0;32m -> [0;34mbuild/us_web/src/pc/gfx/gfx_cc.o[0m
emcc: warning: linker setting ignored during compilation: 'FULL_ES2' [-Wunused-command-line-argument]
emcc: warning: linker setting ignored during compilation: 'FULL_ES2' [-Wunused-command-line-argument]
emcc: warning: linker setting ignored during compilation: 'FULL_ES2' [-Wunused-command-line-argument]
[0;32mCompiling: [0;33msrc/pc/gfx/gfx_dummy.c[0;32m -> [0;34mbuild/us_web/src/pc/gfx/gfx_dummy.o[0m
emcc: warning: linker setting ignored during compilation: 'FULL_ES2' [-Wunused-command-line-argument]
emcc: warning: linker setting ignored during compilation: 'FULL_ES2' [-Wunused-command-line-argument]
emcc: warning: linker setting ignored during compilation: 'FULL_ES2' [-Wunused-command-line-argument]
emcc: warning: linker setting ignored during compilation: 'FULL_ES2' [-Wunused-command-line-argument]
[0;32mCompiling: [0;33msrc/pc/gfx/gfx_opengl.c[0;32m -> [0;34mbuild/us_web/src/pc/gfx/gfx_opengl.o[0m
[0;32mCompiling: [0;33msrc/pc/gfx/gfx_pc.c[0;32m -> [0;34mbuild/us_web/src/pc/gfx/gfx_pc.o[0m
[0;32mCompiling: [0;33msrc/pc/gfx/gfx_opengl_legacy.c[0;32m -> [0;34mbuild/us_web/src/pc/gfx/gfx_opengl_legacy.o[0m
[0;32mCompiling: [0;33msrc/pc/gfx/gfx_sdl1.c[0;32m -> [0;34mbuild/us_web/src/pc/gfx/gfx_sdl1.o[0m
emcc: warning: linker setting ignored during compilation: 'FULL_ES2' [-Wunused-command-line-argument]
[0;32mCompiling: [0;33msrc/pc/gfx/gfx_sdl2.c[0;32m -> [0;34mbuild/us_web/src/pc/gfx/gfx_sdl2.o[0m
emcc: warning: linker setting ignored during compilation: 'FULL_ES2' [-Wunused-command-line-argument]
In file included from src/pc/gfx/gfx_dummy.c:19:
src/pc/debuglog.h:39:13: warning: unused function '_debuglog_print_log' [-Wunused-function]
   39 | static void _debuglog_print_log(const char* logType, char* filename) {
      |             ^~~~~~~~~~~~~~~~~~~
src/pc/gfx/gfx_dummy.c:54:13: warning: unused function 'gfx_dummy_wm_set_fullscreen' [-Wunused-function]
   54 | static void gfx_dummy_wm_set_fullscreen(UNUSED bool enable) {
      |             ^~~~~~~~~~~~~~~~~~~~~~~~~~~
2 warnings generated.
emcc: warning: linker setting ignored during compilation: 'FULL_ES2' [-Wunused-command-line-argument]
emcc: warning: linker setting ignored during compilation: 'FULL_ES2' [-Wunused-command-line-argument]
emcc: warning: linker setting ignored during compilation: 'FULL_ES2' [-Wunused-command-line-argument]
emcc: warning: linker setting ignored during compilation: 'FULL_ES2' [-Wunused-command-line-argument]
emcc: warning: linker setting ignored during compilation: 'FULL_ES2' [-Wunused-command-line-argument]
[0;32mCompiling: [0;33msrc/pc/audio/audio_null.c[0;32m -> [0;34mbuild/us_web/src/pc/audio/audio_null.o[0m
emcc: warning: linker setting ignored during compilation: 'FULL_ES2' [-Wunused-command-line-argument]
src/pc/gfx/gfx_opengl.c:79:15: warning: unused variable 'opengl_vao' [-Wunused-variable]
   79 | static GLuint opengl_vao;
      |               ^~~~~~~~~~
src/pc/gfx/gfx_opengl.c:683:20: warning: unused function 'gl_get_version' [-Wunused-function]
  683 | static inline bool gl_get_version(int *major, int *minor, bool *is_es) {
      |                    ^~~~~~~~~~~~~~
2 warnings generated.
src/pc/gfx/gfx_sdl2.c:233:18: warning: unused variable 'state' [-Wunused-variable]
  233 |     const Uint8 *state = SDL_GetKeyboardState(NULL);
      |                  ^~~~~
1 warning generated.
emcc: warning: linker setting ignored during compilation: 'FULL_ES2' [-Wunused-command-line-argument]
src/pc/gfx/gfx_pc.c:135:22: warning: unused variable 'missing_texture' [-Wunused-const-variable]
  135 | static const uint8_t missing_texture[MISSING_W * MISSING_H * 4] = {
      |                      ^~~~~~~~~~~~~~~
1 warning generated.
[0;32mCompiling: [0;33msrc/pc/audio/audio_sdl1.c[0;32m -> [0;34mbuild/us_web/src/pc/audio/audio_sdl1.o[0m
emcc: warning: linker setting ignored during compilation: 'FULL_ES2' [-Wunused-command-line-argument]
emcc: warning: linker setting ignored during compilation: 'FULL_ES2' [-Wunused-command-line-argument]
emcc: warning: linker setting ignored during compilation: 'FULL_ES2' [-Wunused-command-line-argument]
emcc: warning: linker setting ignored during compilation: 'FULL_ES2' [-Wunused-command-line-argument]
[0;32mCompiling: [0;33msrc/pc/audio/audio_sdl2.c[0;32m -> [0;34mbuild/us_web/src/pc/audio/audio_sdl2.o[0m
[0;32mCompiling: [0;33msrc/pc/controller/controller_bind_mapping.c[0;32m -> [0;34mbuild/us_web/src/pc/controller/controller_bind_mapping.o[0m
emcc: warning: linker setting ignored during compilation: 'FULL_ES2' [-Wunused-command-line-argument]
[0;32mCompiling: [0;33msrc/pc/controller/controller_entry_point.c[0;32m -> [0;34mbuild/us_web/src/pc/controller/controller_entry_point.o[0m
emcc: warning: linker setting ignored during compilation: 'FULL_ES2' [-Wunused-command-line-argument]
emcc: warning: linker setting ignored during compilation: 'FULL_ES2' [-Wunused-command-line-argument]
[0;32mCompiling: [0;33msrc/pc/controller/controller_keyboard.c[0;32m -> [0;34mbuild/us_web/src/pc/controller/controller_keyboard.o[0m
emcc: warning: linker setting ignored during compilation: 'FULL_ES2' [-Wunused-command-line-argument]
emcc: warning: linker setting ignored during compilation: 'FULL_ES2' [-Wunused-command-line-argument]
emcc: warning: linker setting ignored during compilation: 'FULL_ES2' [-Wunused-command-line-argument]
emcc: warning: linker setting ignored during compilation: 'FULL_ES2' [-Wunused-command-line-argument]
[0;32mCompiling: [0;33msrc/pc/controller/controller_mouse.c[0;32m -> [0;34mbuild/us_web/src/pc/controller/controller_mouse.o[0m
emcc: warning: linker setting ignored during compilation: 'FULL_ES2' [-Wunused-command-line-argument]
[0;32mCompiling: [0;33msrc/pc/controller/controller_sdl1.c[0;32m -> [0;34mbuild/us_web/src/pc/controller/controller_sdl1.o[0m
[0;32mCompiling: [0;33msrc/pc/controller/controller_sdl2.c[0;32m -> [0;34mbuild/us_web/src/pc/controller/controller_sdl2.o[0m
emcc: warning: linker setting ignored during compilation: 'FULL_ES2' [-Wunused-command-line-argument]
emcc: warning: linker setting ignored during compilation: 'FULL_ES2' [-Wunused-command-line-argument]
emcc: warning: linker setting ignored during compilation: 'FULL_ES2' [-Wunused-command-line-argument]
emcc: warning: linker setting ignored during compilation: 'FULL_ES2' [-Wunused-command-line-argument]
emcc: warning: linker setting ignored during compilation: 'FULL_ES2' [-Wunused-command-line-argument]
emcc: warning: linker setting ignored during compilation: 'FULL_ES2' [-Wunused-command-line-argument]
emcc: warning: linker setting ignored during compilation: 'FULL_ES2' [-Wunused-command-line-argument]
[0;32mCompiling: [0;33msrc/pc/fs/dirtree.c[0;32m -> [0;34mbuild/us_web/src/pc/fs/dirtree.o[0m
[0;32mCompiling: [0;33msrc/pc/fs/fmem.c[0;32m -> [0;34mbuild/us_web/src/pc/fs/fmem.o[0m
[0;32mCompiling: [0;33msrc/pc/fs/fs.c[0;32m -> [0;34mbuild/us_web/src/pc/fs/fs.o[0m
In file included from src/pc/controller/controller_sdl2.c:27:
In file included from src/pc/lua/utils/smlua_misc_utils.h:6:
In file included from src/pc/lua/smlua_utils.h:4:
In file included from src/pc/lua/smlua.h:19:
src/pc/debuglog.h:39:13: warning: unused function '_debuglog_print_log' [-Wunused-function]
   39 | static void _debuglog_print_log(const char* logType, char* filename) {
      |             ^~~~~~~~~~~~~~~~~~~
1 warning generated.
emcc: warning: linker setting ignored during compilation: 'FULL_ES2' [-Wunused-command-line-argument]
emcc: warning: linker setting ignored during compilation: 'FULL_ES2' [-Wunused-command-line-argument]
emcc: warning: linker setting ignored during compilation: 'FULL_ES2' [-Wunused-command-line-argument]
emcc: warning: linker setting ignored during compilation: 'FULL_ES2' [-Wunused-command-line-argument]
emcc: warning: linker setting ignored during compilation: 'FULL_ES2' [-Wunused-command-line-argument]
[0;32mCompiling: [0;33msrc/pc/fs/fs_packtype_dir.c[0;32m -> [0;34mbuild/us_web/src/pc/fs/fs_packtype_dir.o[0m
[0;32mCompiling: [0;33msrc/pc/mods/mod.c[0;32m -> [0;34mbuild/us_web/src/pc/mods/mod.o[0m
[0;32mCompiling: [0;33msrc/pc/mods/mod_cache.c[0;32m -> [0;34mbuild/us_web/src/pc/mods/mod_cache.o[0m
emcc: warning: linker setting ignored during compilation: 'FULL_ES2' [-Wunused-command-line-argument]
emcc: warning: linker setting ignored during compilation: 'FULL_ES2' [-Wunused-command-line-argument]
emcc: warning: linker setting ignored during compilation: 'FULL_ES2' [-Wunused-command-line-argument]
emcc: warning: linker setting ignored during compilation: 'FULL_ES2' [-Wunused-command-line-argument]
emcc: warning: linker setting ignored during compilation: 'FULL_ES2' [-Wunused-command-line-argument]
emcc: warning: linker setting ignored during compilation: 'FULL_ES2' [-Wunused-command-line-argument]
emcc: warning: linker setting ignored during compilation: 'FULL_ES2' [-Wunused-command-line-argument]
emcc: warning: linker setting ignored during compilation: 'FULL_ES2' [-Wunused-command-line-argument]
[0;32mCompiling: [0;33msrc/pc/mods/mod_import.c[0;32m -> [0;34mbuild/us_web/src/pc/mods/mod_import.o[0m
[0;32mCompiling: [0;33msrc/pc/mods/mods.c[0;32m -> [0;34mbuild/us_web/src/pc/mods/mods.o[0m
In file included from src/pc/mods/mod_cache.c:5:
src/pc/debuglog.h:39:13: warning: unused function '_debuglog_print_log' [-Wunused-function]
   39 | static void _debuglog_print_log(const char* logType, char* filename) {
      |             ^~~~~~~~~~~~~~~~~~~
1 warning generated.
[0;32mCompiling: [0;33msrc/pc/mods/mods_utils.c[0;32m -> [0;34mbuild/us_web/src/pc/mods/mods_utils.o[0m
[0;32mCompiling: [0;33msrc/pc/dev/chat.c[0;32m -> [0;34mbuild/us_web/src/pc/dev/chat.o[0m
emcc: warning: linker setting ignored during compilation: 'FULL_ES2' [-Wunused-command-line-argument]
emcc: warning: linker setting ignored during compilation: 'FULL_ES2' [-Wunused-command-line-argument]
emcc: warning: linker setting ignored during compilation: 'FULL_ES2' [-Wunused-command-line-argument]
emcc: warning: linker setting ignored during compilation: 'FULL_ES2' [-Wunused-command-line-argument]
emcc: warning: linker setting ignored during compilation: 'FULL_ES2' [-Wunused-command-line-argument]
[0;32mCompiling: [0;33msrc/pc/network/ban_list.c[0;32m -> [0;34mbuild/us_web/src/pc/network/ban_list.o[0m
emcc: warning: linker setting ignored during compilation: 'FULL_ES2' [-Wunused-command-line-argument]
emcc: warning: linker setting ignored during compilation: 'FULL_ES2' [-Wunused-command-line-argument]
[0;32mCompiling: [0;33msrc/pc/network/lag_compensation.c[0;32m -> [0;34mbuild/us_web/src/pc/network/lag_compensation.o[0m
[0;32mCompiling: [0;33msrc/pc/network/moderator_list.c[0;32m -> [0;34mbuild/us_web/src/pc/network/moderator_list.o[0m
In file included from src/pc/dev/chat.c:3:
In file included from src/pc/lua/smlua_hooks.h:7:
In file included from src/pc/lua/smlua.h:19:
src/pc/debuglog.h:39:13: warning: unused function '_debuglog_print_log' [-Wunused-function]
   39 | static void _debuglog_print_log(const char* logType, char* filename) {
      |             ^~~~~~~~~~~~~~~~~~~
1 warning generated.
emcc: warning: linker setting ignored during compilation: 'FULL_ES2' [-Wunused-command-line-argument]
emcc: warning: linker setting ignored during compilation: 'FULL_ES2' [-Wunused-command-line-argument]
emcc: warning: linker setting ignored during compilation: 'FULL_ES2' [-Wunused-command-line-argument]
emcc: warning: linker setting ignored during compilation: 'FULL_ES2' [-Wunused-command-line-argument]
emcc: warning: linker setting ignored during compilation: 'FULL_ES2' [-Wunused-command-line-argument]
emcc: warning: linker setting ignored during compilation: 'FULL_ES2' [-Wunused-command-line-argument]
emcc: warning: linker setting ignored during compilation: 'FULL_ES2' [-Wunused-command-line-argument]
[0;32mCompiling: [0;33msrc/pc/network/network.c[0;32m -> [0;34mbuild/us_web/src/pc/network/network.o[0m
[0;32mCompiling: [0;33msrc/pc/network/network_player.c[0;32m -> [0;34mbuild/us_web/src/pc/network/network_player.o[0m
In file included from src/pc/network/lag_compensation.c:4:
src/pc/debuglog.h:39:13: warning: unused function '_debuglog_print_log' [-Wunused-function]
   39 | static void _debuglog_print_log(const char* logType, char* filename) {
      |             ^~~~~~~~~~~~~~~~~~~
1 warning generated.
emcc: warning: linker setting ignored during compilation: 'FULL_ES2' [-Wunused-command-line-argument]
[0;32mCompiling: [0;33msrc/pc/network/network_utils.c[0;32m -> [0;34mbuild/us_web/src/pc/network/network_utils.o[0m
[0;32mCompiling: [0;33msrc/pc/network/sync_object.c[0;32m -> [0;34mbuild/us_web/src/pc/network/sync_object.o[0m
emcc: warning: linker setting ignored during compilation: 'FULL_ES2' [-Wunused-command-line-argument]
[0;32mCompiling: [0;33msrc/pc/network/version.c[0;32m -> [0;34mbuild/us_web/src/pc/network/version.o[0m
emcc: warning: linker setting ignored during compilation: 'FULL_ES2' [-Wunused-command-line-argument]
emcc: warning: linker setting ignored during compilation: 'FULL_ES2' [-Wunused-command-line-argument]
emcc: warning: linker setting ignored during compilation: 'FULL_ES2' [-Wunused-command-line-argument]
emcc: warning: linker setting ignored during compilation: 'FULL_ES2' [-Wunused-command-line-argument]
emcc: warning: linker setting ignored during compilation: 'FULL_ES2' [-Wunused-command-line-argument]
[0;32mCompiling: [0;33msrc/pc/network/packets/packet.c[0;32m -> [0;34mbuild/us_web/src/pc/network/packets/packet.o[0m
[0;32mCompiling: [0;33msrc/pc/network/packets/packet_area.c[0;32m -> [0;34mbuild/us_web/src/pc/network/packets/packet_area.o[0m
emcc: warning: linker setting ignored during compilation: 'FULL_ES2' [-Wunused-command-line-argument]
emcc: warning: linker setting ignored during compilation: 'FULL_ES2' [-Wunused-command-line-argument]
emcc: warning: linker setting ignored during compilation: 'FULL_ES2' [-Wunused-command-line-argument]
emcc: warning: linker setting ignored during compilation: 'FULL_ES2' [-Wunused-command-line-argument]
emcc: warning: linker setting ignored during compilation: 'FULL_ES2' [-Wunused-command-line-argument]
emcc: warning: linker setting ignored during compilation: 'FULL_ES2' [-Wunused-command-line-argument]
emcc: warning: linker setting ignored during compilation: 'FULL_ES2' [-Wunused-command-line-argument]
[0;32mCompiling: [0;33msrc/pc/network/packets/packet_area_request.c[0;32m -> [0;34mbuild/us_web/src/pc/network/packets/packet_area_request.o[0m
emcc: warning: linker setting ignored during compilation: 'FULL_ES2' [-Wunused-command-line-argument]
[0;32mCompiling: [0;33msrc/pc/network/packets/packet_change_area.c[0;32m -> [0;34mbuild/us_web/src/pc/network/packets/packet_change_area.o[0m
[0;32mCompiling: [0;33msrc/pc/network/packets/packet_change_level.c[0;32m -> [0;34mbuild/us_web/src/pc/network/packets/packet_change_level.o[0m
[0;32mCompiling: [0;33msrc/pc/network/packets/packet_change_water_level.c[0;32m -> [0;34mbuild/us_web/src/pc/network/packets/packet_change_water_level.o[0m
[0;32mCompiling: [0;33msrc/pc/network/packets/packet_chat.c[0;32m -> [0;34mbuild/us_web/src/pc/network/packets/packet_chat.o[0m
[0;32mCompiling: [0;33msrc/pc/network/packets/packet_collect_coin.c[0;32m -> [0;34mbuild/us_web/src/pc/network/packets/packet_collect_coin.o[0m
emcc: warning: linker setting ignored during compilation: 'FULL_ES2' [-Wunused-command-line-argument]
emcc: warning: linker setting ignored during compilation: 'FULL_ES2' [-Wunused-command-line-argument]
emcc: warning: linker setting ignored during compilation: 'FULL_ES2' [-Wunused-command-line-argument]
emcc: warning: linker setting ignored during compilation: 'FULL_ES2' [-Wunused-command-line-argument]
In file included from src/pc/network/packets/packet_area_request.c:4:
src/pc/debuglog.h:39:13: warning: unused function '_debuglog_print_log' [-Wunused-function]
   39 | static void _debuglog_print_log(const char* logType, char* filename) {
      |             ^~~~~~~~~~~~~~~~~~~
1 warning generated.
emcc: warning: linker setting ignored during compilation: 'FULL_ES2' [-Wunused-command-line-argument]
emcc: warning: linker setting ignored during compilation: 'FULL_ES2' [-Wunused-command-line-argument]
emcc: warning: linker setting ignored during compilation: 'FULL_ES2' [-Wunused-command-line-argument]
emcc: warning: linker setting ignored during compilation: 'FULL_ES2' [-Wunused-command-line-argument]
[0;32mCompiling: [0;33msrc/pc/network/packets/packet_collect_item.c[0;32m -> [0;34mbuild/us_web/src/pc/network/packets/packet_collect_item.o[0m
[0;32mCompiling: [0;33msrc/pc/network/packets/packet_collect_star.c[0;32m -> [0;34mbuild/us_web/src/pc/network/packets/packet_collect_star.o[0m
In file included from src/pc/network/packets/packet_collect_coin.c:12:
In file included from src/pc/lua/smlua_hooks.h:7:
In file included from src/pc/lua/smlua.h:19:
src/pc/debuglog.h:39:13: warning: unused function '_debuglog_print_log' [-Wunused-function]
   39 | static void _debuglog_print_log(const char* logType, char* filename) {
      |             ^~~~~~~~~~~~~~~~~~~
1 warning generated.
emcc: warning: linker setting ignored during compilation: 'FULL_ES2' [-Wunused-command-line-argument]
emcc: warning: linker setting ignored during compilation: 'FULL_ES2' [-Wunused-command-line-argument]
emcc: warning: linker setting ignored during compilation: 'FULL_ES2' [-Wunused-command-line-argument]
emcc: warning: linker setting ignored during compilation: 'FULL_ES2' [-Wunused-command-line-argument]
emcc: warning: linker setting ignored during compilation: 'FULL_ES2' [-Wunused-command-line-argument]
emcc: warning: linker setting ignored during compilation: 'FULL_ES2' [-Wunused-command-line-argument]
emcc: warning: linker setting ignored during compilation: 'FULL_ES2' [-Wunused-command-line-argument]
[0;32mCompiling: [0;33msrc/pc/network/packets/packet_command_mod.c[0;32m -> [0;34mbuild/us_web/src/pc/network/packets/packet_command_mod.o[0m
In file included from src/pc/network/packets/packet_collect_star.c:11:
In file included from src/pc/lua/smlua_hooks.h:7:
In file included from src/pc/lua/smlua.h:19:
src/pc/debuglog.h:39:13: warning: unused function '_debuglog_print_log' [-Wunused-function]
   39 | static void _debuglog_print_log(const char* logType, char* filename) {
      |             ^~~~~~~~~~~~~~~~~~~
1 warning generated.
In file included from src/pc/network/packets/packet_collect_item.c:11:
In file included from src/pc/lua/smlua_hooks.h:7:
In file included from src/pc/lua/smlua.h:19:
src/pc/debuglog.h:39:13: warning: unused function '_debuglog_print_log' [-Wunused-function]
   39 | static void _debuglog_print_log(const char* logType, char* filename) {
      |             ^~~~~~~~~~~~~~~~~~~
1 warning generated.
emcc: warning: linker setting ignored during compilation: 'FULL_ES2' [-Wunused-command-line-argument]
[0;32mCompiling: [0;33msrc/pc/network/packets/packet_death.c[0;32m -> [0;34mbuild/us_web/src/pc/network/packets/packet_death.o[0m
[0;32mCompiling: [0;33msrc/pc/network/packets/packet_custom.c[0;32m -> [0;34mbuild/us_web/src/pc/network/packets/packet_custom.o[0m
[0;32mCompiling: [0;33msrc/pc/network/packets/packet_debug_sync.c[0;32m -> [0;34mbuild/us_web/src/pc/network/packets/packet_debug_sync.o[0m
[0;32mCompiling: [0;33msrc/pc/network/packets/packet_download.c[0;32m -> [0;34mbuild/us_web/src/pc/network/packets/packet_download.o[0m
emcc: warning: linker setting ignored during compilation: 'FULL_ES2' [-Wunused-command-line-argument]
[0;32mCompiling: [0;33msrc/pc/network/packets/packet_global_popup.c[0;32m -> [0;34mbuild/us_web/src/pc/network/packets/packet_global_popup.o[0m
emcc: warning: linker setting ignored during compilation: 'FULL_ES2' [-Wunused-command-line-argument]
emcc: warning: linker setting ignored during compilation: 'FULL_ES2' [-Wunused-command-line-argument]
emcc: warning: linker setting ignored during compilation: 'FULL_ES2' [-Wunused-command-line-argument]
emcc: warning: linker setting ignored during compilation: 'FULL_ES2' [-Wunused-command-line-argument]
emcc: warning: linker setting ignored during compilation: 'FULL_ES2' [-Wunused-command-line-argument]
emcc: warning: linker setting ignored during compilation: 'FULL_ES2' [-Wunused-command-line-argument]
[0;32mCompiling: [0;33msrc/pc/network/packets/packet_join.c[0;32m -> [0;34mbuild/us_web/src/pc/network/packets/packet_join.o[0m
[0;32mCompiling: [0;33msrc/pc/network/packets/packet_keep_alive.c[0;32m -> [0;34mbuild/us_web/src/pc/network/packets/packet_keep_alive.o[0m
emcc: warning: linker setting ignored during compilation: 'FULL_ES2' [-Wunused-command-line-argument]
emcc: warning: linker setting ignored during compilation: 'FULL_ES2' [-Wunused-command-line-argument]
emcc: warning: linker setting ignored during compilation: 'FULL_ES2' [-Wunused-command-line-argument]
emcc: warning: linker setting ignored during compilation: 'FULL_ES2' [-Wunused-command-line-argument]
emcc: warning: linker setting ignored during compilation: 'FULL_ES2' [-Wunused-command-line-argument]
emcc: warning: linker setting ignored during compilation: 'FULL_ES2' [-Wunused-command-line-argument]
emcc: warning: linker setting ignored during compilation: 'FULL_ES2' [-Wunused-command-line-argument]
[0;32mCompiling: [0;33msrc/pc/network/packets/packet_kick.c[0;32m -> [0;34mbuild/us_web/src/pc/network/packets/packet_kick.o[0m
emcc: warning: linker setting ignored during compilation: 'FULL_ES2' [-Wunused-command-line-argument]
In file included from src/pc/network/packets/packet_keep_alive.c:4:
src/pc/debuglog.h:39:13: warning: unused function '_debuglog_print_log' [-Wunused-function]
   39 | static void _debuglog_print_log(const char* logType, char* filename) {
      |             ^~~~~~~~~~~~~~~~~~~
1 warning generated.
[0;32mCompiling: [0;33msrc/pc/network/packets/packet_leaving.c[0;32m -> [0;34mbuild/us_web/src/pc/network/packets/packet_leaving.o[0m
[0;32mCompiling: [0;33msrc/pc/network/packets/packet_level.c[0;32m -> [0;34mbuild/us_web/src/pc/network/packets/packet_level.o[0m
emcc: warning: linker setting ignored during compilation: 'FULL_ES2' [-Wunused-command-line-argument]
[0;32mCompiling: [0;33msrc/pc/network/packets/packet_level_area_inform.c[0;32m -> [0;34mbuild/us_web/src/pc/network/packets/packet_level_area_inform.o[0m
emcc: warning: linker setting ignored during compilation: 'FULL_ES2' [-Wunused-command-line-argument]
[0;32mCompiling: [0;33msrc/pc/network/packets/packet_level_area_request.c[0;32m -> [0;34mbuild/us_web/src/pc/network/packets/packet_level_area_request.o[0m
[0;32mCompiling: [0;33msrc/pc/network/packets/packet_level_macro.c[0;32m -> [0;34mbuild/us_web/src/pc/network/packets/packet_level_macro.o[0m
emcc: warning: linker setting ignored during compilation: 'FULL_ES2' [-Wunused-command-line-argument]
emcc: warning: linker setting ignored during compilation: 'FULL_ES2' [-Wunused-command-line-argument]
emcc: warning: linker setting ignored during compilation: 'FULL_ES2' [-Wunused-command-line-argument]
emcc: warning: linker setting ignored during compilation: 'FULL_ES2' [-Wunused-command-line-argument]
emcc: warning: linker setting ignored during compilation: 'FULL_ES2' [-Wunused-command-line-argument]
[0;32mCompiling: [0;33msrc/pc/network/packets/packet_level_request.c[0;32m -> [0;34mbuild/us_web/src/pc/network/packets/packet_level_request.o[0m
emcc: warning: linker setting ignored during compilation: 'FULL_ES2' [-Wunused-command-line-argument]
emcc: warning: linker setting ignored during compilation: 'FULL_ES2' [-Wunused-command-line-argument]
[0;32mCompiling: [0;33msrc/pc/network/packets/packet_level_respawn_info.c[0;32m -> [0;34mbuild/us_web/src/pc/network/packets/packet_level_respawn_info.o[0m
emcc: warning: linker setting ignored during compilation: 'FULL_ES2' [-Wunused-command-line-argument]
In file included from src/pc/network/packets/packet_level_area_request.c:4:
src/pc/debuglog.h:39:13: warning: unused function '_debuglog_print_log' [-Wunused-function]
   39 | static void _debuglog_print_log(const char* logType, char* filename) {
      |             ^~~~~~~~~~~~~~~~~~~
1 warning generated.
emcc: warning: linker setting ignored during compilation: 'FULL_ES2' [-Wunused-command-line-argument]
emcc: warning: linker setting ignored during compilation: 'FULL_ES2' [-Wunused-command-line-argument]
emcc: warning: linker setting ignored during compilation: 'FULL_ES2' [-Wunused-command-line-argument]
emcc: warning: linker setting ignored during compilation: 'FULL_ES2' [-Wunused-command-line-argument]
[0;32mCompiling: [0;33msrc/pc/network/packets/packet_level_spawn_info.c[0;32m -> [0;34mbuild/us_web/src/pc/network/packets/packet_level_spawn_info.o[0m
emcc: warning: linker setting ignored during compilation: 'FULL_ES2' [-Wunused-command-line-argument]
In file included from src/pc/network/packets/packet_level_request.c:4:
src/pc/debuglog.h:39:13: warning: unused function '_debuglog_print_log' [-Wunused-function]
   39 | static void _debuglog_print_log(const char* logType, char* filename) {
      |             ^~~~~~~~~~~~~~~~~~~
1 warning generated.
[0;32mCompiling: [0;33msrc/pc/network/packets/packet_lua_custom.c[0;32m -> [0;34mbuild/us_web/src/pc/network/packets/packet_lua_custom.o[0m
emcc: warning: linker setting ignored during compilation: 'FULL_ES2' [-Wunused-command-line-argument]
[0;32mCompiling: [0;33msrc/pc/network/packets/packet_lua_sync_table.c[0;32m -> [0;34mbuild/us_web/src/pc/network/packets/packet_lua_sync_table.o[0m
emcc: warning: linker setting ignored during compilation: 'FULL_ES2' [-Wunused-command-line-argument]
[0;32mCompiling: [0;33msrc/pc/network/packets/packet_mod_list.c[0;32m -> [0;34mbuild/us_web/src/pc/network/packets/packet_mod_list.o[0m
emcc: warning: linker setting ignored during compilation: 'FULL_ES2' [-Wunused-command-line-argument]
[0;32mCompiling: [0;33msrc/pc/network/packets/packet_network_players.c[0;32m -> [0;34mbuild/us_web/src/pc/network/packets/packet_network_players.o[0m
emcc: warning: linker setting ignored during compilation: 'FULL_ES2' [-Wunused-command-line-argument]
emcc: warning: linker setting ignored during compilation: 'FULL_ES2' [-Wunused-command-line-argument]
emcc: warning: linker setting ignored during compilation: 'FULL_ES2' [-Wunused-command-line-argument]
[0;32mCompiling: [0;33msrc/pc/network/packets/packet_object.c[0;32m -> [0;34mbuild/us_web/src/pc/network/packets/packet_object.o[0m
In file included from src/pc/network/packets/packet_level_spawn_info.c:15:
src/pc/debuglog.h:39:13: warning: unused function '_debuglog_print_log' [-Wunused-function]
   39 | static void _debuglog_print_log(const char* logType, char* filename) {
      |             ^~~~~~~~~~~~~~~~~~~
1 warning generated.
emcc: warning: linker setting ignored during compilation: 'FULL_ES2' [-Wunused-command-line-argument]
emcc: warning: linker setting ignored during compilation: 'FULL_ES2' [-Wunused-command-line-argument]
[0;32mCompiling: [0;33msrc/pc/network/packets/packet_ordered.c[0;32m -> [0;34mbuild/us_web/src/pc/network/packets/packet_ordered.o[0m
emcc: warning: linker setting ignored during compilation: 'FULL_ES2' [-Wunused-command-line-argument]
emcc: warning: linker setting ignored during compilation: 'FULL_ES2' [-Wunused-command-line-argument]
[0;32mCompiling: [0;33msrc/pc/network/packets/packet_ping.c[0;32m -> [0;34mbuild/us_web/src/pc/network/packets/packet_ping.o[0m
emcc: warning: linker setting ignored during compilation: 'FULL_ES2' [-Wunused-command-line-argument]
emcc: warning: linker setting ignored during compilation: 'FULL_ES2' [-Wunused-command-line-argument]
emcc: warning: linker setting ignored during compilation: 'FULL_ES2' [-Wunused-command-line-argument]
emcc: warning: linker setting ignored during compilation: 'FULL_ES2' [-Wunused-command-line-argument]
emcc: warning: linker setting ignored during compilation: 'FULL_ES2' [-Wunused-command-line-argument]
[0;32mCompiling: [0;33msrc/pc/network/packets/packet_player.c[0;32m -> [0;34mbuild/us_web/src/pc/network/packets/packet_player.o[0m
emcc: warning: linker setting ignored during compilation: 'FULL_ES2' [-Wunused-command-line-argument]
emcc: warning: linker setting ignored during compilation: 'FULL_ES2' [-Wunused-command-line-argument]
[0;32mCompiling: [0;33msrc/pc/network/packets/packet_player_settings.c[0;32m -> [0;34mbuild/us_web/src/pc/network/packets/packet_player_settings.o[0m
[0;32mCompiling: [0;33msrc/pc/network/packets/packet_read_write.c[0;32m -> [0;34mbuild/us_web/src/pc/network/packets/packet_read_write.o[0m
emcc: warning: linker setting ignored during compilation: 'FULL_ES2' [-Wunused-command-line-argument]
[0;32mCompiling: [0;33msrc/pc/network/packets/packet_reliable.c[0;32m -> [0;34mbuild/us_web/src/pc/network/packets/packet_reliable.o[0m
emcc: warning: linker setting ignored during compilation: 'FULL_ES2' [-Wunused-command-line-argument]
emcc: warning: linker setting ignored during compilation: 'FULL_ES2' [-Wunused-command-line-argument]
[0;32mCompiling: [0;33msrc/pc/network/packets/packet_request_failed.c[0;32m -> [0;34mbuild/us_web/src/pc/network/packets/packet_request_failed.o[0m
emcc: warning: linker setting ignored during compilation: 'FULL_ES2' [-Wunused-command-line-argument]
emcc: warning: linker setting ignored during compilation: 'FULL_ES2' [-Wunused-command-line-argument]
emcc: warning: linker setting ignored during compilation: 'FULL_ES2' [-Wunused-command-line-argument]
In file included from src/pc/network/packets/packet_player.c:18:
src/pc/debuglog.h:39:13: warning: unused function '_debuglog_print_log' [-Wunused-function]
   39 | static void _debuglog_print_log(const char* logType, char* filename) {
      |             ^~~~~~~~~~~~~~~~~~~
emcc: warning: linker setting ignored during compilation: 'FULL_ES2' [-Wunused-command-line-argument]
1 warning generated.
[0;32mCompiling: [0;33msrc/pc/network/packets/packet_save_file.c[0;32m -> [0;34mbuild/us_web/src/pc/network/packets/packet_save_file.o[0m
[0;32mCompiling: [0;33msrc/pc/network/packets/packet_save_remove_flag.c[0;32m -> [0;34mbuild/us_web/src/pc/network/packets/packet_save_remove_flag.o[0m
emcc: warning: linker setting ignored during compilation: 'FULL_ES2' [-Wunused-command-line-argument]
[0;32mCompiling: [0;33msrc/pc/network/packets/packet_save_set_flag.c[0;32m -> [0;34mbuild/us_web/src/pc/network/packets/packet_save_set_flag.o[0m
emcc: warning: linker setting ignored during compilation: 'FULL_ES2' [-Wunused-command-line-argument]
emcc: warning: linker setting ignored during compilation: 'FULL_ES2' [-Wunused-command-line-argument]
emcc: warning: linker setting ignored during compilation: 'FULL_ES2' [-Wunused-command-line-argument]
emcc: warning: linker setting ignored during compilation: 'FULL_ES2' [-Wunused-command-line-argument]
emcc: warning: linker setting ignored during compilation: 'FULL_ES2' [-Wunused-command-line-argument]
emcc: warning: linker setting ignored during compilation: 'FULL_ES2' [-Wunused-command-line-argument]
emcc: warning: linker setting ignored during compilation: 'FULL_ES2' [-Wunused-command-line-argument]
[0;32mCompiling: [0;33msrc/pc/network/packets/packet_spawn_objects.c[0;32m -> [0;34mbuild/us_web/src/pc/network/packets/packet_spawn_objects.o[0m
[0;32mCompiling: [0;33msrc/pc/network/packets/packet_spawn_star.c[0;32m -> [0;34mbuild/us_web/src/pc/network/packets/packet_spawn_star.o[0m
emcc: warning: linker setting ignored during compilation: 'FULL_ES2' [-Wunused-command-line-argument]
[0;32mCompiling: [0;33msrc/pc/network/packets/packet_sync_valid.c[0;32m -> [0;34mbuild/us_web/src/pc/network/packets/packet_sync_valid.o[0m
[0;32mCompiling: [0;33msrc/pc/network/socket/socket.c[0;32m -> [0;34mbuild/us_web/src/pc/network/socket/socket.o[0m
emcc: warning: linker setting ignored during compilation: 'FULL_ES2' [-Wunused-command-line-argument]
[0;32mCompiling: [0;33msrc/pc/network/socket/socket_linux.c[0;32m -> [0;34mbuild/us_web/src/pc/network/socket/socket_linux.o[0m
emcc: warning: linker setting ignored during compilation: 'FULL_ES2' [-Wunused-command-line-argument]
emcc: warning: linker setting ignored during compilation: 'FULL_ES2' [-Wunused-command-line-argument]
emcc: warning: linker setting ignored during compilation: 'FULL_ES2' [-Wunused-command-line-argument]
emcc: warning: linker setting ignored during compilation: 'FULL_ES2' [-Wunused-command-line-argument]
emcc: warning: linker setting ignored during compilation: 'FULL_ES2' [-Wunused-command-line-argument]
[0;32mCompiling: [0;33msrc/pc/network/socket/socket_windows.c[0;32m -> [0;34mbuild/us_web/src/pc/network/socket/socket_windows.o[0m
emcc: warning: linker setting ignored during compilation: 'FULL_ES2' [-Wunused-command-line-argument]
[0;32mCompiling: [0;33msrc/pc/network/coopnet/coopnet.c[0;32m -> [0;34mbuild/us_web/src/pc/network/coopnet/coopnet.o[0m
emcc: warning: linker setting ignored during compilation: 'FULL_ES2' [-Wunused-command-line-argument]
[0;32mCompiling: [0;33msrc/pc/network/coopnet/coopnet_id.c[0;32m -> [0;34mbuild/us_web/src/pc/network/coopnet/coopnet_id.o[0m
In file included from src/pc/network/socket/socket.c:4:
src/pc/debuglog.h:39:13: warning: unused function '_debuglog_print_log' [-Wunused-function]
   39 | static void _debuglog_print_log(const char* logType, char* filename) {
      |             ^~~~~~~~~~~~~~~~~~~
1 warning generated.
emcc: warning: linker setting ignored during compilation: 'FULL_ES2' [-Wunused-command-line-argument]
emcc: warning: linker setting ignored during compilation: 'FULL_ES2' [-Wunused-command-line-argument]
emcc: warning: linker setting ignored during compilation: 'FULL_ES2' [-Wunused-command-line-argument]
emcc: warning: linker setting ignored during compilation: 'FULL_ES2' [-Wunused-command-line-argument]
emcc: warning: linker setting ignored during compilation: 'FULL_ES2' [-Wunused-command-line-argument]
emcc: warning: linker setting ignored during compilation: 'FULL_ES2' [-Wunused-command-line-argument]
emcc: warning: linker setting ignored during compilation: 'FULL_ES2' [-Wunused-command-line-argument]
emcc: warning: linker setting ignored during compilation: 'FULL_ES2' [-Wunused-command-line-argument]
In file included from src/pc/network/coopnet/coopnet.c:11:
src/pc/debuglog.h:39:13: warning: unused function '_debuglog_print_log' [-Wunused-function]
   39 | static void _debuglog_print_log(const char* logType, char* filename) {
      |             ^~~~~~~~~~~~~~~~~~~
1 warning generated.
[0;32mCompiling: [0;33msrc/pc/utils/md5.c[0;32m -> [0;34mbuild/us_web/src/pc/utils/md5.o[0m
[0;32mCompiling: [0;33msrc/pc/utils/misc.c[0;32m -> [0;34mbuild/us_web/src/pc/utils/misc.o[0m
[0;32mCompiling: [0;33msrc/pc/utils/stb_vorbis.c[0;32m -> [0;34mbuild/us_web/src/pc/utils/stb_vorbis.o[0m
[0;32mCompiling: [0;33msrc/pc/utils/string_builder.c[0;32m -> [0;34mbuild/us_web/src/pc/utils/string_builder.o[0m
[0;32mCompiling: [0;33msrc/pc/utils/string_linked_list.c[0;32m -> [0;34mbuild/us_web/src/pc/utils/string_linked_list.o[0m
emcc: warning: linker setting ignored during compilation: 'FULL_ES2' [-Wunused-command-line-argument]
emcc: warning: linker setting ignored during compilation: 'FULL_ES2' [-Wunused-command-line-argument]
emcc: warning: linker setting ignored during compilation: 'FULL_ES2' [-Wunused-command-line-argument]
[0;32mCompiling: [0;33msrc/pc/utils/miniz/miniz.c[0;32m -> [0;34mbuild/us_web/src/pc/utils/miniz/miniz.o[0m
emcc: warning: linker setting ignored during compilation: 'FULL_ES2' [-Wunused-command-line-argument]
[0;32mCompiling: [0;33msrc/pc/djui/djui.c[0;32m -> [0;34mbuild/us_web/src/pc/djui/djui.o[0m
emcc: warning: linker setting ignored during compilation: 'FULL_ES2' [-Wunused-command-line-argument]
emcc: warning: linker setting ignored during compilation: 'FULL_ES2' [-Wunused-command-line-argument]
emcc: warning: linker setting ignored during compilation: 'FULL_ES2' [-Wunused-command-line-argument]
emcc: warning: linker setting ignored during compilation: 'FULL_ES2' [-Wunused-command-line-argument]
src/pc/utils/stb_vorbis.c:1404:75: warning: pointer comparison always evaluates to false [-Wtautological-compare]
 1404 |       if (f->stream_start + loc >= f->stream_end || f->stream_start + loc < f->stream_start) {
      |                                                                           ^
emcc: warning: linker setting ignored during compilation: 'FULL_ES2' [-Wunused-command-line-argument]
emcc: warning: linker setting ignored during compilation: 'FULL_ES2' [-Wunused-command-line-argument]
1 warning generated.
[0;32mCompiling: [0;33msrc/pc/djui/djui_base.c[0;32m -> [0;34mbuild/us_web/src/pc/djui/djui_base.o[0m
emcc: warning: linker setting ignored during compilation: 'FULL_ES2' [-Wunused-command-line-argument]
src/pc/utils/miniz/miniz.c:3185:9: warning: Using fopen, ftello, fseeko, stat() etc. path for file I/O - this path may not support large files. [-W#pragma-messages]
 3185 | #pragma message("Using fopen, ftello, fseeko, stat() etc. path for file I/O - this path may not support large files.")
      |         ^
1 warning generated.
[0;32mCompiling: [0;33msrc/pc/djui/djui_bind.c[0;32m -> [0;34mbuild/us_web/src/pc/djui/djui_bind.o[0m
emcc: warning: linker setting ignored during compilation: 'FULL_ES2' [-Wunused-command-line-argument]
emcc: warning: linker setting ignored during compilation: 'FULL_ES2' [-Wunused-command-line-argument]
emcc: warning: linker setting ignored during compilation: 'FULL_ES2' [-Wunused-command-line-argument]
In file included from src/pc/djui/djui.c:11:
src/pc/djui/../debuglog.h:39:13: warning: unused function '_debuglog_print_log' [-Wunused-function]
   39 | static void _debuglog_print_log(const char* logType, char* filename) {
      |             ^~~~~~~~~~~~~~~~~~~
1 warning generated.
emcc: warning: linker setting ignored during compilation: 'FULL_ES2' [-Wunused-command-line-argument]
[0;32mCompiling: [0;33msrc/pc/djui/djui_button.c[0;32m -> [0;34mbuild/us_web/src/pc/djui/djui_button.o[0m
emcc: warning: linker setting ignored during compilation: 'FULL_ES2' [-Wunused-command-line-argument]
[0;32mCompiling: [0;33msrc/pc/djui/djui_chat_box.c[0;32m -> [0;34mbuild/us_web/src/pc/djui/djui_chat_box.o[0m
src/pc/utils/stb_vorbis.c:1404:75: warning: pointer comparison always evaluates to false [-Wtautological-compare]
 1404 |       if (f->stream_start + loc >= f->stream_end || f->stream_start + loc < f->stream_start) {
      |                                                                           ^
emcc: warning: linker setting ignored during compilation: 'FULL_ES2' [-Wunused-command-line-argument]
emcc: warning: linker setting ignored during compilation: 'FULL_ES2' [-Wunused-command-line-argument]
[0;32mCompiling: [0;33msrc/pc/djui/djui_chat_message.c[0;32m -> [0;34mbuild/us_web/src/pc/djui/djui_chat_message.o[0m
emcc: warning: linker setting ignored during compilation: 'FULL_ES2' [-Wunused-command-line-argument]
src/pc/utils/miniz/miniz.c:3185:9: warning: Using fopen, ftello, fseeko, stat() etc. path for file I/O - this path may not support large files. [-W#pragma-messages]
 3185 | #pragma message("Using fopen, ftello, fseeko, stat() etc. path for file I/O - this path may not support large files.")
      |         ^
emcc: warning: linker setting ignored during compilation: 'FULL_ES2' [-Wunused-command-line-argument]
emcc: warning: linker setting ignored during compilation: 'FULL_ES2' [-Wunused-command-line-argument]
[0;32mCompiling: [0;33msrc/pc/djui/djui_checkbox.c[0;32m -> [0;34mbuild/us_web/src/pc/djui/djui_checkbox.o[0m
emcc: warning: linker setting ignored during compilation: 'FULL_ES2' [-Wunused-command-line-argument]
emcc: warning: linker setting ignored during compilation: 'FULL_ES2' [-Wunused-command-line-argument]
In file included from src/pc/djui/djui_chat_box.c:5:
In file included from src/pc/lua/smlua_hooks.h:7:
In file included from src/pc/lua/smlua.h:19:
src/pc/debuglog.h:39:13: warning: unused function '_debuglog_print_log' [-Wunused-function]
   39 | static void _debuglog_print_log(const char* logType, char* filename) {
      |             ^~~~~~~~~~~~~~~~~~~
1 warning generated.
emcc: warning: linker setting ignored during compilation: 'FULL_ES2' [-Wunused-command-line-argument]
[0;32mCompiling: [0;33msrc/pc/djui/djui_console.c[0;32m -> [0;34mbuild/us_web/src/pc/djui/djui_console.o[0m
emcc: warning: linker setting ignored during compilation: 'FULL_ES2' [-Wunused-command-line-argument]
emcc: warning: linker setting ignored during compilation: 'FULL_ES2' [-Wunused-command-line-argument]
[0;32mCompiling: [0;33msrc/pc/djui/djui_ctx_display.c[0;32m -> [0;34mbuild/us_web/src/pc/djui/djui_ctx_display.o[0m
emcc: warning: linker setting ignored during compilation: 'FULL_ES2' [-Wunused-command-line-argument]
[0;32mCompiling: [0;33msrc/pc/djui/djui_cursor.c[0;32m -> [0;34mbuild/us_web/src/pc/djui/djui_cursor.o[0m
emcc: warning: linker setting ignored during compilation: 'FULL_ES2' [-Wunused-command-line-argument]
emcc: warning: linker setting ignored during compilation: 'FULL_ES2' [-Wunused-command-line-argument]
emcc: warning: linker setting ignored during compilation: 'FULL_ES2' [-Wunused-command-line-argument]
[0;32mCompiling: [0;33msrc/pc/djui/djui_flow_layout.c[0;32m -> [0;34mbuild/us_web/src/pc/djui/djui_flow_layout.o[0m
[0;32mCompiling: [0;33msrc/pc/djui/djui_font.c[0;32m -> [0;34mbuild/us_web/src/pc/djui/djui_font.o[0m
emcc: warning: linker setting ignored during compilation: 'FULL_ES2' [-Wunused-command-line-argument]
emcc: warning: linker setting ignored during compilation: 'FULL_ES2' [-Wunused-command-line-argument]
[0;32mCompiling: [0;33msrc/pc/djui/djui_fps_display.c[0;32m -> [0;34mbuild/us_web/src/pc/djui/djui_fps_display.o[0m
1 warning generated.
[0;32mCompiling: [0;33msrc/pc/djui/djui_gfx.c[0;32m -> [0;34mbuild/us_web/src/pc/djui/djui_gfx.o[0m
emcc: warning: linker setting ignored during compilation: 'FULL_ES2' [-Wunused-command-line-argument]
emcc: warning: linker setting ignored during compilation: 'FULL_ES2' [-Wunused-command-line-argument]
emcc: warning: linker setting ignored during compilation: 'FULL_ES2' [-Wunused-command-line-argument]
emcc: warning: linker setting ignored during compilation: 'FULL_ES2' [-Wunused-command-line-argument]
emcc: warning: linker setting ignored during compilation: 'FULL_ES2' [-Wunused-command-line-argument]
emcc: warning: linker setting ignored during compilation: 'FULL_ES2' [-Wunused-command-line-argument]
[0;32mCompiling: [0;33msrc/pc/djui/djui_hud_utils.c[0;32m -> [0;34mbuild/us_web/src/pc/djui/djui_hud_utils.o[0m
[0;32mCompiling: [0;33msrc/pc/djui/djui_image.c[0;32m -> [0;34mbuild/us_web/src/pc/djui/djui_image.o[0m
emcc: warning: linker setting ignored during compilation: 'FULL_ES2' [-Wunused-command-line-argument]
[0;32mCompiling: [0;33msrc/pc/djui/djui_inputbox.c[0;32m -> [0;34mbuild/us_web/src/pc/djui/djui_inputbox.o[0m
emcc: warning: linker setting ignored during compilation: 'FULL_ES2' [-Wunused-command-line-argument]
emcc: warning: linker setting ignored during compilation: 'FULL_ES2' [-Wunused-command-line-argument]
emcc: warning: linker setting ignored during compilation: 'FULL_ES2' [-Wunused-command-line-argument]
emcc: warning: linker setting ignored during compilation: 'FULL_ES2' [-Wunused-command-line-argument]
1 warning generated.
[0;32mCompiling: [0;33msrc/pc/djui/djui_interactable.c[0;32m -> [0;34mbuild/us_web/src/pc/djui/djui_interactable.o[0m
[0;32mCompiling: [0;33msrc/pc/djui/djui_language.c[0;32m -> [0;34mbuild/us_web/src/pc/djui/djui_language.o[0m
[0;32mCompiling: [0;33msrc/pc/djui/djui_lobby_entry.c[0;32m -> [0;34mbuild/us_web/src/pc/djui/djui_lobby_entry.o[0m
emcc: warning: linker setting ignored during compilation: 'FULL_ES2' [-Wunused-command-line-argument]
In file included from src/pc/djui/djui_hud_utils.c:23:
In file included from src/pc/lua/smlua.h:19:
src/pc/debuglog.h:39:13: warning: unused function '_debuglog_print_log' [-Wunused-function]
   39 | static void _debuglog_print_log(const char* logType, char* filename) {
      |             ^~~~~~~~~~~~~~~~~~~
1 warning generated.
emcc: warning: linker setting ignored during compilation: 'FULL_ES2' [-Wunused-command-line-argument]
[0;32mCompiling: [0;33msrc/pc/djui/djui_lua_profiler.c[0;32m -> [0;34mbuild/us_web/src/pc/djui/djui_lua_profiler.o[0m
emcc: warning: linker setting ignored during compilation: 'FULL_ES2' [-Wunused-command-line-argument]
emcc: warning: linker setting ignored during compilation: 'FULL_ES2' [-Wunused-command-line-argument]
emcc: warning: linker setting ignored during compilation: 'FULL_ES2' [-Wunused-command-line-argument]
emcc: warning: linker setting ignored during compilation: 'FULL_ES2' [-Wunused-command-line-argument]
emcc: warning: linker setting ignored during compilation: 'FULL_ES2' [-Wunused-command-line-argument]
emcc: warning: linker setting ignored during compilation: 'FULL_ES2' [-Wunused-command-line-argument]
src/pc/djui/djui_interactable.c:127:13: warning: unused function 'djui_interactable_on_value_change' [-Wunused-function]
  127 | static void djui_interactable_on_value_change(struct DjuiBase* base) {
      |             ^~~~~~~~~~~~~~~~~~~~~~~~~~~~~~~~~
1 warning generated.
[0;32mCompiling: [0;33msrc/pc/djui/djui_paginated.c[0;32m -> [0;34mbuild/us_web/src/pc/djui/djui_paginated.o[0m
[0;32mCompiling: [0;33msrc/pc/djui/djui_panel.c[0;32m -> [0;34mbuild/us_web/src/pc/djui/djui_panel.o[0m
emcc: warning: linker setting ignored during compilation: 'FULL_ES2' [-Wunused-command-line-argument]
emcc: warning: linker setting ignored during compilation: 'FULL_ES2' [-Wunused-command-line-argument]
[0;32mCompiling: [0;33msrc/pc/djui/djui_panel_camera.c[0;32m -> [0;34mbuild/us_web/src/pc/djui/djui_panel_camera.o[0m
emcc: warning: linker setting ignored during compilation: 'FULL_ES2' [-Wunused-command-line-argument]
emcc: warning: linker setting ignored during compilation: 'FULL_ES2' [-Wunused-command-line-argument]
emcc: warning: linker setting ignored during compilation: 'FULL_ES2' [-Wunused-command-line-argument]
emcc: warning: linker setting ignored during compilation: 'FULL_ES2' [-Wunused-command-line-argument]
emcc: warning: linker setting ignored during compilation: 'FULL_ES2' [-Wunused-command-line-argument]
[0;32mCompiling: [0;33msrc/pc/djui/djui_panel_confirm.c[0;32m -> [0;34mbuild/us_web/src/pc/djui/djui_panel_confirm.o[0m
[0;32mCompiling: [0;33msrc/pc/djui/djui_panel_controls.c[0;32m -> [0;34mbuild/us_web/src/pc/djui/djui_panel_controls.o[0m
In file included from src/pc/djui/djui_panel.c:6:
src/pc/debuglog.h:39:13: warning: unused function '_debuglog_print_log' [-Wunused-function]
   39 | static void _debuglog_print_log(const char* logType, char* filename) {
      |             ^~~~~~~~~~~~~~~~~~~
1 warning generated.
[0;32mCompiling: [0;33msrc/pc/djui/djui_panel_controls_extra.c[0;32m -> [0;34mbuild/us_web/src/pc/djui/djui_panel_controls_extra.o[0m
emcc: warning: linker setting ignored during compilation: 'FULL_ES2' [-Wunused-command-line-argument]
emcc: warning: linker setting ignored during compilation: 'FULL_ES2' [-Wunused-command-line-argument]
[0;32mCompiling: [0;33msrc/pc/djui/djui_panel_controls_n64.c[0;32m -> [0;34mbuild/us_web/src/pc/djui/djui_panel_controls_n64.o[0m
emcc: warning: linker setting ignored during compilation: 'FULL_ES2' [-Wunused-command-line-argument]
[0;32mCompiling: [0;33msrc/pc/djui/djui_panel_debug.c[0;32m -> [0;34mbuild/us_web/src/pc/djui/djui_panel_debug.o[0m
In file included from src/pc/djui/djui_panel_camera.c:8:
In file included from src/pc/lua/utils/smlua_misc_utils.h:6:
In file included from src/pc/lua/smlua_utils.h:4:
In file included from src/pc/lua/smlua.h:19:
src/pc/debuglog.h:39:13: warning: unused function '_debuglog_print_log' [-Wunused-function]
   39 | static void _debuglog_print_log(const char* logType, char* filename) {
      |             ^~~~~~~~~~~~~~~~~~~
1 warning generated.
emcc: warning: linker setting ignored during compilation: 'FULL_ES2' [-Wunused-command-line-argument]
emcc: warning: linker setting ignored during compilation: 'FULL_ES2' [-Wunused-command-line-argument]
emcc: warning: linker setting ignored during compilation: 'FULL_ES2' [-Wunused-command-line-argument]
emcc: warning: linker setting ignored during compilation: 'FULL_ES2' [-Wunused-command-line-argument]
emcc: warning: linker setting ignored during compilation: 'FULL_ES2' [-Wunused-command-line-argument]
[0;32mCompiling: [0;33msrc/pc/djui/djui_panel_display.c[0;32m -> [0;34mbuild/us_web/src/pc/djui/djui_panel_display.o[0m
[0;32mCompiling: [0;33msrc/pc/djui/djui_panel_dynos.c[0;32m -> [0;34mbuild/us_web/src/pc/djui/djui_panel_dynos.o[0m
emcc: warning: linker setting ignored during compilation: 'FULL_ES2' [-Wunused-command-line-argument]
emcc: warning: linker setting ignored during compilation: 'FULL_ES2' [-Wunused-command-line-argument]
emcc: warning: linker setting ignored during compilation: 'FULL_ES2' [-Wunused-command-line-argument]
emcc: warning: linker setting ignored during compilation: 'FULL_ES2' [-Wunused-command-line-argument]
emcc: warning: linker setting ignored during compilation: 'FULL_ES2' [-Wunused-command-line-argument]
[0;32mCompiling: [0;33msrc/pc/djui/djui_panel_host.c[0;32m -> [0;34mbuild/us_web/src/pc/djui/djui_panel_host.o[0m
emcc: warning: linker setting ignored during compilation: 'FULL_ES2' [-Wunused-command-line-argument]
emcc: warning: linker setting ignored during compilation: 'FULL_ES2' [-Wunused-command-line-argument]
emcc: warning: linker setting ignored during compilation: 'FULL_ES2' [-Wunused-command-line-argument]
[0;32mCompiling: [0;33msrc/pc/djui/djui_panel_host_message.c[0;32m -> [0;34mbuild/us_web/src/pc/djui/djui_panel_host_message.o[0m
[0;32mCompiling: [0;33msrc/pc/djui/djui_panel_host_mods.c[0;32m -> [0;34mbuild/us_web/src/pc/djui/djui_panel_host_mods.o[0m
[0;32mCompiling: [0;33msrc/pc/djui/djui_panel_host_save.c[0;32m -> [0;34mbuild/us_web/src/pc/djui/djui_panel_host_save.o[0m
[0;32mCompiling: [0;33msrc/pc/djui/djui_panel_host_settings.c[0;32m -> [0;34mbuild/us_web/src/pc/djui/djui_panel_host_settings.o[0m
emcc: warning: linker setting ignored during compilation: 'FULL_ES2' [-Wunused-command-line-argument]
emcc: warning: linker setting ignored during compilation: 'FULL_ES2' [-Wunused-command-line-argument]
emcc: warning: linker setting ignored during compilation: 'FULL_ES2' [-Wunused-command-line-argument]
emcc: warning: linker setting ignored during compilation: 'FULL_ES2' [-Wunused-command-line-argument]
emcc: warning: linker setting ignored during compilation: 'FULL_ES2' [-Wunused-command-line-argument]
[0;32mCompiling: [0;33msrc/pc/djui/djui_panel_info.c[0;32m -> [0;34mbuild/us_web/src/pc/djui/djui_panel_info.o[0m
emcc: warning: linker setting ignored during compilation: 'FULL_ES2' [-Wunused-command-line-argument]
emcc: warning: linker setting ignored during compilation: 'FULL_ES2' [-Wunused-command-line-argument]
emcc: warning: linker setting ignored during compilation: 'FULL_ES2' [-Wunused-command-line-argument]
[0;32mCompiling: [0;33msrc/pc/djui/djui_panel_join.c[0;32m -> [0;34mbuild/us_web/src/pc/djui/djui_panel_join.o[0m
[0;32mCompiling: [0;33msrc/pc/djui/djui_panel_join_direct.c[0;32m -> [0;34mbuild/us_web/src/pc/djui/djui_panel_join_direct.o[0m
emcc: warning: linker setting ignored during compilation: 'FULL_ES2' [-Wunused-command-line-argument]
emcc: warning: linker setting ignored during compilation: 'FULL_ES2' [-Wunused-command-line-argument]
emcc: warning: linker setting ignored during compilation: 'FULL_ES2' [-Wunused-command-line-argument]
emcc: warning: linker setting ignored during compilation: 'FULL_ES2' [-Wunused-command-line-argument]
emcc: warning: linker setting ignored during compilation: 'FULL_ES2' [-Wunused-command-line-argument]
In file included from src/pc/djui/djui_panel_info.c:4:
In file included from src/pc/lua/utils/smlua_misc_utils.h:6:
In file included from src/pc/lua/smlua_utils.h:4:
In file included from src/pc/lua/smlua.h:19:
src/pc/debuglog.h:39:13: warning: unused function '_debuglog_print_log' [-Wunused-function]
   39 | static void _debuglog_print_log(const char* logType, char* filename) {
      |             ^~~~~~~~~~~~~~~~~~~
1 warning generated.
[0;32mCompiling: [0;33msrc/pc/djui/djui_panel_join_lobbies.c[0;32m -> [0;34mbuild/us_web/src/pc/djui/djui_panel_join_lobbies.o[0m
emcc: warning: linker setting ignored during compilation: 'FULL_ES2' [-Wunused-command-line-argument]
emcc: warning: linker setting ignored during compilation: 'FULL_ES2' [-Wunused-command-line-argument]
emcc: warning: linker setting ignored during compilation: 'FULL_ES2' [-Wunused-command-line-argument]
[0;32mCompiling: [0;33msrc/pc/djui/djui_panel_join_message.c[0;32m -> [0;34mbuild/us_web/src/pc/djui/djui_panel_join_message.o[0m
[0;32mCompiling: [0;33msrc/pc/djui/djui_panel_join_private.c[0;32m -> [0;34mbuild/us_web/src/pc/djui/djui_panel_join_private.o[0m
[0;32mCompiling: [0;33msrc/pc/djui/djui_panel_language.c[0;32m -> [0;34mbuild/us_web/src/pc/djui/djui_panel_language.o[0m
src/pc/djui/djui_panel_join_direct.c:70:13: warning: unused function 'djui_panel_join_direct_ip_valid' [-Wunused-function]
   70 | static bool djui_panel_join_direct_ip_valid(char* buffer) {
      |             ^~~~~~~~~~~~~~~~~~~~~~~~~~~~~~~
1 warning generated.
emcc: warning: linker setting ignored during compilation: 'FULL_ES2' [-Wunused-command-line-argument]
emcc: warning: linker setting ignored during compilation: 'FULL_ES2' [-Wunused-command-line-argument]
[0;32mCompiling: [0;33msrc/pc/djui/djui_panel_main.c[0;32m -> [0;34mbuild/us_web/src/pc/djui/djui_panel_main.o[0m
emcc: warning: linker setting ignored during compilation: 'FULL_ES2' [-Wunused-command-line-argument]
emcc: warning: linker setting ignored during compilation: 'FULL_ES2' [-Wunused-command-line-argument]
[0;32mCompiling: [0;33msrc/pc/djui/djui_panel_menu.c[0;32m -> [0;34mbuild/us_web/src/pc/djui/djui_panel_menu.o[0m
In file included from src/pc/djui/djui_panel_join_lobbies.c:13:
src/pc/debuglog.h:39:13: warning: unused function '_debuglog_print_log' [-Wunused-function]
   39 | static void _debuglog_print_log(const char* logType, char* filename) {
      |             ^~~~~~~~~~~~~~~~~~~
1 warning generated.
emcc: warning: linker setting ignored during compilation: 'FULL_ES2' [-Wunused-command-line-argument]
emcc: warning: linker setting ignored during compilation: 'FULL_ES2' [-Wunused-command-line-argument]
emcc: warning: linker setting ignored during compilation: 'FULL_ES2' [-Wunused-command-line-argument]
emcc: warning: linker setting ignored during compilation: 'FULL_ES2' [-Wunused-command-line-argument]
[0;32mCompiling: [0;33msrc/pc/djui/djui_panel_menu_options.c[0;32m -> [0;34mbuild/us_web/src/pc/djui/djui_panel_menu_options.o[0m
[0;32mCompiling: [0;33msrc/pc/djui/djui_panel_misc.c[0;32m -> [0;34mbuild/us_web/src/pc/djui/djui_panel_misc.o[0m
emcc: warning: linker setting ignored during compilation: 'FULL_ES2' [-Wunused-command-line-argument]
emcc: warning: linker setting ignored during compilation: 'FULL_ES2' [-Wunused-command-line-argument]
emcc: warning: linker setting ignored during compilation: 'FULL_ES2' [-Wunused-command-line-argument]
[0;32mCompiling: [0;33msrc/pc/djui/djui_panel_mod_menu.c[0;32m -> [0;34mbuild/us_web/src/pc/djui/djui_panel_mod_menu.o[0m
emcc: warning: linker setting ignored during compilation: 'FULL_ES2' [-Wunused-command-line-argument]
emcc: warning: linker setting ignored during compilation: 'FULL_ES2' [-Wunused-command-line-argument]
emcc: warning: linker setting ignored during compilation: 'FULL_ES2' [-Wunused-command-line-argument]
emcc: warning: linker setting ignored during compilation: 'FULL_ES2' [-Wunused-command-line-argument]
emcc: warning: linker setting ignored during compilation: 'FULL_ES2' [-Wunused-command-line-argument]
[0;32mCompiling: [0;33msrc/pc/djui/djui_panel_modlist.c[0;32m -> [0;34mbuild/us_web/src/pc/djui/djui_panel_modlist.o[0m
[0;32mCompiling: [0;33msrc/pc/djui/djui_panel_options.c[0;32m -> [0;34mbuild/us_web/src/pc/djui/djui_panel_options.o[0m
[0;32mCompiling: [0;33msrc/pc/djui/djui_panel_pause.c[0;32m -> [0;34mbuild/us_web/src/pc/djui/djui_panel_pause.o[0m
In file included from src/pc/djui/djui_panel_menu_options.c:15:
In file included from src/pc/lua/smlua_hooks.h:7:
In file included from src/pc/lua/smlua.h:19:
src/pc/debuglog.h:39:13: warning: unused function '_debuglog_print_log' [-Wunused-function]
   39 | static void _debuglog_print_log(const char* logType, char* filename) {
      |             ^~~~~~~~~~~~~~~~~~~
1 warning generated.
emcc: warning: linker setting ignored during compilation: 'FULL_ES2' [-Wunused-command-line-argument]
emcc: warning: linker setting ignored during compilation: 'FULL_ES2' [-Wunused-command-line-argument]
src/pc/djui/djui_panel_misc.c:15:13: warning: unused function 'djui_panel_options_open_user_folder' [-Wunused-function]
   15 | static void djui_panel_options_open_user_folder(UNUSED struct DjuiBase* caller) {
      |             ^~~~~~~~~~~~~~~~~~~~~~~~~~~~~~~~~~~
1 warning generated.
[0;32mCompiling: [0;33msrc/pc/djui/djui_panel_player.c[0;32m -> [0;34mbuild/us_web/src/pc/djui/djui_panel_player.o[0m
In file included from src/pc/djui/djui_panel_mod_menu.c:5:
In file included from src/pc/lua/smlua_hooks.h:7:
In file included from src/pc/lua/smlua.h:19:
src/pc/debuglog.h:39:13: warning: unused function '_debuglog_print_log' [-Wunused-function]
   39 | static void _debuglog_print_log(const char* logType, char* filename) {
      |             ^~~~~~~~~~~~~~~~~~~
1 warning generated.
emcc: warning: linker setting ignored during compilation: 'FULL_ES2' [-Wunused-command-line-argument]
emcc: warning: linker setting ignored during compilation: 'FULL_ES2' [-Wunused-command-line-argument]
[0;32mCompiling: [0;33msrc/pc/djui/djui_panel_playerlist.c[0;32m -> [0;34mbuild/us_web/src/pc/djui/djui_panel_playerlist.o[0m
emcc: warning: linker setting ignored during compilation: 'FULL_ES2' [-Wunused-command-line-argument]
emcc: warning: linker setting ignored during compilation: 'FULL_ES2' [-Wunused-command-line-argument]
emcc: warning: linker setting ignored during compilation: 'FULL_ES2' [-Wunused-command-line-argument]
In file included from src/pc/djui/djui_panel_modlist.c:7:
src/pc/debuglog.h:39:13: warning: unused function '_debuglog_print_log' [-Wunused-function]
   39 | static void _debuglog_print_log(const char* logType, char* filename) {
      |             ^~~~~~~~~~~~~~~~~~~
1 warning generated.
emcc: warning: linker setting ignored during compilation: 'FULL_ES2' [-Wunused-command-line-argument]
In file included from src/pc/djui/djui_panel_pause.c:13:
In file included from src/pc/lua/smlua_hooks.h:7:
In file included from src/pc/lua/smlua.h:19:
src/pc/debuglog.h:39:13: warning: unused function '_debuglog_print_log' [-Wunused-function]
   39 | static void _debuglog_print_log(const char* logType, char* filename) {
      |             ^~~~~~~~~~~~~~~~~~~
1 warning generated.
emcc: warning: linker setting ignored during compilation: 'FULL_ES2' [-Wunused-command-line-argument]
emcc: warning: linker setting ignored during compilation: 'FULL_ES2' [-Wunused-command-line-argument]
[0;32mCompiling: [0;33msrc/pc/djui/djui_panel_rules.c[0;32m -> [0;34mbuild/us_web/src/pc/djui/djui_panel_rules.o[0m
[0;32mCompiling: [0;33msrc/pc/djui/djui_panel_sound.c[0;32m -> [0;34mbuild/us_web/src/pc/djui/djui_panel_sound.o[0m
emcc: warning: linker setting ignored during compilation: 'FULL_ES2' [-Wunused-command-line-argument]
emcc: warning: linker setting ignored during compilation: 'FULL_ES2' [-Wunused-command-line-argument]
emcc: warning: linker setting ignored during compilation: 'FULL_ES2' [-Wunused-command-line-argument]
[0;32mCompiling: [0;33msrc/pc/djui/djui_popup.c[0;32m -> [0;34mbuild/us_web/src/pc/djui/djui_popup.o[0m
emcc: warning: linker setting ignored during compilation: 'FULL_ES2' [-Wunused-command-line-argument]
emcc: warning: linker setting ignored during compilation: 'FULL_ES2' [-Wunused-command-line-argument]
[0;32mCompiling: [0;33msrc/pc/djui/djui_progress_bar.c[0;32m -> [0;34mbuild/us_web/src/pc/djui/djui_progress_bar.o[0m
[0;32mCompiling: [0;33msrc/pc/djui/djui_rect.c[0;32m -> [0;34mbuild/us_web/src/pc/djui/djui_rect.o[0m
emcc: warning: linker setting ignored during compilation: 'FULL_ES2' [-Wunused-command-line-argument]
emcc: warning: linker setting ignored during compilation: 'FULL_ES2' [-Wunused-command-line-argument]
[0;32mCompiling: [0;33msrc/pc/djui/djui_root.c[0;32m -> [0;34mbuild/us_web/src/pc/djui/djui_root.o[0m
emcc: warning: linker setting ignored during compilation: 'FULL_ES2' [-Wunused-command-line-argument]
emcc: warning: linker setting ignored during compilation: 'FULL_ES2' [-Wunused-command-line-argument]
emcc: warning: linker setting ignored during compilation: 'FULL_ES2' [-Wunused-command-line-argument]
[0;32mCompiling: [0;33msrc/pc/djui/djui_selectionbox.c[0;32m -> [0;34mbuild/us_web/src/pc/djui/djui_selectionbox.o[0m
[0;32mCompiling: [0;33msrc/pc/djui/djui_slider.c[0;32m -> [0;34mbuild/us_web/src/pc/djui/djui_slider.o[0m
In file included from src/pc/djui/djui_popup.c:7:
In file included from src/pc/lua/utils/smlua_misc_utils.h:6:
In file included from src/pc/lua/smlua_utils.h:4:
In file included from src/pc/lua/smlua.h:19:
src/pc/debuglog.h:39:13: warning: unused function '_debuglog_print_log' [-Wunused-function]
   39 | static void _debuglog_print_log(const char* logType, char* filename) {
      |             ^~~~~~~~~~~~~~~~~~~
1 warning generated.
emcc: warning: linker setting ignored during compilation: 'FULL_ES2' [-Wunused-command-line-argument]
emcc: warning: linker setting ignored during compilation: 'FULL_ES2' [-Wunused-command-line-argument]
emcc: warning: linker setting ignored during compilation: 'FULL_ES2' [-Wunused-command-line-argument]
[0;32mCompiling: [0;33msrc/pc/djui/djui_text.c[0;32m -> [0;34mbuild/us_web/src/pc/djui/djui_text.o[0m
emcc: warning: linker setting ignored during compilation: 'FULL_ES2' [-Wunused-command-line-argument]
emcc: warning: linker setting ignored during compilation: 'FULL_ES2' [-Wunused-command-line-argument]
emcc: warning: linker setting ignored during compilation: 'FULL_ES2' [-Wunused-command-line-argument]
[0;32mCompiling: [0;33msrc/pc/djui/djui_theme.c[0;32m -> [0;34mbuild/us_web/src/pc/djui/djui_theme.o[0m
emcc: warning: linker setting ignored during compilation: 'FULL_ES2' [-Wunused-command-line-argument]
emcc: warning: linker setting ignored during compilation: 'FULL_ES2' [-Wunused-command-line-argument]
emcc: warning: linker setting ignored during compilation: 'FULL_ES2' [-Wunused-command-line-argument]
emcc: warning: linker setting ignored during compilation: 'FULL_ES2' [-Wunused-command-line-argument]
[0;32mCompiling: [0;33msrc/pc/djui/djui_three_panel.c[0;32m -> [0;34mbuild/us_web/src/pc/djui/djui_three_panel.o[0m
[0;32mCompiling: [0;33msrc/pc/djui/djui_unicode.c[0;32m -> [0;34mbuild/us_web/src/pc/djui/djui_unicode.o[0m
[0;32mCompiling: [0;33msrc/pc/lua/smlua.c[0;32m -> [0;34mbuild/us_web/src/pc/lua/smlua.o[0m
emcc: warning: linker setting ignored during compilation: 'FULL_ES2' [-Wunused-command-line-argument]
[0;32mCompiling: [0;33msrc/pc/lua/smlua_cobject.c[0;32m -> [0;34mbuild/us_web/src/pc/lua/smlua_cobject.o[0m
emcc: warning: linker setting ignored during compilation: 'FULL_ES2' [-Wunused-command-line-argument]
emcc: warning: linker setting ignored during compilation: 'FULL_ES2' [-Wunused-command-line-argument]
emcc: warning: linker setting ignored during compilation: 'FULL_ES2' [-Wunused-command-line-argument]
emcc: warning: linker setting ignored during compilation: 'FULL_ES2' [-Wunused-command-line-argument]
emcc: warning: linker setting ignored during compilation: 'FULL_ES2' [-Wunused-command-line-argument]
[0;32mCompiling: [0;33msrc/pc/lua/smlua_cobject_autogen.c[0;32m -> [0;34mbuild/us_web/src/pc/lua/smlua_cobject_autogen.o[0m
[0;32mCompiling: [0;33msrc/pc/lua/smlua_constants_autogen.c[0;32m -> [0;34mbuild/us_web/src/pc/lua/smlua_constants_autogen.o[0m
emcc: warning: linker setting ignored during compilation: 'FULL_ES2' [-Wunused-command-line-argument]
emcc: warning: linker setting ignored during compilation: 'FULL_ES2' [-Wunused-command-line-argument]
emcc: warning: linker setting ignored during compilation: 'FULL_ES2' [-Wunused-command-line-argument]
emcc: warning: linker setting ignored during compilation: 'FULL_ES2' [-Wunused-command-line-argument]
emcc: warning: linker setting ignored during compilation: 'FULL_ES2' [-Wunused-command-line-argument]
[0;32mCompiling: [0;33msrc/pc/lua/smlua_functions.c[0;32m -> [0;34mbuild/us_web/src/pc/lua/smlua_functions.o[0m
emcc: warning: linker setting ignored during compilation: 'FULL_ES2' [-Wunused-command-line-argument]
[0;32mCompiling: [0;33msrc/pc/lua/smlua_functions_autogen.c[0;32m -> [0;34mbuild/us_web/src/pc/lua/smlua_functions_autogen.o[0m
emcc: warning: linker setting ignored during compilation: 'FULL_ES2' [-Wunused-command-line-argument]
emcc: warning: linker setting ignored during compilation: 'FULL_ES2' [-Wunused-command-line-argument]
emcc: warning: linker setting ignored during compilation: 'FULL_ES2' [-Wunused-command-line-argument]
In file included from src/pc/lua/smlua_cobject_autogen.c:3:
In file included from src/pc/lua/smlua.h:19:
src/pc/debuglog.h:39:13: warning: unused function '_debuglog_print_log' [-Wunused-function]
   39 | static void _debuglog_print_log(const char* logType, char* filename) {
      |             ^~~~~~~~~~~~~~~~~~~
1 warning generated.
[0;32mCompiling: [0;33msrc/pc/lua/smlua_hooks.c[0;32m -> [0;34mbuild/us_web/src/pc/lua/smlua_hooks.o[0m
[0;32mCompiling: [0;33msrc/pc/lua/smlua_live_reload.c[0;32m -> [0;34mbuild/us_web/src/pc/lua/smlua_live_reload.o[0m
emcc: warning: linker setting ignored during compilation: 'FULL_ES2' [-Wunused-command-line-argument]
emcc: warning: linker setting ignored during compilation: 'FULL_ES2' [-Wunused-command-line-argument]
emcc: warning: linker setting ignored during compilation: 'FULL_ES2' [-Wunused-command-line-argument]
[0;32mCompiling: [0;33msrc/pc/lua/smlua_require.c[0;32m -> [0;34mbuild/us_web/src/pc/lua/smlua_require.o[0m
In file included from src/pc/lua/smlua_functions.c:1:
In file included from src/pc/lua/smlua.h:19:
src/pc/debuglog.h:39:13: warning: unused function '_debuglog_print_log' [-Wunused-function]
   39 | static void _debuglog_print_log(const char* logType, char* filename) {
      |             ^~~~~~~~~~~~~~~~~~~
1 warning generated.
[0;32mCompiling: [0;33msrc/pc/lua/smlua_sync_table.c[0;32m -> [0;34mbuild/us_web/src/pc/lua/smlua_sync_table.o[0m
emcc: warning: linker setting ignored during compilation: 'FULL_ES2' [-Wunused-command-line-argument]
emcc: warning: linker setting ignored during compilation: 'FULL_ES2' [-Wunused-command-line-argument]
[0;32mCompiling: [0;33msrc/pc/lua/smlua_utils.c[0;32m -> [0;34mbuild/us_web/src/pc/lua/smlua_utils.o[0m
emcc: warning: linker setting ignored during compilation: 'FULL_ES2' [-Wunused-command-line-argument]
src/pc/lua/smlua_live_reload.c:82:13: warning: unused function 'upval_references_mark_active' [-Wunused-function]
   82 | static void upval_references_mark_active(int reference) {
      |             ^~~~~~~~~~~~~~~~~~~~~~~~~~~~
src/pc/lua/smlua_live_reload.c:302:13: warning: unused function 'upvalues_print' [-Wunused-function]
  302 | static void upvalues_print(UpvalRecord *upvalsHead) {
      |             ^~~~~~~~~~~~~~
2 warnings generated.
emcc: warning: linker setting ignored during compilation: 'FULL_ES2' [-Wunused-command-line-argument]
emcc: warning: linker setting ignored during compilation: 'FULL_ES2' [-Wunused-command-line-argument]
emcc: warning: linker setting ignored during compilation: 'FULL_ES2' [-Wunused-command-line-argument]
emcc: warning: linker setting ignored during compilation: 'FULL_ES2' [-Wunused-command-line-argument]
[0;32mCompiling: [0;33msrc/pc/lua/utils/smlua_anim_utils.c[0;32m -> [0;34mbuild/us_web/src/pc/lua/utils/smlua_anim_utils.o[0m
In file included from src/pc/lua/smlua_require.c:2:
In file included from src/pc/lua/smlua.h:19:
src/pc/debuglog.h:39:13: warning: unused function '_debuglog_print_log' [-Wunused-function]
   39 | static void _debuglog_print_log(const char* logType, char* filename) {
      |             ^~~~~~~~~~~~~~~~~~~
1 warning generated.
emcc: warning: linker setting ignored during compilation: 'FULL_ES2' [-Wunused-command-line-argument]
emcc: warning: linker setting ignored during compilation: 'FULL_ES2' [-Wunused-command-line-argument]
emcc: warning: linker setting ignored during compilation: 'FULL_ES2' [-Wunused-command-line-argument]
[0;32mCompiling: [0;33msrc/pc/lua/utils/smlua_audio_utils.c[0;32m -> [0;34mbuild/us_web/src/pc/lua/utils/smlua_audio_utils.o[0m
emcc: warning: linker setting ignored during compilation: 'FULL_ES2' [-Wunused-command-line-argument]
In file included from src/pc/lua/smlua_functions_autogen.c:4:
In file included from src/pc/lua/smlua.h:19:
src/pc/debuglog.h:39:13: warning: unused function '_debuglog_print_log' [-Wunused-function]
   39 | static void _debuglog_print_log(const char* logType, char* filename) {
      |             ^~~~~~~~~~~~~~~~~~~
1 warning generated.
[0;32mCompiling: [0;33msrc/pc/lua/utils/smlua_camera_utils.c[0;32m -> [0;34mbuild/us_web/src/pc/lua/utils/smlua_camera_utils.o[0m
emcc: warning: linker setting ignored during compilation: 'FULL_ES2' [-Wunused-command-line-argument]
emcc: warning: linker setting ignored during compilation: 'FULL_ES2' [-Wunused-command-line-argument]
[0;32mCompiling: [0;33msrc/pc/lua/utils/smlua_collision_utils.c[0;32m -> [0;34mbuild/us_web/src/pc/lua/utils/smlua_collision_utils.o[0m
emcc: warning: linker setting ignored during compilation: 'FULL_ES2' [-Wunused-command-line-argument]
emcc: warning: linker setting ignored during compilation: 'FULL_ES2' [-Wunused-command-line-argument]
emcc: warning: linker setting ignored during compilation: 'FULL_ES2' [-Wunused-command-line-argument]
[0;32mCompiling: [0;33msrc/pc/lua/utils/smlua_deprecated.c[0;32m -> [0;34mbuild/us_web/src/pc/lua/utils/smlua_deprecated.o[0m
emcc: warning: linker setting ignored during compilation: 'FULL_ES2' [-Wunused-command-line-argument]
[0;32mCompiling: [0;33msrc/pc/lua/utils/smlua_gfx_utils.c[0;32m -> [0;34mbuild/us_web/src/pc/lua/utils/smlua_gfx_utils.o[0m
emcc: warning: linker setting ignored during compilation: 'FULL_ES2' [-Wunused-command-line-argument]
emcc: warning: linker setting ignored during compilation: 'FULL_ES2' [-Wunused-command-line-argument]
[0;32mCompiling: [0;33msrc/pc/lua/utils/smlua_level_utils.c[0;32m -> [0;34mbuild/us_web/src/pc/lua/utils/smlua_level_utils.o[0m
In file included from src/pc/lua/utils/smlua_collision_utils.c:9:
In file included from src/pc/lua/smlua.h:19:
src/pc/debuglog.h:39:13: warning: unused function '_debuglog_print_log' [-Wunused-function]
   39 | static void _debuglog_print_log(const char* logType, char* filename) {
      |             ^~~~~~~~~~~~~~~~~~~
1 warning generated.
[0;32mCompiling: [0;33msrc/pc/lua/utils/smlua_misc_utils.c[0;32m -> [0;34mbuild/us_web/src/pc/lua/utils/smlua_misc_utils.o[0m
emcc: warning: linker setting ignored during compilation: 'FULL_ES2' [-Wunused-command-line-argument]
emcc: warning: linker setting ignored during compilation: 'FULL_ES2' [-Wunused-command-line-argument]
In file included from src/pc/lua/utils/smlua_deprecated.c:3:
In file included from src/pc/lua/smlua.h:19:
src/pc/debuglog.h:39:13: warning: unused function '_debuglog_print_log' [-Wunused-function]
   39 | static void _debuglog_print_log(const char* logType, char* filename) {
      |             ^~~~~~~~~~~~~~~~~~~
1 warning generated.
In file included from src/pc/lua/utils/smlua_gfx_utils.c:1:
In file included from src/pc/lua/utils/smlua_gfx_utils.h:4:
In file included from src/pc/lua/smlua.h:19:
src/pc/debuglog.h:39:13: warning: unused function '_debuglog_print_log' [-Wunused-function]
   39 | static void _debuglog_print_log(const char* logType, char* filename) {
      |             ^~~~~~~~~~~~~~~~~~~
1 warning generated.
emcc: warning: linker setting ignored during compilation: 'FULL_ES2' [-Wunused-command-line-argument]
emcc: warning: linker setting ignored during compilation: 'FULL_ES2' [-Wunused-command-line-argument]
emcc: warning: linker setting ignored during compilation: 'FULL_ES2' [-Wunused-command-line-argument]
[0;32mCompiling: [0;33msrc/pc/lua/utils/smlua_model_utils.c[0;32m -> [0;34mbuild/us_web/src/pc/lua/utils/smlua_model_utils.o[0m
In file included from src/pc/lua/utils/smlua_level_utils.c:4:
In file included from src/pc/lua/smlua.h:19:
src/pc/debuglog.h:39:13: warning: unused function '_debuglog_print_log' [-Wunused-function]
   39 | static void _debuglog_print_log(const char* logType, char* filename) {
      |             ^~~~~~~~~~~~~~~~~~~
1 warning generated.
emcc: warning: linker setting ignored during compilation: 'FULL_ES2' [-Wunused-command-line-argument]
emcc: warning: linker setting ignored during compilation: 'FULL_ES2' [-Wunused-command-line-argument]
[0;32mCompiling: [0;33msrc/pc/lua/utils/smlua_obj_utils.c[0;32m -> [0;34mbuild/us_web/src/pc/lua/utils/smlua_obj_utils.o[0m
emcc: warning: linker setting ignored during compilation: 'FULL_ES2' [-Wunused-command-line-argument]
emcc: warning: linker setting ignored during compilation: 'FULL_ES2' [-Wunused-command-line-argument]
emcc: warning: linker setting ignored during compilation: 'FULL_ES2' [-Wunused-command-line-argument]
[0;32mCompiling: [0;33msrc/pc/lua/utils/smlua_text_utils.c[0;32m -> [0;34mbuild/us_web/src/pc/lua/utils/smlua_text_utils.o[0m
emcc: warning: linker setting ignored during compilation: 'FULL_ES2' [-Wunused-command-line-argument]
[0;32mCompiling: [0;33msrc/pc/mumble/mumble.c[0;32m -> [0;34mbuild/us_web/src/pc/mumble/mumble.o[0m
emcc: warning: linker setting ignored during compilation: 'FULL_ES2' [-Wunused-command-line-argument]
In file included from src/pc/lua/utils/smlua_model_utils.c:56:
In file included from src/pc/lua/smlua.h:19:
src/pc/debuglog.h:39:13: warning: unused function '_debuglog_print_log' [-Wunused-function]
   39 | static void _debuglog_print_log(const char* logType, char* filename) {
      |             ^~~~~~~~~~~~~~~~~~~
1 warning generated.
[0;32mCompiling: [0;33msrc/pc/web/web_rom_loader.c[0;32m -> [0;34mbuild/us_web/src/pc/web/web_rom_loader.o[0m
emcc: warning: linker setting ignored during compilation: 'FULL_ES2' [-Wunused-command-line-argument]
emcc: warning: linker setting ignored during compilation: 'FULL_ES2' [-Wunused-command-line-argument]
emcc: warning: linker setting ignored during compilation: 'FULL_ES2' [-Wunused-command-line-argument]
[0;32mCompiling: [0;33msrc/pc/web/web_storage.c[0;32m -> [0;34mbuild/us_web/src/pc/web/web_storage.o[0m
In file included from src/pc/lua/utils/smlua_text_utils.c:10:
In file included from src/pc/lua/utils/../smlua.h:19:
src/pc/debuglog.h:39:13: warning: unused function '_debuglog_print_log' [-Wunused-function]
   39 | static void _debuglog_print_log(const char* logType, char* filename) {
      |             ^~~~~~~~~~~~~~~~~~~
1 warning generated.
emcc: warning: linker setting ignored during compilation: 'FULL_ES2' [-Wunused-command-line-argument]
emcc: warning: linker setting ignored during compilation: 'FULL_ES2' [-Wunused-command-line-argument]
[0;32mCompiling: [0;33msrc/pc/web/web_thread.c[0;32m -> [0;34mbuild/us_web/src/pc/web/web_thread.o[0m
emcc: warning: linker setting ignored during compilation: 'FULL_ES2' [-Wunused-command-line-argument]
emcc: warning: linker setting ignored during compilation: 'FULL_ES2' [-Wunused-command-line-argument]
emcc: warning: linker setting ignored during compilation: 'FULL_ES2' [-Wunused-command-line-argument]
[0;32mCompiling: [0;33mlevels/bbh/leveldata.c[0;32m -> [0;34mbuild/us_web/levels/bbh/leveldata.o[0m
[0;32mCompiling: [0;33mlevels/bitdw/leveldata.c[0;32m -> [0;34mbuild/us_web/levels/bitdw/leveldata.o[0m
emcc: warning: linker setting ignored during compilation: 'FULL_ES2' [-Wunused-command-line-argument]
emcc: warning: linker setting ignored during compilation: 'FULL_ES2' [-Wunused-command-line-argument]
[0;32mCompiling: [0;33mlevels/bitfs/leveldata.c[0;32m -> [0;34mbuild/us_web/levels/bitfs/leveldata.o[0m
[0;32mCompiling: [0;33mlevels/bits/leveldata.c[0;32m -> [0;34mbuild/us_web/levels/bits/leveldata.o[0m
emcc: warning: linker setting ignored during compilation: 'FULL_ES2' [-Wunused-command-line-argument]
emcc: warning: linker setting ignored during compilation: 'FULL_ES2' [-Wunused-command-line-argument]
emcc: warning: linker setting ignored during compilation: 'FULL_ES2' [-Wunused-command-line-argument]
[0;32mCompiling: [0;33mlevels/bob/leveldata.c[0;32m -> [0;34mbuild/us_web/levels/bob/leveldata.o[0m
emcc: warning: linker setting ignored during compilation: 'FULL_ES2' [-Wunused-command-line-argument]
emcc: warning: linker setting ignored during compilation: 'FULL_ES2' [-Wunused-command-line-argument]
emcc: warning: linker setting ignored during compilation: 'FULL_ES2' [-Wunused-command-line-argument]
[0;32mCompiling: [0;33mlevels/bowser_1/leveldata.c[0;32m -> [0;34mbuild/us_web/levels/bowser_1/leveldata.o[0m
emcc: warning: linker setting ignored during compilation: 'FULL_ES2' [-Wunused-command-line-argument]
emcc: warning: linker setting ignored during compilation: 'FULL_ES2' [-Wunused-command-line-argument]
emcc: warning: linker setting ignored during compilation: 'FULL_ES2' [-Wunused-command-line-argument]
emcc: warning: linker setting ignored during compilation: 'FULL_ES2' [-Wunused-command-line-argument]
emcc: warning: linker setting ignored during compilation: 'FULL_ES2' [-Wunused-command-line-argument]
emcc: warning: linker setting ignored during compilation: 'FULL_ES2' [-Wunused-command-line-argument]
emcc: warning: linker setting ignored during compilation: 'FULL_ES2' [-Wunused-command-line-argument]
emcc: warning: linker setting ignored during compilation: 'FULL_ES2' [-Wunused-command-line-argument]
[0;32mCompiling: [0;33mlevels/bowser_2/leveldata.c[0;32m -> [0;34mbuild/us_web/levels/bowser_2/leveldata.o[0m
[0;32mCompiling: [0;33mlevels/bowser_3/leveldata.c[0;32m -> [0;34mbuild/us_web/levels/bowser_3/leveldata.o[0m
emcc: warning: linker setting ignored during compilation: 'FULL_ES2' [-Wunused-command-line-argument]
emcc: warning: linker setting ignored during compilation: 'FULL_ES2' [-Wunused-command-line-argument]
[0;32mConverting: [0;33mlevels/castle_courtyard/0_custom.rgba16.png[0;32m -> [0;34mbuild/us_web/levels/castle_courtyard/0_custom.rgba16.inc.c[0m
[0;32mConverting: [0;33mlevels/castle_grounds/6_custom.rgba16.png[0;32m -> [0;34mbuild/us_web/levels/castle_grounds/6_custom.rgba16.inc.c[0m
[0;32mCompiling: [0;33mlevels/castle_inside/leveldata.c[0;32m -> [0;34mbuild/us_web/levels/castle_inside/leveldata.o[0m
[0;32mCompiling: [0;33mlevels/ccm/leveldata.c[0;32m -> [0;34mbuild/us_web/levels/ccm/leveldata.o[0m
[0;32mCompiling: [0;33mlevels/cotmc/leveldata.c[0;32m -> [0;34mbuild/us_web/levels/cotmc/leveldata.o[0m
emcc: warning: linker setting ignored during compilation: 'FULL_ES2' [-Wunused-command-line-argument]
emcc: warning: linker setting ignored during compilation: 'FULL_ES2' [-Wunused-command-line-argument]
emcc: warning: linker setting ignored during compilation: 'FULL_ES2' [-Wunused-command-line-argument]
[0;32mCompiling: [0;33mlevels/ddd/leveldata.c[0;32m -> [0;34mbuild/us_web/levels/ddd/leveldata.o[0m
emcc: warning: linker setting ignored during compilation: 'FULL_ES2' [-Wunused-command-line-argument]
emcc: warning: linker setting ignored during compilation: 'FULL_ES2' [-Wunused-command-line-argument]
[0;32mCompiling: [0;33mlevels/ending/leveldata.c[0;32m -> [0;34mbuild/us_web/levels/ending/leveldata.o[0m
emcc: warning: linker setting ignored during compilation: 'FULL_ES2' [-Wunused-command-line-argument]
[0;32mCompiling: [0;33mlevels/hmc/leveldata.c[0;32m -> [0;34mbuild/us_web/levels/hmc/leveldata.o[0m
emcc: warning: linker setting ignored during compilation: 'FULL_ES2' [-Wunused-command-line-argument]
emcc: warning: linker setting ignored during compilation: 'FULL_ES2' [-Wunused-command-line-argument]
emcc: warning: linker setting ignored during compilation: 'FULL_ES2' [-Wunused-command-line-argument]
emcc: warning: linker setting ignored during compilation: 'FULL_ES2' [-Wunused-command-line-argument]
emcc: warning: linker setting ignored during compilation: 'FULL_ES2' [-Wunused-command-line-argument]
emcc: warning: linker setting ignored during compilation: 'FULL_ES2' [-Wunused-command-line-argument]
[0;32mCompiling: [0;33mlevels/intro/leveldata.c[0;32m -> [0;34mbuild/us_web/levels/intro/leveldata.o[0m
[0;32mCompiling: [0;33mlevels/jrb/leveldata.c[0;32m -> [0;34mbuild/us_web/levels/jrb/leveldata.o[0m
emcc: warning: linker setting ignored during compilation: 'FULL_ES2' [-Wunused-command-line-argument]
[0;32mCompiling: [0;33mlevels/lll/leveldata.c[0;32m -> [0;34mbuild/us_web/levels/lll/leveldata.o[0m
emcc: warning: linker setting ignored during compilation: 'FULL_ES2' [-Wunused-command-line-argument]
emcc: warning: linker setting ignored during compilation: 'FULL_ES2' [-Wunused-command-line-argument]
[0;32mCompiling: [0;33mlevels/menu/leveldata.c[0;32m -> [0;34mbuild/us_web/levels/menu/leveldata.o[0m
emcc: warning: linker setting ignored during compilation: 'FULL_ES2' [-Wunused-command-line-argument]
emcc: warning: linker setting ignored during compilation: 'FULL_ES2' [-Wunused-command-line-argument]
emcc: warning: linker setting ignored during compilation: 'FULL_ES2' [-Wunused-command-line-argument]
emcc: warning: linker setting ignored during compilation: 'FULL_ES2' [-Wunused-command-line-argument]
emcc: warning: linker setting ignored during compilation: 'FULL_ES2' [-Wunused-command-line-argument]
[0;32mCompiling: [0;33mlevels/pss/leveldata.c[0;32m -> [0;34mbuild/us_web/levels/pss/leveldata.o[0m
emcc: warning: linker setting ignored during compilation: 'FULL_ES2' [-Wunused-command-line-argument]
emcc: warning: linker setting ignored during compilation: 'FULL_ES2' [-Wunused-command-line-argument]
emcc: warning: linker setting ignored during compilation: 'FULL_ES2' [-Wunused-command-line-argument]
[0;32mCompiling: [0;33mlevels/rr/leveldata.c[0;32m -> [0;34mbuild/us_web/levels/rr/leveldata.o[0m
[0;32mCompiling: [0;33mlevels/sa/leveldata.c[0;32m -> [0;34mbuild/us_web/levels/sa/leveldata.o[0m
[0;32mCompiling: [0;33mlevels/sl/leveldata.c[0;32m -> [0;34mbuild/us_web/levels/sl/leveldata.o[0m
emcc: warning: linker setting ignored during compilation: 'FULL_ES2' [-Wunused-command-line-argument]
emcc: warning: linker setting ignored during compilation: 'FULL_ES2' [-Wunused-command-line-argument]
emcc: warning: linker setting ignored during compilation: 'FULL_ES2' [-Wunused-command-line-argument]
emcc: warning: linker setting ignored during compilation: 'FULL_ES2' [-Wunused-command-line-argument]
[0;32mCompiling: [0;33mlevels/ssl/leveldata.c[0;32m -> [0;34mbuild/us_web/levels/ssl/leveldata.o[0m
[0;32mCompiling: [0;33mlevels/thi/leveldata.c[0;32m -> [0;34mbuild/us_web/levels/thi/leveldata.o[0m
emcc: warning: linker setting ignored during compilation: 'FULL_ES2' [-Wunused-command-line-argument]
emcc: warning: linker setting ignored during compilation: 'FULL_ES2' [-Wunused-command-line-argument]
emcc: warning: linker setting ignored during compilation: 'FULL_ES2' [-Wunused-command-line-argument]
[0;32mCompiling: [0;33mlevels/totwc/leveldata.c[0;32m -> [0;34mbuild/us_web/levels/totwc/leveldata.o[0m
emcc: warning: linker setting ignored during compilation: 'FULL_ES2' [-Wunused-command-line-argument]
[0;32mCompiling: [0;33mlevels/ttc/leveldata.c[0;32m -> [0;34mbuild/us_web/levels/ttc/leveldata.o[0m
[0;32mCompiling: [0;33mlevels/ttm/leveldata.c[0;32m -> [0;34mbuild/us_web/levels/ttm/leveldata.o[0m
emcc: warning: linker setting ignored during compilation: 'FULL_ES2' [-Wunused-command-line-argument]
emcc: warning: linker setting ignored during compilation: 'FULL_ES2' [-Wunused-command-line-argument]
[0;32mCompiling: [0;33mlevels/vcutm/leveldata.c[0;32m -> [0;34mbuild/us_web/levels/vcutm/leveldata.o[0m
emcc: warning: linker setting ignored during compilation: 'FULL_ES2' [-Wunused-command-line-argument]
emcc: warning: linker setting ignored during compilation: 'FULL_ES2' [-Wunused-command-line-argument]
emcc: warning: linker setting ignored during compilation: 'FULL_ES2' [-Wunused-command-line-argument]
emcc: warning: linker setting ignored during compilation: 'FULL_ES2' [-Wunused-command-line-argument]
emcc: warning: linker setting ignored during compilation: 'FULL_ES2' [-Wunused-command-line-argument]
emcc: warning: linker setting ignored during compilation: 'FULL_ES2' [-Wunused-command-line-argument]
[0;32mCompiling: [0;33mlevels/wdw/leveldata.c[0;32m -> [0;34mbuild/us_web/levels/wdw/leveldata.o[0m
[0;32mCompiling: [0;33mlevels/wf/leveldata.c[0;32m -> [0;34mbuild/us_web/levels/wf/leveldata.o[0m
emcc: warning: linker setting ignored during compilation: 'FULL_ES2' [-Wunused-command-line-argument]
emcc: warning: linker setting ignored during compilation: 'FULL_ES2' [-Wunused-command-line-argument]
emcc: warning: linker setting ignored during compilation: 'FULL_ES2' [-Wunused-command-line-argument]
emcc: warning: linker setting ignored during compilation: 'FULL_ES2' [-Wunused-command-line-argument]
[0;32mCompiling: [0;33mlevels/wmotr/leveldata.c[0;32m -> [0;34mbuild/us_web/levels/wmotr/leveldata.o[0m
[0;32mCompiling: [0;33mlevels/bbh/script.c[0;32m -> [0;34mbuild/us_web/levels/bbh/script.o[0m
emcc: warning: linker setting ignored during compilation: 'FULL_ES2' [-Wunused-command-line-argument]
[0;32mCompiling: [0;33mlevels/bitdw/script.c[0;32m -> [0;34mbuild/us_web/levels/bitdw/script.o[0m
[0;32mCompiling: [0;33mlevels/bitfs/script.c[0;32m -> [0;34mbuild/us_web/levels/bitfs/script.o[0m
emcc: warning: linker setting ignored during compilation: 'FULL_ES2' [-Wunused-command-line-argument]
emcc: warning: linker setting ignored during compilation: 'FULL_ES2' [-Wunused-command-line-argument]
emcc: warning: linker setting ignored during compilation: 'FULL_ES2' [-Wunused-command-line-argument]
emcc: warning: linker setting ignored during compilation: 'FULL_ES2' [-Wunused-command-line-argument]
emcc: warning: linker setting ignored during compilation: 'FULL_ES2' [-Wunused-command-line-argument]
emcc: warning: linker setting ignored during compilation: 'FULL_ES2' [-Wunused-command-line-argument]
emcc: warning: linker setting ignored during compilation: 'FULL_ES2' [-Wunused-command-line-argument]
emcc: warning: linker setting ignored during compilation: 'FULL_ES2' [-Wunused-command-line-argument]
emcc: warning: linker setting ignored during compilation: 'FULL_ES2' [-Wunused-command-line-argument]
[0;32mCompiling: [0;33mlevels/bits/script.c[0;32m -> [0;34mbuild/us_web/levels/bits/script.o[0m
[0;32mCompiling: [0;33mlevels/bob/script.c[0;32m -> [0;34mbuild/us_web/levels/bob/script.o[0m
emcc: warning: linker setting ignored during compilation: 'FULL_ES2' [-Wunused-command-line-argument]
[0;32mCompiling: [0;33mlevels/bowser_1/script.c[0;32m -> [0;34mbuild/us_web/levels/bowser_1/script.o[0m
[0;32mCompiling: [0;33mlevels/bowser_2/script.c[0;32m -> [0;34mbuild/us_web/levels/bowser_2/script.o[0m
[0;32mCompiling: [0;33mlevels/bowser_3/script.c[0;32m -> [0;34mbuild/us_web/levels/bowser_3/script.o[0m
[0;32mCompiling: [0;33mlevels/castle_courtyard/script.c[0;32m -> [0;34mbuild/us_web/levels/castle_courtyard/script.o[0m
emcc: warning: linker setting ignored during compilation: 'FULL_ES2' [-Wunused-command-line-argument]
emcc: warning: linker setting ignored during compilation: 'FULL_ES2' [-Wunused-command-line-argument]
emcc: warning: linker setting ignored during compilation: 'FULL_ES2' [-Wunused-command-line-argument]
emcc: warning: linker setting ignored during compilation: 'FULL_ES2' [-Wunused-command-line-argument]
emcc: warning: linker setting ignored during compilation: 'FULL_ES2' [-Wunused-command-line-argument]
emcc: warning: linker setting ignored during compilation: 'FULL_ES2' [-Wunused-command-line-argument]
[0;32mCompiling: [0;33mlevels/castle_grounds/script.c[0;32m -> [0;34mbuild/us_web/levels/castle_grounds/script.o[0m
emcc: warning: linker setting ignored during compilation: 'FULL_ES2' [-Wunused-command-line-argument]
emcc: warning: linker setting ignored during compilation: 'FULL_ES2' [-Wunused-command-line-argument]
emcc: warning: linker setting ignored during compilation: 'FULL_ES2' [-Wunused-command-line-argument]
emcc: warning: linker setting ignored during compilation: 'FULL_ES2' [-Wunused-command-line-argument]
emcc: warning: linker setting ignored during compilation: 'FULL_ES2' [-Wunused-command-line-argument]
emcc: warning: linker setting ignored during compilation: 'FULL_ES2' [-Wunused-command-line-argument]
[0;32mCompiling: [0;33mlevels/castle_inside/script.c[0;32m -> [0;34mbuild/us_web/levels/castle_inside/script.o[0m
[0;32mCompiling: [0;33mlevels/ccm/script.c[0;32m -> [0;34mbuild/us_web/levels/ccm/script.o[0m
[0;32mCompiling: [0;33mlevels/cotmc/script.c[0;32m -> [0;34mbuild/us_web/levels/cotmc/script.o[0m
[0;32mCompiling: [0;33mlevels/ddd/script.c[0;32m -> [0;34mbuild/us_web/levels/ddd/script.o[0m
emcc: warning: linker setting ignored during compilation: 'FULL_ES2' [-Wunused-command-line-argument]
[0;32mCompiling: [0;33mlevels/ending/script.c[0;32m -> [0;34mbuild/us_web/levels/ending/script.o[0m
[0;32mCompiling: [0;33mlevels/hmc/script.c[0;32m -> [0;34mbuild/us_web/levels/hmc/script.o[0m
emcc: warning: linker setting ignored during compilation: 'FULL_ES2' [-Wunused-command-line-argument]
emcc: warning: linker setting ignored during compilation: 'FULL_ES2' [-Wunused-command-line-argument]
emcc: warning: linker setting ignored during compilation: 'FULL_ES2' [-Wunused-command-line-argument]
emcc: warning: linker setting ignored during compilation: 'FULL_ES2' [-Wunused-command-line-argument]
emcc: warning: linker setting ignored during compilation: 'FULL_ES2' [-Wunused-command-line-argument]
emcc: warning: linker setting ignored during compilation: 'FULL_ES2' [-Wunused-command-line-argument]
emcc: warning: linker setting ignored during compilation: 'FULL_ES2' [-Wunused-command-line-argument]
[0;32mCompiling: [0;33mlevels/intro/script.c[0;32m -> [0;34mbuild/us_web/levels/intro/script.o[0m
emcc: warning: linker setting ignored during compilation: 'FULL_ES2' [-Wunused-command-line-argument]
emcc: warning: linker setting ignored during compilation: 'FULL_ES2' [-Wunused-command-line-argument]
emcc: warning: linker setting ignored during compilation: 'FULL_ES2' [-Wunused-command-line-argument]
emcc: warning: linker setting ignored during compilation: 'FULL_ES2' [-Wunused-command-line-argument]
[0;32mCompiling: [0;33mlevels/jrb/script.c[0;32m -> [0;34mbuild/us_web/levels/jrb/script.o[0m
emcc: warning: linker setting ignored during compilation: 'FULL_ES2' [-Wunused-command-line-argument]
emcc: warning: linker setting ignored during compilation: 'FULL_ES2' [-Wunused-command-line-argument]
[0;32mCompiling: [0;33mlevels/lll/script.c[0;32m -> [0;34mbuild/us_web/levels/lll/script.o[0m
[0;32mCompiling: [0;33mlevels/menu/script.c[0;32m -> [0;34mbuild/us_web/levels/menu/script.o[0m
[0;32mCompiling: [0;33mlevels/pss/script.c[0;32m -> [0;34mbuild/us_web/levels/pss/script.o[0m
emcc: warning: linker setting ignored during compilation: 'FULL_ES2' [-Wunused-command-line-argument]
[0;32mCompiling: [0;33mlevels/rr/script.c[0;32m -> [0;34mbuild/us_web/levels/rr/script.o[0m
[0;32mCompiling: [0;33mlevels/sa/script.c[0;32m -> [0;34mbuild/us_web/levels/sa/script.o[0m
[0;32mCompiling: [0;33mlevels/sl/script.c[0;32m -> [0;34mbuild/us_web/levels/sl/script.o[0m
emcc: warning: linker setting ignored during compilation: 'FULL_ES2' [-Wunused-command-line-argument]
emcc: warning: linker setting ignored during compilation: 'FULL_ES2' [-Wunused-command-line-argument]
emcc: warning: linker setting ignored during compilation: 'FULL_ES2' [-Wunused-command-line-argument]
emcc: warning: linker setting ignored during compilation: 'FULL_ES2' [-Wunused-command-line-argument]
emcc: warning: linker setting ignored during compilation: 'FULL_ES2' [-Wunused-command-line-argument]
emcc: warning: linker setting ignored during compilation: 'FULL_ES2' [-Wunused-command-line-argument]
emcc: warning: linker setting ignored during compilation: 'FULL_ES2' [-Wunused-command-line-argument]
emcc: warning: linker setting ignored during compilation: 'FULL_ES2' [-Wunused-command-line-argument]
emcc: warning: linker setting ignored during compilation: 'FULL_ES2' [-Wunused-command-line-argument]
[0;32mCompiling: [0;33mlevels/ssl/script.c[0;32m -> [0;34mbuild/us_web/levels/ssl/script.o[0m
emcc: warning: linker setting ignored during compilation: 'FULL_ES2' [-Wunused-command-line-argument]
emcc: warning: linker setting ignored during compilation: 'FULL_ES2' [-Wunused-command-line-argument]
emcc: warning: linker setting ignored during compilation: 'FULL_ES2' [-Wunused-command-line-argument]
emcc: warning: linker setting ignored during compilation: 'FULL_ES2' [-Wunused-command-line-argument]
emcc: warning: linker setting ignored during compilation: 'FULL_ES2' [-Wunused-command-line-argument]
[0;32mCompiling: [0;33mlevels/thi/script.c[0;32m -> [0;34mbuild/us_web/levels/thi/script.o[0m
emcc: warning: linker setting ignored during compilation: 'FULL_ES2' [-Wunused-command-line-argument]
[0;32mCompiling: [0;33mlevels/totwc/script.c[0;32m -> [0;34mbuild/us_web/levels/totwc/script.o[0m
[0;32mCompiling: [0;33mlevels/ttc/script.c[0;32m -> [0;34mbuild/us_web/levels/ttc/script.o[0m
[0;32mCompiling: [0;33mlevels/ttm/script.c[0;32m -> [0;34mbuild/us_web/levels/ttm/script.o[0m
emcc: warning: linker setting ignored during compilation: 'FULL_ES2' [-Wunused-command-line-argument]
[0;32mCompiling: [0;33mlevels/vcutm/script.c[0;32m -> [0;34mbuild/us_web/levels/vcutm/script.o[0m
[0;32mCompiling: [0;33mlevels/wdw/script.c[0;32m -> [0;34mbuild/us_web/levels/wdw/script.o[0m
[0;32mCompiling: [0;33mlevels/wf/script.c[0;32m -> [0;34mbuild/us_web/levels/wf/script.o[0m
emcc: warning: linker setting ignored during compilation: 'FULL_ES2' [-Wunused-command-line-argument]
emcc: warning: linker setting ignored during compilation: 'FULL_ES2' [-Wunused-command-line-argument]
emcc: warning: linker setting ignored during compilation: 'FULL_ES2' [-Wunused-command-line-argument]
emcc: warning: linker setting ignored during compilation: 'FULL_ES2' [-Wunused-command-line-argument]
emcc: warning: linker setting ignored during compilation: 'FULL_ES2' [-Wunused-command-line-argument]
emcc: warning: linker setting ignored during compilation: 'FULL_ES2' [-Wunused-command-line-argument]
emcc: warning: linker setting ignored during compilation: 'FULL_ES2' [-Wunused-command-line-argument]
emcc: warning: linker setting ignored during compilation: 'FULL_ES2' [-Wunused-command-line-argument]
emcc: warning: linker setting ignored during compilation: 'FULL_ES2' [-Wunused-command-line-argument]
[0;32mCompiling: [0;33mlevels/wmotr/script.c[0;32m -> [0;34mbuild/us_web/levels/wmotr/script.o[0m
emcc: warning: linker setting ignored during compilation: 'FULL_ES2' [-Wunused-command-line-argument]
emcc: warning: linker setting ignored during compilation: 'FULL_ES2' [-Wunused-command-line-argument]
emcc: warning: linker setting ignored during compilation: 'FULL_ES2' [-Wunused-command-line-argument]
emcc: warning: linker setting ignored during compilation: 'FULL_ES2' [-Wunused-command-line-argument]
emcc: warning: linker setting ignored during compilation: 'FULL_ES2' [-Wunused-command-line-argument]
emcc: warning: linker setting ignored during compilation: 'FULL_ES2' [-Wunused-command-line-argument]
[0;32mCompiling: [0;33mlevels/bbh/geo.c[0;32m -> [0;34mbuild/us_web/levels/bbh/geo.o[0m
[0;32mCompiling: [0;33mlevels/bitdw/geo.c[0;32m -> [0;34mbuild/us_web/levels/bitdw/geo.o[0m
[0;32mCompiling: [0;33mlevels/bitfs/geo.c[0;32m -> [0;34mbuild/us_web/levels/bitfs/geo.o[0m
[0;32mCompiling: [0;33mlevels/bits/geo.c[0;32m -> [0;34mbuild/us_web/levels/bits/geo.o[0m
[0;32mCompiling: [0;33mlevels/bob/geo.c[0;32m -> [0;34mbuild/us_web/levels/bob/geo.o[0m
emcc: warning: linker setting ignored during compilation: 'FULL_ES2' [-Wunused-command-line-argument]
[0;32mCompiling: [0;33mlevels/bowser_1/geo.c[0;32m -> [0;34mbuild/us_web/levels/bowser_1/geo.o[0m
[0;32mCompiling: [0;33mlevels/bowser_2/geo.c[0;32m -> [0;34mbuild/us_web/levels/bowser_2/geo.o[0m
emcc: warning: linker setting ignored during compilation: 'FULL_ES2' [-Wunused-command-line-argument]
emcc: warning: linker setting ignored during compilation: 'FULL_ES2' [-Wunused-command-line-argument]
emcc: warning: linker setting ignored during compilation: 'FULL_ES2' [-Wunused-command-line-argument]
emcc: warning: linker setting ignored during compilation: 'FULL_ES2' [-Wunused-command-line-argument]
emcc: warning: linker setting ignored during compilation: 'FULL_ES2' [-Wunused-command-line-argument]
emcc: warning: linker setting ignored during compilation: 'FULL_ES2' [-Wunused-command-line-argument]
emcc: warning: linker setting ignored during compilation: 'FULL_ES2' [-Wunused-command-line-argument]
emcc: warning: linker setting ignored during compilation: 'FULL_ES2' [-Wunused-command-line-argument]
emcc: warning: linker setting ignored during compilation: 'FULL_ES2' [-Wunused-command-line-argument]
[0;32mCompiling: [0;33mlevels/bowser_3/geo.c[0;32m -> [0;34mbuild/us_web/levels/bowser_3/geo.o[0m
emcc: warning: linker setting ignored during compilation: 'FULL_ES2' [-Wunused-command-line-argument]
emcc: warning: linker setting ignored during compilation: 'FULL_ES2' [-Wunused-command-line-argument]
emcc: warning: linker setting ignored during compilation: 'FULL_ES2' [-Wunused-command-line-argument]
emcc: warning: linker setting ignored during compilation: 'FULL_ES2' [-Wunused-command-line-argument]
emcc: warning: linker setting ignored during compilation: 'FULL_ES2' [-Wunused-command-line-argument]
emcc: warning: linker setting ignored during compilation: 'FULL_ES2' [-Wunused-command-line-argument]
[0;32mCompiling: [0;33mlevels/castle_courtyard/geo.c[0;32m -> [0;34mbuild/us_web/levels/castle_courtyard/geo.o[0m
[0;32mCompiling: [0;33mlevels/castle_grounds/geo.c[0;32m -> [0;34mbuild/us_web/levels/castle_grounds/geo.o[0m
[0;32mCompiling: [0;33mlevels/castle_inside/geo.c[0;32m -> [0;34mbuild/us_web/levels/castle_inside/geo.o[0m
[0;32mCompiling: [0;33mlevels/ccm/geo.c[0;32m -> [0;34mbuild/us_web/levels/ccm/geo.o[0m
[0;32mCompiling: [0;33mlevels/cotmc/geo.c[0;32m -> [0;34mbuild/us_web/levels/cotmc/geo.o[0m
emcc: warning: linker setting ignored during compilation: 'FULL_ES2' [-Wunused-command-line-argument]
[0;32mCompiling: [0;33mlevels/ddd/geo.c[0;32m -> [0;34mbuild/us_web/levels/ddd/geo.o[0m
[0;32mCompiling: [0;33mlevels/ending/geo.c[0;32m -> [0;34mbuild/us_web/levels/ending/geo.o[0m
emcc: warning: linker setting ignored during compilation: 'FULL_ES2' [-Wunused-command-line-argument]
emcc: warning: linker setting ignored during compilation: 'FULL_ES2' [-Wunused-command-line-argument]
emcc: warning: linker setting ignored during compilation: 'FULL_ES2' [-Wunused-command-line-argument]
emcc: warning: linker setting ignored during compilation: 'FULL_ES2' [-Wunused-command-line-argument]
emcc: warning: linker setting ignored during compilation: 'FULL_ES2' [-Wunused-command-line-argument]
emcc: warning: linker setting ignored during compilation: 'FULL_ES2' [-Wunused-command-line-argument]
emcc: warning: linker setting ignored during compilation: 'FULL_ES2' [-Wunused-command-line-argument]
emcc: warning: linker setting ignored during compilation: 'FULL_ES2' [-Wunused-command-line-argument]
emcc: warning: linker setting ignored during compilation: 'FULL_ES2' [-Wunused-command-line-argument]
[0;32mCompiling: [0;33mlevels/hmc/geo.c[0;32m -> [0;34mbuild/us_web/levels/hmc/geo.o[0m
emcc: warning: linker setting ignored during compilation: 'FULL_ES2' [-Wunused-command-line-argument]
emcc: warning: linker setting ignored during compilation: 'FULL_ES2' [-Wunused-command-line-argument]
emcc: warning: linker setting ignored during compilation: 'FULL_ES2' [-Wunused-command-line-argument]
emcc: warning: linker setting ignored during compilation: 'FULL_ES2' [-Wunused-command-line-argument]
emcc: warning: linker setting ignored during compilation: 'FULL_ES2' [-Wunused-command-line-argument]
emcc: warning: linker setting ignored during compilation: 'FULL_ES2' [-Wunused-command-line-argument]
[0;32mCompiling: [0;33mlevels/intro/geo.c[0;32m -> [0;34mbuild/us_web/levels/intro/geo.o[0m
[0;32mCompiling: [0;33mlevels/jrb/geo.c[0;32m -> [0;34mbuild/us_web/levels/jrb/geo.o[0m
[0;32mCompiling: [0;33mlevels/lll/geo.c[0;32m -> [0;34mbuild/us_web/levels/lll/geo.o[0m
[0;32mCompiling: [0;33mlevels/menu/geo.c[0;32m -> [0;34mbuild/us_web/levels/menu/geo.o[0m
[0;32mCompiling: [0;33mlevels/pss/geo.c[0;32m -> [0;34mbuild/us_web/levels/pss/geo.o[0m
[0;32mCompiling: [0;33mlevels/rr/geo.c[0;32m -> [0;34mbuild/us_web/levels/rr/geo.o[0m
emcc: warning: linker setting ignored during compilation: 'FULL_ES2' [-Wunused-command-line-argument]
[0;32mCompiling: [0;33mlevels/sa/geo.c[0;32m -> [0;34mbuild/us_web/levels/sa/geo.o[0m
emcc: warning: linker setting ignored during compilation: 'FULL_ES2' [-Wunused-command-line-argument]
emcc: warning: linker setting ignored during compilation: 'FULL_ES2' [-Wunused-command-line-argument]
emcc: warning: linker setting ignored during compilation: 'FULL_ES2' [-Wunused-command-line-argument]
emcc: warning: linker setting ignored during compilation: 'FULL_ES2' [-Wunused-command-line-argument]
emcc: warning: linker setting ignored during compilation: 'FULL_ES2' [-Wunused-command-line-argument]
emcc: warning: linker setting ignored during compilation: 'FULL_ES2' [-Wunused-command-line-argument]
emcc: warning: linker setting ignored during compilation: 'FULL_ES2' [-Wunused-command-line-argument]
emcc: warning: linker setting ignored during compilation: 'FULL_ES2' [-Wunused-command-line-argument]
emcc: warning: linker setting ignored during compilation: 'FULL_ES2' [-Wunused-command-line-argument]
emcc: warning: linker setting ignored during compilation: 'FULL_ES2' [-Wunused-command-line-argument]
emcc: warning: linker setting ignored during compilation: 'FULL_ES2' [-Wunused-command-line-argument]
emcc: warning: linker setting ignored during compilation: 'FULL_ES2' [-Wunused-command-line-argument]
emcc: warning: linker setting ignored during compilation: 'FULL_ES2' [-Wunused-command-line-argument]
[0;32mCompiling: [0;33mlevels/sl/geo.c[0;32m -> [0;34mbuild/us_web/levels/sl/geo.o[0m
emcc: warning: linker setting ignored during compilation: 'FULL_ES2' [-Wunused-command-line-argument]
emcc: warning: linker setting ignored during compilation: 'FULL_ES2' [-Wunused-command-line-argument]
[0;32mCompiling: [0;33mlevels/ssl/geo.c[0;32m -> [0;34mbuild/us_web/levels/ssl/geo.o[0m
[0;32mCompiling: [0;33mlevels/thi/geo.c[0;32m -> [0;34mbuild/us_web/levels/thi/geo.o[0m
[0;32mCompiling: [0;33mlevels/totwc/geo.c[0;32m -> [0;34mbuild/us_web/levels/totwc/geo.o[0m
[0;32mCompiling: [0;33mlevels/ttc/geo.c[0;32m -> [0;34mbuild/us_web/levels/ttc/geo.o[0m
[0;32mCompiling: [0;33mlevels/ttm/geo.c[0;32m -> [0;34mbuild/us_web/levels/ttm/geo.o[0m
[0;32mCompiling: [0;33mlevels/vcutm/geo.c[0;32m -> [0;34mbuild/us_web/levels/vcutm/geo.o[0m
[0;32mCompiling: [0;33mlevels/wdw/geo.c[0;32m -> [0;34mbuild/us_web/levels/wdw/geo.o[0m
emcc: warning: linker setting ignored during compilation: 'FULL_ES2' [-Wunused-command-line-argument]
emcc: warning: linker setting ignored during compilation: 'FULL_ES2' [-Wunused-command-line-argument]
emcc: warning: linker setting ignored during compilation: 'FULL_ES2' [-Wunused-command-line-argument]
emcc: warning: linker setting ignored during compilation: 'FULL_ES2' [-Wunused-command-line-argument]
emcc: warning: linker setting ignored during compilation: 'FULL_ES2' [-Wunused-command-line-argument]
emcc: warning: linker setting ignored during compilation: 'FULL_ES2' [-Wunused-command-line-argument]
emcc: warning: linker setting ignored during compilation: 'FULL_ES2' [-Wunused-command-line-argument]
emcc: warning: linker setting ignored during compilation: 'FULL_ES2' [-Wunused-command-line-argument]
emcc: warning: linker setting ignored during compilation: 'FULL_ES2' [-Wunused-command-line-argument]
emcc: warning: linker setting ignored during compilation: 'FULL_ES2' [-Wunused-command-line-argument]
emcc: warning: linker setting ignored during compilation: 'FULL_ES2' [-Wunused-command-line-argument]
emcc: warning: linker setting ignored during compilation: 'FULL_ES2' [-Wunused-command-line-argument]
emcc: warning: linker setting ignored during compilation: 'FULL_ES2' [-Wunused-command-line-argument]
emcc: warning: linker setting ignored during compilation: 'FULL_ES2' [-Wunused-command-line-argument]
[0;32mCompiling: [0;33mlevels/wf/geo.c[0;32m -> [0;34mbuild/us_web/levels/wf/geo.o[0m
emcc: warning: linker setting ignored during compilation: 'FULL_ES2' [-Wunused-command-line-argument]
emcc: warning: linker setting ignored during compilation: 'FULL_ES2' [-Wunused-command-line-argument]
[0;32mCompiling: [0;33mlevels/wmotr/geo.c[0;32m -> [0;34mbuild/us_web/levels/wmotr/geo.o[0m
[0;32mCompiling: [0;33mdata/dynos_bin_ambient_t.cpp[0;32m -> [0;34mbuild/us_web/data/dynos_bin_ambient_t.o[0m
[0;32mCompiling: [0;33mdata/dynos_bin_animation.cpp[0;32m -> [0;34mbuild/us_web/data/dynos_bin_animation.o[0m
[0;32mCompiling: [0;33mdata/dynos_bin_actor.cpp[0;32m -> [0;34mbuild/us_web/data/dynos_bin_actor.o[0m
[0;32mCompiling: [0;33mdata/dynos_bin_behavior.cpp[0;32m -> [0;34mbuild/us_web/data/dynos_bin_behavior.o[0m
[0;32mCompiling: [0;33mdata/dynos_bin_col.cpp[0;32m -> [0;34mbuild/us_web/data/dynos_bin_col.o[0m
[0;32mCompiling: [0;33mdata/dynos_bin_common.cpp[0;32m -> [0;34mbuild/us_web/data/dynos_bin_common.o[0m
emcc: warning: linker setting ignored during compilation: 'FULL_ES2' [-Wunused-command-line-argument]
emcc: warning: linker setting ignored during compilation: 'FULL_ES2' [-Wunused-command-line-argument]
em++: warning: linker setting ignored during compilation: 'FULL_ES2' [-Wunused-command-line-argument]
em++: warning: linker setting ignored during compilation: 'FULL_ES2' [-Wunused-command-line-argument]
em++: warning: linker setting ignored during compilation: 'FULL_ES2' [-Wunused-command-line-argument]
em++: warning: linker setting ignored during compilation: 'FULL_ES2' [-Wunused-command-line-argument]
em++: warning: linker setting ignored during compilation: 'FULL_ES2' [-Wunused-command-line-argument]
em++: warning: linker setting ignored during compilation: 'FULL_ES2' [-Wunused-command-line-argument]
emcc: warning: linker setting ignored during compilation: 'FULL_ES2' [-Wunused-command-line-argument]
emcc: warning: linker setting ignored during compilation: 'FULL_ES2' [-Wunused-command-line-argument]
[0;32mCompiling: [0;33mdata/dynos_bin_compress.cpp[0;32m -> [0;34mbuild/us_web/data/dynos_bin_compress.o[0m
[0;32mCompiling: [0;33mdata/dynos_bin_geo.cpp[0;32m -> [0;34mbuild/us_web/data/dynos_bin_geo.o[0m
em++: warning: linker setting ignored during compilation: 'FULL_ES2' [-Wunused-command-line-argument]
em++: warning: linker setting ignored during compilation: 'FULL_ES2' [-Wunused-command-line-argument]
In file included from data/dynos_bin_animation.cpp:1:
data/dynos.cpp.h:229:16: warning: first argument in call to 'memcpy' is a pointer to non-trivially copyable type 'String' [-Wnontrivial-memcall]
  229 |         memcpy(mBuffer, aOther.mBuffer, mCount * sizeof(T));
      |                ^
data/dynos.cpp.h:721:12: note: in instantiation of member function 'Array<String>::Array' requested here
  721 |     return _Tokens;
      |            ^
data/dynos_bin_animation.cpp:22:29: note: in instantiation of function template specialization 'Split<void>' requested here
   22 |     Array<String> _Tokens = Split(_FileBuffer, " []()=&,;\t\r\n\b");
      |                             ^
data/dynos.cpp.h:229:16: note: explicitly cast the pointer to silence this warning
  229 |         memcpy(mBuffer, aOther.mBuffer, mCount * sizeof(T));
      |                ^
      |                (void*)
data/dynos.cpp.h:247:24: warning: first argument in call to 'memcpy' is a pointer to non-trivially copyable type 'String' [-Wnontrivial-memcall]
  247 |                 memcpy(_Buffer, mBuffer, mCount * sizeof(T));
      |                        ^
data/dynos.cpp.h:228:9: note: in instantiation of member function 'Array<String>::Resize' requested here
  228 |         Resize(aOther.mCount);
      |         ^
data/dynos.cpp.h:721:12: note: in instantiation of member function 'Array<String>::Array' requested here
  721 |     return _Tokens;
      |            ^
data/dynos_bin_animation.cpp:22:29: note: in instantiation of function template specialization 'Split<void>' requested here
   22 |     Array<String> _Tokens = Split(_FileBuffer, " []()=&,;\t\r\n\b");
      |                             ^
data/dynos.cpp.h:247:24: note: explicitly cast the pointer to silence this warning
  247 |                 memcpy(_Buffer, mBuffer, mCount * sizeof(T));
      |                        ^
      |                        (void*)
data/dynos.cpp.h:247:24: warning: first argument in call to 'memcpy' is a pointer to non-trivially copyable type 'std::pair<String, void *>' [-Wnontrivial-memcall]
  247 |                 memcpy(_Buffer, mBuffer, mCount * sizeof(T));
      |                        ^
data/dynos.cpp.h:256:9: note: in instantiation of member function 'Array<std::pair<String, void *>>::Resize' requested here
  256 |         Resize(mCount + 1);
      |         ^
data/dynos_bin_animation.cpp:123:39: note: in instantiation of member function 'Array<std::pair<String, void *>>::Add' requested here
  123 |             aGfxData->mAnimationTable.Add({ _Token, NULL });
      |                                       ^
data/dynos.cpp.h:247:24: note: explicitly cast the pointer to silence this warning
  247 |                 memcpy(_Buffer, mBuffer, mCount * sizeof(T));
      |                        ^
      |                        (void*)
In file included from data/dynos_bin_actor.cpp:1:
data/dynos.cpp.h:247:24: warning: first argument in call to 'memcpy' is a pointer to non-trivially copyable type 'String' [-Wnontrivial-memcall]
  247 |                 memcpy(_Buffer, mBuffer, mCount * sizeof(T));
      |                        ^
data/dynos.cpp.h:256:9: note: in instantiation of member function 'Array<String>::Resize' requested here
  256 |         Resize(mCount + 1);
      |         ^
data/dynos_bin_actor.cpp:157:31: note: in instantiation of member function 'Array<String>::Add' requested here
  157 |             _SkipActorFolders.Add(_ActorFolder);
      |                               ^
data/dynos.cpp.h:247:24: note: explicitly cast the pointer to silence this warning
  247 |                 memcpy(_Buffer, mBuffer, mCount * sizeof(T));
      |                        ^
      |                        (void*)
3 warnings generated.
data/dynos.cpp.h:234:16: warning: first argument in call to 'memcpy' is a pointer to non-trivially copyable type 'std::pair<const void *, const void *>' [-Wnontrivial-memcall]
  234 |         memcpy(mBuffer, aOther.mBuffer, mCount * sizeof(T));
      |                ^
data/dynos_bin_actor.cpp:169:47: note: in instantiation of member function 'Array<std::pair<const void *, const void *>>::operator=' requested here
  169 |         _GfxData->mPointerOffsetList          = { };
      |                                               ^
data/dynos.cpp.h:234:16: note: explicitly cast the pointer to silence this warning
  234 |         memcpy(mBuffer, aOther.mBuffer, mCount * sizeof(T));
      |                ^
      |                (void*)
data/dynos.cpp.h:247:24: warning: first argument in call to 'memcpy' is a pointer to non-trivially copyable type 'std::pair<const void *, const void *>' [-Wnontrivial-memcall]
  247 |                 memcpy(_Buffer, mBuffer, mCount * sizeof(T));
      |                        ^
data/dynos.cpp.h:233:9: note: in instantiation of member function 'Array<std::pair<const void *, const void *>>::Resize' requested here
  233 |         Resize(aOther.mCount);
      |         ^
data/dynos_bin_actor.cpp:169:47: note: in instantiation of member function 'Array<std::pair<const void *, const void *>>::operator=' requested here
  169 |         _GfxData->mPointerOffsetList          = { };
      |                                               ^
data/dynos.cpp.h:247:24: note: explicitly cast the pointer to silence this warning
  247 |                 memcpy(_Buffer, mBuffer, mCount * sizeof(T));
      |                        ^
      |                        (void*)
data/dynos.cpp.h:234:16: warning: first argument in call to 'memcpy' is a pointer to non-trivially copyable type 'String' [-Wnontrivial-memcall]
  234 |         memcpy(mBuffer, aOther.mBuffer, mCount * sizeof(T));
      |                ^
data/dynos_bin_actor.cpp:171:47: note: in instantiation of member function 'Array<String>::operator=' requested here
  171 |         _GfxData->mLuaTokenList               = { };
      |                                               ^
data/dynos.cpp.h:234:16: note: explicitly cast the pointer to silence this warning
  234 |         memcpy(mBuffer, aOther.mBuffer, mCount * sizeof(T));
      |                ^
      |                (void*)
data/dynos.cpp.h:247:24: warning: first argument in call to 'memcpy' is a pointer to non-trivially copyable type 'std::pair<String, void *>' [-Wnontrivial-memcall]
  247 |                 memcpy(_Buffer, mBuffer, mCount * sizeof(T));
      |                        ^
data/dynos_bin_actor.cpp:196:39: note: in instantiation of member function 'Array<std::pair<String, void *>>::Resize' requested here
  196 |             _GfxData->mAnimationTable.Resize(256);
      |                                       ^
data/dynos.cpp.h:247:24: note: explicitly cast the pointer to silence this warning
  247 |                 memcpy(_Buffer, mBuffer, mCount * sizeof(T));
      |                        ^
      |                        (void*)
data/dynos.cpp.h:247:24: warning: first argument in call to 'memcpy' is a pointer to non-trivially copyable type 'std::pair<unsigned long long, String>' [-Wnontrivial-memcall]
  247 |                 memcpy(_Buffer, mBuffer, mCount * sizeof(T));
      |                        ^
data/dynos.cpp.h:256:9: note: in instantiation of member function 'Array<std::pair<unsigned long long, String>>::Resize' requested here
  256 |         Resize(mCount + 1);
      |         ^
data/dynos_bin_actor.cpp:275:36: note: in instantiation of member function 'Array<std::pair<unsigned long long, String>>::Add' requested here
  275 |                     _ActorsFolders.Add({ _GfxData->mModelIdentifier, String(_PackEnt->d_name) });
      |                                    ^
data/dynos.cpp.h:247:24: note: explicitly cast the pointer to silence this warning
  247 |                 memcpy(_Buffer, mBuffer, mCount * sizeof(T));
      |                        ^
      |                        (void*)
data/dynos.cpp.h:229:16: warning: first argument in call to 'memcpy' is a pointer to non-trivially copyable type 'std::pair<unsigned long long, String>' [-Wnontrivial-memcall]
  229 |         memcpy(mBuffer, aOther.mBuffer, mCount * sizeof(T));
      |                ^
data/dynos_bin_actor.cpp:283:37: note: in instantiation of member function 'Array<std::pair<unsigned long long, String>>::Array' requested here
  283 |     DynOS_Col_Generate(aPackFolder, _ActorsFolders, _GfxData);
      |                                     ^
data/dynos.cpp.h:229:16: note: explicitly cast the pointer to silence this warning
  229 |         memcpy(mBuffer, aOther.mBuffer, mCount * sizeof(T));
      |                ^
      |                (void*)
7 warnings generated.
In file included from data/dynos_bin_behavior.cpp:1:
data/dynos.cpp.h:234:16: warning: first argument in call to 'memcpy' is a pointer to non-trivially copyable type 'std::pair<const void *, const void *>' [-Wnontrivial-memcall]
  234 |         memcpy(mBuffer, aOther.mBuffer, mCount * sizeof(T));
      |                ^
data/dynos_bin_behavior.cpp:2651:47: note: in instantiation of member function 'Array<std::pair<const void *, const void *>>::operator=' requested here
 2651 |         _GfxData->mPointerOffsetList          = { };
      |                                               ^
data/dynos.cpp.h:234:16: note: explicitly cast the pointer to silence this warning
  234 |         memcpy(mBuffer, aOther.mBuffer, mCount * sizeof(T));
      |                ^
      |                (void*)
data/dynos.cpp.h:247:24: warning: first argument in call to 'memcpy' is a pointer to non-trivially copyable type 'std::pair<const void *, const void *>' [-Wnontrivial-memcall]
  247 |                 memcpy(_Buffer, mBuffer, mCount * sizeof(T));
      |                        ^
data/dynos.cpp.h:233:9: note: in instantiation of member function 'Array<std::pair<const void *, const void *>>::Resize' requested here
  233 |         Resize(aOther.mCount);
      |         ^
data/dynos_bin_behavior.cpp:2651:47: note: in instantiation of member function 'Array<std::pair<const void *, const void *>>::operator=' requested here
 2651 |         _GfxData->mPointerOffsetList          = { };
      |                                               ^
data/dynos.cpp.h:247:24: note: explicitly cast the pointer to silence this warning
  247 |                 memcpy(_Buffer, mBuffer, mCount * sizeof(T));
      |                        ^
      |                        (void*)
data/dynos.cpp.h:234:16: warning: first argument in call to 'memcpy' is a pointer to non-trivially copyable type 'String' [-Wnontrivial-memcall]
  234 |         memcpy(mBuffer, aOther.mBuffer, mCount * sizeof(T));
      |                ^
data/dynos_bin_behavior.cpp:2653:47: note: in instantiation of member function 'Array<String>::operator=' requested here
 2653 |         _GfxData->mLuaTokenList               = { };
      |                                               ^
data/dynos.cpp.h:234:16: note: explicitly cast the pointer to silence this warning
  234 |         memcpy(mBuffer, aOther.mBuffer, mCount * sizeof(T));
      |                ^
      |                (void*)
data/dynos.cpp.h:247:24: warning: first argument in call to 'memcpy' is a pointer to non-trivially copyable type 'String' [-Wnontrivial-memcall]
  247 |                 memcpy(_Buffer, mBuffer, mCount * sizeof(T));
      |                        ^
data/dynos.cpp.h:233:9: note: in instantiation of member function 'Array<String>::Resize' requested here
  233 |         Resize(aOther.mCount);
      |         ^
data/dynos_bin_behavior.cpp:2653:47: note: in instantiation of member function 'Array<String>::operator=' requested here
 2653 |         _GfxData->mLuaTokenList               = { };
      |                                               ^
data/dynos.cpp.h:247:24: note: explicitly cast the pointer to silence this warning
  247 |                 memcpy(_Buffer, mBuffer, mCount * sizeof(T));
      |                        ^
      |                        (void*)
data/dynos.cpp.h:247:24: warning: first argument in call to 'memcpy' is a pointer to non-trivially copyable type 'std::pair<unsigned long long, String>' [-Wnontrivial-memcall]
  247 |                 memcpy(_Buffer, mBuffer, mCount * sizeof(T));
      |                        ^
data/dynos.cpp.h:256:9: note: in instantiation of member function 'Array<std::pair<unsigned long long, String>>::Resize' requested here
  256 |         Resize(mCount + 1);
      |         ^
data/dynos_bin_behavior.cpp:2699:31: note: in instantiation of member function 'Array<std::pair<unsigned long long, String>>::Add' requested here
 2699 |             _BehaviorsFolders.Add({ _GfxData->mModelIdentifier, String(aPackFolder.c_str()) });
      |                               ^
data/dynos.cpp.h:247:24: note: explicitly cast the pointer to silence this warning
  247 |                 memcpy(_Buffer, mBuffer, mCount * sizeof(T));
      |                        ^
      |                        (void*)
data/dynos.cpp.h:229:16: warning: first argument in call to 'memcpy' is a pointer to non-trivially copyable type 'std::pair<unsigned long long, String>' [-Wnontrivial-memcall]
  229 |         memcpy(mBuffer, aOther.mBuffer, mCount * sizeof(T));
      |                ^
data/dynos_bin_behavior.cpp:2730:37: note: in instantiation of member function 'Array<std::pair<unsigned long long, String>>::Array' requested here
 2730 |     DynOS_Bhv_Generate(aPackFolder, _BehaviorsFolders, _GfxData);
      |                                     ^
data/dynos.cpp.h:229:16: note: explicitly cast the pointer to silence this warning
  229 |         memcpy(mBuffer, aOther.mBuffer, mCount * sizeof(T));
      |                ^
      |                (void*)
6 warnings generated.
em++: warning: linker setting ignored during compilation: 'FULL_ES2' [-Wunused-command-line-argument]
em++: warning: linker setting ignored during compilation: 'FULL_ES2' [-Wunused-command-line-argument]
em++: warning: linker setting ignored during compilation: 'FULL_ES2' [-Wunused-command-line-argument]
em++: warning: linker setting ignored during compilation: 'FULL_ES2' [-Wunused-command-line-argument]
em++: warning: linker setting ignored during compilation: 'FULL_ES2' [-Wunused-command-line-argument]
em++: warning: linker setting ignored during compilation: 'FULL_ES2' [-Wunused-command-line-argument]
em++: warning: linker setting ignored during compilation: 'FULL_ES2' [-Wunused-command-line-argument]
em++: warning: linker setting ignored during compilation: 'FULL_ES2' [-Wunused-command-line-argument]
In file included from data/dynos_bin_animation.cpp:1:
data/dynos.cpp.h:229:16: warning: first argument in call to 'memcpy' is a pointer to non-trivially copyable type 'String' [-Wnontrivial-memcall]
  229 |         memcpy(mBuffer, aOther.mBuffer, mCount * sizeof(T));
      |                ^
data/dynos.cpp.h:721:12: note: in instantiation of member function 'Array<String>::Array' requested here
  721 |     return _Tokens;
      |            ^
data/dynos_bin_animation.cpp:22:29: note: in instantiation of function template specialization 'Split<void>' requested here
   22 |     Array<String> _Tokens = Split(_FileBuffer, " []()=&,;\t\r\n\b");
      |                             ^
data/dynos.cpp.h:229:16: note: explicitly cast the pointer to silence this warning
  229 |         memcpy(mBuffer, aOther.mBuffer, mCount * sizeof(T));
      |                ^
      |                (void*)
data/dynos.cpp.h:247:24: warning: first argument in call to 'memcpy' is a pointer to non-trivially copyable type 'String' [-Wnontrivial-memcall]
  247 |                 memcpy(_Buffer, mBuffer, mCount * sizeof(T));
      |                        ^
data/dynos.cpp.h:228:9: note: in instantiation of member function 'Array<String>::Resize' requested here
  228 |         Resize(aOther.mCount);
      |         ^
data/dynos.cpp.h:721:12: note: in instantiation of member function 'Array<String>::Array' requested here
  721 |     return _Tokens;
      |            ^
data/dynos_bin_animation.cpp:22:29: note: in instantiation of function template specialization 'Split<void>' requested here
   22 |     Array<String> _Tokens = Split(_FileBuffer, " []()=&,;\t\r\n\b");
      |                             ^
data/dynos.cpp.h:247:24: note: explicitly cast the pointer to silence this warning
  247 |                 memcpy(_Buffer, mBuffer, mCount * sizeof(T));
      |                        ^
      |                        (void*)
data/dynos.cpp.h:247:24: warning: first argument in call to 'memcpy' is a pointer to non-trivially copyable type 'std::pair<String, void *>' [-Wnontrivial-memcall]
  247 |                 memcpy(_Buffer, mBuffer, mCount * sizeof(T));
      |                        ^
data/dynos.cpp.h:256:9: note: in instantiation of member function 'Array<std::pair<String, void *>>::Resize' requested here
  256 |         Resize(mCount + 1);
      |         ^
data/dynos_bin_animation.cpp:123:39: note: in instantiation of member function 'Array<std::pair<String, void *>>::Add' requested here
  123 |             aGfxData->mAnimationTable.Add({ _Token, NULL });
      |                                       ^
data/dynos.cpp.h:247:24: note: explicitly cast the pointer to silence this warning
  247 |                 memcpy(_Buffer, mBuffer, mCount * sizeof(T));
      |                        ^
      |                        (void*)
In file included from data/dynos_bin_actor.cpp:1:
data/dynos.cpp.h:247:24: warning: first argument in call to 'memcpy' is a pointer to non-trivially copyable type 'String' [-Wnontrivial-memcall]
  247 |                 memcpy(_Buffer, mBuffer, mCount * sizeof(T));
      |                        ^
data/dynos.cpp.h:256:9: note: in instantiation of member function 'Array<String>::Resize' requested here
  256 |         Resize(mCount + 1);
      |         ^
data/dynos_bin_actor.cpp:157:31: note: in instantiation of member function 'Array<String>::Add' requested here
  157 |             _SkipActorFolders.Add(_ActorFolder);
      |                               ^
data/dynos.cpp.h:247:24: note: explicitly cast the pointer to silence this warning
  247 |                 memcpy(_Buffer, mBuffer, mCount * sizeof(T));
      |                        ^
      |                        (void*)
data/dynos.cpp.h:234:16: warning: first argument in call to 'memcpy' is a pointer to non-trivially copyable type 'std::pair<const void *, const void *>' [-Wnontrivial-memcall]
  234 |         memcpy(mBuffer, aOther.mBuffer, mCount * sizeof(T));
      |                ^
data/dynos_bin_actor.cpp:169:47: note: in instantiation of member function 'Array<std::pair<const void *, const void *>>::operator=' requested here
  169 |         _GfxData->mPointerOffsetList          = { };
      |                                               ^
data/dynos.cpp.h:234:16: note: explicitly cast the pointer to silence this warning
  234 |         memcpy(mBuffer, aOther.mBuffer, mCount * sizeof(T));
      |                ^
      |                (void*)
data/dynos.cpp.h:247:24: warning: first argument in call to 'memcpy' is a pointer to non-trivially copyable type 'std::pair<const void *, const void *>' [-Wnontrivial-memcall]
  247 |                 memcpy(_Buffer, mBuffer, mCount * sizeof(T));
      |                        ^
data/dynos.cpp.h:233:9: note: in instantiation of member function 'Array<std::pair<const void *, const void *>>::Resize' requested here
  233 |         Resize(aOther.mCount);
      |         ^
data/dynos_bin_actor.cpp:169:47: note: in instantiation of member function 'Array<std::pair<const void *, const void *>>::operator=' requested here
  169 |         _GfxData->mPointerOffsetList          = { };
      |                                               ^
data/dynos.cpp.h:247:24: note: explicitly cast the pointer to silence this warning
  247 |                 memcpy(_Buffer, mBuffer, mCount * sizeof(T));
      |                        ^
      |                        (void*)
data/dynos.cpp.h:234:16: warning: first argument in call to 'memcpy' is a pointer to non-trivially copyable type 'String' [-Wnontrivial-memcall]
  234 |         memcpy(mBuffer, aOther.mBuffer, mCount * sizeof(T));
      |                ^
data/dynos_bin_actor.cpp:171:47: note: in instantiation of member function 'Array<String>::operator=' requested here
  171 |         _GfxData->mLuaTokenList               = { };
      |                                               ^
data/dynos.cpp.h:234:16: note: explicitly cast the pointer to silence this warning
  234 |         memcpy(mBuffer, aOther.mBuffer, mCount * sizeof(T));
      |                ^
      |                (void*)
data/dynos.cpp.h:247:24: warning: first argument in call to 'memcpy' is a pointer to non-trivially copyable type 'std::pair<String, void *>' [-Wnontrivial-memcall]
  247 |                 memcpy(_Buffer, mBuffer, mCount * sizeof(T));
      |                        ^
data/dynos_bin_actor.cpp:196:39: note: in instantiation of member function 'Array<std::pair<String, void *>>::Resize' requested here
  196 |             _GfxData->mAnimationTable.Resize(256);
      |                                       ^
data/dynos.cpp.h:247:24: note: explicitly cast the pointer to silence this warning
  247 |                 memcpy(_Buffer, mBuffer, mCount * sizeof(T));
      |                        ^
      |                        (void*)
data/dynos.cpp.h:247:24: warning: first argument in call to 'memcpy' is a pointer to non-trivially copyable type 'std::pair<unsigned long long, String>' [-Wnontrivial-memcall]
  247 |                 memcpy(_Buffer, mBuffer, mCount * sizeof(T));
      |                        ^
data/dynos.cpp.h:256:9: note: in instantiation of member function 'Array<std::pair<unsigned long long, String>>::Resize' requested here
  256 |         Resize(mCount + 1);
      |         ^
data/dynos_bin_actor.cpp:275:36: note: in instantiation of member function 'Array<std::pair<unsigned long long, String>>::Add' requested here
  275 |                     _ActorsFolders.Add({ _GfxData->mModelIdentifier, String(_PackEnt->d_name) });
      |                                    ^
data/dynos.cpp.h:247:24: note: explicitly cast the pointer to silence this warning
  247 |                 memcpy(_Buffer, mBuffer, mCount * sizeof(T));
      |                        ^
      |                        (void*)
data/dynos.cpp.h:229:16: warning: first argument in call to 'memcpy' is a pointer to non-trivially copyable type 'std::pair<unsigned long long, String>' [-Wnontrivial-memcall]
  229 |         memcpy(mBuffer, aOther.mBuffer, mCount * sizeof(T));
      |                ^
data/dynos_bin_actor.cpp:283:37: note: in instantiation of member function 'Array<std::pair<unsigned long long, String>>::Array' requested here
  283 |     DynOS_Col_Generate(aPackFolder, _ActorsFolders, _GfxData);
      |                                     ^
data/dynos.cpp.h:229:16: note: explicitly cast the pointer to silence this warning
  229 |         memcpy(mBuffer, aOther.mBuffer, mCount * sizeof(T));
      |                ^
      |                (void*)
[0;32mCompiling: [0;33mdata/dynos_bin_gfx.cpp[0;32m -> [0;34mbuild/us_web/data/dynos_bin_gfx.o[0m
In file included from data/dynos_bin_behavior.cpp:1:
data/dynos.cpp.h:234:16: warning: first argument in call to 'memcpy' is a pointer to non-trivially copyable type 'std::pair<const void *, const void *>' [-Wnontrivial-memcall]
  234 |         memcpy(mBuffer, aOther.mBuffer, mCount * sizeof(T));
      |                ^
data/dynos_bin_behavior.cpp:2651:47: note: in instantiation of member function 'Array<std::pair<const void *, const void *>>::operator=' requested here
 2651 |         _GfxData->mPointerOffsetList          = { };
      |                                               ^
data/dynos.cpp.h:234:16: note: explicitly cast the pointer to silence this warning
  234 |         memcpy(mBuffer, aOther.mBuffer, mCount * sizeof(T));
      |                ^
      |                (void*)
data/dynos.cpp.h:247:24: warning: first argument in call to 'memcpy' is a pointer to non-trivially copyable type 'std::pair<const void *, const void *>' [-Wnontrivial-memcall]
  247 |                 memcpy(_Buffer, mBuffer, mCount * sizeof(T));
      |                        ^
data/dynos.cpp.h:233:9: note: in instantiation of member function 'Array<std::pair<const void *, const void *>>::Resize' requested here
  233 |         Resize(aOther.mCount);
      |         ^
data/dynos_bin_behavior.cpp:2651:47: note: in instantiation of member function 'Array<std::pair<const void *, const void *>>::operator=' requested here
 2651 |         _GfxData->mPointerOffsetList          = { };
      |                                               ^
data/dynos.cpp.h:247:24: note: explicitly cast the pointer to silence this warning
  247 |                 memcpy(_Buffer, mBuffer, mCount * sizeof(T));
      |                        ^
      |                        (void*)
data/dynos.cpp.h:234:16: warning: first argument in call to 'memcpy' is a pointer to non-trivially copyable type 'String' [-Wnontrivial-memcall]
  234 |         memcpy(mBuffer, aOther.mBuffer, mCount * sizeof(T));
      |                ^
data/dynos_bin_behavior.cpp:2653:47: note: in instantiation of member function 'Array<String>::operator=' requested here
 2653 |         _GfxData->mLuaTokenList               = { };
      |                                               ^
data/dynos.cpp.h:234:16: note: explicitly cast the pointer to silence this warning
  234 |         memcpy(mBuffer, aOther.mBuffer, mCount * sizeof(T));
      |                ^
      |                (void*)
data/dynos.cpp.h:247:24: warning: first argument in call to 'memcpy' is a pointer to non-trivially copyable type 'String' [-Wnontrivial-memcall]
  247 |                 memcpy(_Buffer, mBuffer, mCount * sizeof(T));
      |                        ^
data/dynos.cpp.h:233:9: note: in instantiation of member function 'Array<String>::Resize' requested here
  233 |         Resize(aOther.mCount);
      |         ^
data/dynos_bin_behavior.cpp:2653:47: note: in instantiation of member function 'Array<String>::operator=' requested here
 2653 |         _GfxData->mLuaTokenList               = { };
      |                                               ^
data/dynos.cpp.h:247:24: note: explicitly cast the pointer to silence this warning
  247 |                 memcpy(_Buffer, mBuffer, mCount * sizeof(T));
      |                        ^
      |                        (void*)
data/dynos.cpp.h:247:24: warning: first argument in call to 'memcpy' is a pointer to non-trivially copyable type 'std::pair<unsigned long long, String>' [-Wnontrivial-memcall]
  247 |                 memcpy(_Buffer, mBuffer, mCount * sizeof(T));
      |                        ^
data/dynos.cpp.h:256:9: note: in instantiation of member function 'Array<std::pair<unsigned long long, String>>::Resize' requested here
  256 |         Resize(mCount + 1);
      |         ^
data/dynos_bin_behavior.cpp:2699:31: note: in instantiation of member function 'Array<std::pair<unsigned long long, String>>::Add' requested here
 2699 |             _BehaviorsFolders.Add({ _GfxData->mModelIdentifier, String(aPackFolder.c_str()) });
      |                               ^
data/dynos.cpp.h:247:24: note: explicitly cast the pointer to silence this warning
  247 |                 memcpy(_Buffer, mBuffer, mCount * sizeof(T));
      |                        ^
      |                        (void*)
data/dynos.cpp.h:229:16: warning: first argument in call to 'memcpy' is a pointer to non-trivially copyable type 'std::pair<unsigned long long, String>' [-Wnontrivial-memcall]
  229 |         memcpy(mBuffer, aOther.mBuffer, mCount * sizeof(T));
      |                ^
data/dynos_bin_behavior.cpp:2730:37: note: in instantiation of member function 'Array<std::pair<unsigned long long, String>>::Array' requested here
 2730 |     DynOS_Bhv_Generate(aPackFolder, _BehaviorsFolders, _GfxData);
      |                                     ^
data/dynos.cpp.h:229:16: note: explicitly cast the pointer to silence this warning
  229 |         memcpy(mBuffer, aOther.mBuffer, mCount * sizeof(T));
      |                ^
      |                (void*)
[0;32mCompiling: [0;33mdata/dynos_bin_legacy.cpp[0;32m -> [0;34mbuild/us_web/data/dynos_bin_legacy.o[0m
3 warnings generated.
em++: warning: linker setting ignored during compilation: 'FULL_ES2' [-Wunused-command-line-argument]
[0;32mCompiling: [0;33mdata/dynos_bin_light0.cpp[0;32m -> [0;34mbuild/us_web/data/dynos_bin_light0.o[0m
7 warnings generated.
[0;32mCompiling: [0;33mdata/dynos_bin_light_t.cpp[0;32m -> [0;34mbuild/us_web/data/dynos_bin_light_t.o[0m
[0;32mCompiling: [0;33mdata/dynos_bin_lights.cpp[0;32m -> [0;34mbuild/us_web/data/dynos_bin_lights.o[0m
em++: warning: linker setting ignored during compilation: 'FULL_ES2' [-Wunused-command-line-argument]
[0;32mCompiling: [0;33mdata/dynos_bin_lvl.cpp[0;32m -> [0;34mbuild/us_web/data/dynos_bin_lvl.o[0m
em++: warning: linker setting ignored during compilation: 'FULL_ES2' [-Wunused-command-line-argument]
em++: warning: linker setting ignored during compilation: 'FULL_ES2' [-Wunused-command-line-argument]
em++: warning: linker setting ignored during compilation: 'FULL_ES2' [-Wunused-command-line-argument]
[0;32mCompiling: [0;33mdata/dynos_bin_lvl_validate.cpp[0;32m -> [0;34mbuild/us_web/data/dynos_bin_lvl_validate.o[0m
em++: warning: linker setting ignored during compilation: 'FULL_ES2' [-Wunused-command-line-argument]
em++: warning: linker setting ignored during compilation: 'FULL_ES2' [-Wunused-command-line-argument]
In file included from data/dynos_bin_gfx.cpp:1:
data/dynos.cpp.h:247:24: warning: first argument in call to 'memcpy' is a pointer to non-trivially copyable type 'std::pair<const void *, const void *>' [-Wnontrivial-memcall]
  247 |                 memcpy(_Buffer, mBuffer, mCount * sizeof(T));
      |                        ^
data/dynos.cpp.h:256:9: note: in instantiation of member function 'Array<std::pair<const void *, const void *>>::Resize' requested here
  256 |         Resize(mCount + 1);
      |         ^
data/dynos_bin_gfx.cpp:542:50: note: in instantiation of member function 'Array<std::pair<const void *, const void *>>::Add' requested here
  542 |                     aGfxData->mPointerOffsetList.Add({ (const void*)data, (const void*)base });
      |                                                  ^
data/dynos.cpp.h:247:24: note: explicitly cast the pointer to silence this warning
  247 |                 memcpy(_Buffer, mBuffer, mCount * sizeof(T));
      |                        ^
      |                        (void*)
data/dynos.cpp.h:247:24: warning: first argument in call to 'memcpy' is a pointer to non-trivially copyable type 'String' [-Wnontrivial-memcall]
  247 |                 memcpy(_Buffer, mBuffer, mCount * sizeof(T));
      |                        ^
data/dynos.cpp.h:256:9: note: in instantiation of member function 'Array<String>::Resize' requested here
  256 |         Resize(mCount + 1);
      |         ^
data/dynos_bin_gfx.cpp:1342:28: note: in instantiation of member function 'Array<String>::Add' requested here
 1342 |                     tokens.Add(token);
      |                            ^
data/dynos.cpp.h:247:24: note: explicitly cast the pointer to silence this warning
  247 |                 memcpy(_Buffer, mBuffer, mCount * sizeof(T));
      |                        ^
      |                        (void*)
data/dynos.cpp.h:229:16: warning: first argument in call to 'memcpy' is a pointer to non-trivially copyable type 'String' [-Wnontrivial-memcall]
  229 |         memcpy(mBuffer, aOther.mBuffer, mCount * sizeof(T));
      |                ^
data/dynos_bin_gfx.cpp:1384:12: note: in instantiation of member function 'Array<String>::Array' requested here
 1384 |     return tokens;
      |            ^
data/dynos.cpp.h:229:16: note: explicitly cast the pointer to silence this warning
  229 |         memcpy(mBuffer, aOther.mBuffer, mCount * sizeof(T));
      |                ^
      |                (void*)
data/dynos.cpp.h:234:16: warning: first argument in call to 'memcpy' is a pointer to non-trivially copyable type 'String' [-Wnontrivial-memcall]
  234 |         memcpy(mBuffer, aOther.mBuffer, mCount * sizeof(T));
      |                ^
data/dynos_bin_gfx.cpp:1420:19: note: in instantiation of member function 'Array<String>::operator=' requested here
 1420 |     aNode.mTokens = TokenizeGfxCommand(resolved);
      |                   ^
data/dynos.cpp.h:234:16: note: explicitly cast the pointer to silence this warning
  234 |         memcpy(mBuffer, aOther.mBuffer, mCount * sizeof(T));
      |                ^
      |                (void*)
4 warnings generated.
em++: warning: linker setting ignored during compilation: 'FULL_ES2' [-Wunused-command-line-argument]
em++: warning: linker setting ignored during compilation: 'FULL_ES2' [-Wunused-command-line-argument]
em++: warning: linker setting ignored during compilation: 'FULL_ES2' [-Wunused-command-line-argument]
6 warnings generated.
[0;32mCompiling: [0;33mdata/dynos_bin_macro_object.cpp[0;32m -> [0;34mbuild/us_web/data/dynos_bin_macro_object.o[0m
em++: warning: linker setting ignored during compilation: 'FULL_ES2' [-Wunused-command-line-argument]
In file included from data/dynos_bin_lvl.cpp:1:
data/dynos.cpp.h:247:24: warning: first argument in call to 'memcpy' is a pointer to non-trivially copyable type 'std::pair<const void *, const void *>' [-Wnontrivial-memcall]
  247 |                 memcpy(_Buffer, mBuffer, mCount * sizeof(T));
      |                        ^
data/dynos.cpp.h:256:9: note: in instantiation of member function 'Array<std::pair<const void *, const void *>>::Resize' requested here
  256 |         Resize(mCount + 1);
      |         ^
data/dynos_bin_lvl.cpp:436:46: note: in instantiation of member function 'Array<std::pair<const void *, const void *>>::Add' requested here
  436 |                 aGfxData->mPointerOffsetList.Add({ data, base });
      |                                              ^
data/dynos.cpp.h:247:24: note: explicitly cast the pointer to silence this warning
  247 |                 memcpy(_Buffer, mBuffer, mCount * sizeof(T));
      |                        ^
      |                        (void*)
data/dynos.cpp.h:234:16: warning: first argument in call to 'memcpy' is a pointer to non-trivially copyable type 'std::pair<const void *, const void *>' [-Wnontrivial-memcall]
  234 |         memcpy(mBuffer, aOther.mBuffer, mCount * sizeof(T));
      |                ^
data/dynos_bin_lvl.cpp:1150:47: note: in instantiation of member function 'Array<std::pair<const void *, const void *>>::operator=' requested here
 1150 |         _GfxData->mPointerOffsetList          = { };
      |                                               ^
data/dynos.cpp.h:234:16: note: explicitly cast the pointer to silence this warning
  234 |         memcpy(mBuffer, aOther.mBuffer, mCount * sizeof(T));
      |                ^
      |                (void*)
data/dynos.cpp.h:234:16: warning: first argument in call to 'memcpy' is a pointer to non-trivially copyable type 'String' [-Wnontrivial-memcall]
  234 |         memcpy(mBuffer, aOther.mBuffer, mCount * sizeof(T));
      |                ^
data/dynos_bin_lvl.cpp:1152:47: note: in instantiation of member function 'Array<String>::operator=' requested here
 1152 |         _GfxData->mLuaTokenList               = { };
      |                                               ^
data/dynos.cpp.h:234:16: note: explicitly cast the pointer to silence this warning
  234 |         memcpy(mBuffer, aOther.mBuffer, mCount * sizeof(T));
      |                ^
      |                (void*)
data/dynos.cpp.h:247:24: warning: first argument in call to 'memcpy' is a pointer to non-trivially copyable type 'String' [-Wnontrivial-memcall]
  247 |                 memcpy(_Buffer, mBuffer, mCount * sizeof(T));
      |                        ^
data/dynos.cpp.h:233:9: note: in instantiation of member function 'Array<String>::Resize' requested here
  233 |         Resize(aOther.mCount);
      |         ^
data/dynos_bin_lvl.cpp:1152:47: note: in instantiation of member function 'Array<String>::operator=' requested here
 1152 |         _GfxData->mLuaTokenList               = { };
      |                                               ^
data/dynos.cpp.h:247:24: note: explicitly cast the pointer to silence this warning
  247 |                 memcpy(_Buffer, mBuffer, mCount * sizeof(T));
      |                        ^
      |                        (void*)
data/dynos.cpp.h:229:16: warning: first argument in call to 'memcpy' is a pointer to non-trivially copyable type 'std::pair<unsigned long long, String>' [-Wnontrivial-memcall]
  229 |         memcpy(mBuffer, aOther.mBuffer, mCount * sizeof(T));
      |                ^
data/dynos_bin_lvl.cpp:1303:50: note: in instantiation of member function 'Array<std::pair<unsigned long long, String>>::Array' requested here
 1303 |     DynOS_Lvl_GeneratePack_Internal(aPackFolder, _ActorsFolders, _GfxData);
      |                                                  ^
data/dynos.cpp.h:229:16: note: explicitly cast the pointer to silence this warning
  229 |         memcpy(mBuffer, aOther.mBuffer, mCount * sizeof(T));
      |                ^
      |                (void*)
data/dynos.cpp.h:247:24: warning: first argument in call to 'memcpy' is a pointer to non-trivially copyable type 'std::pair<unsigned long long, String>' [-Wnontrivial-memcall]
  247 |                 memcpy(_Buffer, mBuffer, mCount * sizeof(T));
      |                        ^
data/dynos.cpp.h:228:9: note: in instantiation of member function 'Array<std::pair<unsigned long long, String>>::Resize' requested here
  228 |         Resize(aOther.mCount);
      |         ^
data/dynos_bin_lvl.cpp:1303:50: note: in instantiation of member function 'Array<std::pair<unsigned long long, String>>::Array' requested here
 1303 |     DynOS_Lvl_GeneratePack_Internal(aPackFolder, _ActorsFolders, _GfxData);
      |                                                  ^
data/dynos.cpp.h:247:24: note: explicitly cast the pointer to silence this warning
  247 |                 memcpy(_Buffer, mBuffer, mCount * sizeof(T));
      |                        ^
      |                        (void*)
6 warnings generated.
em++: warning: linker setting ignored during compilation: 'FULL_ES2' [-Wunused-command-line-argument]
em++: warning: linker setting ignored during compilation: 'FULL_ES2' [-Wunused-command-line-argument]
em++: warning: linker setting ignored during compilation: 'FULL_ES2' [-Wunused-command-line-argument]
em++: warning: linker setting ignored during compilation: 'FULL_ES2' [-Wunused-command-line-argument]
In file included from data/dynos_bin_gfx.cpp:1:
data/dynos.cpp.h:247:24: warning: first argument in call to 'memcpy' is a pointer to non-trivially copyable type 'std::pair<const void *, const void *>' [-Wnontrivial-memcall]
  247 |                 memcpy(_Buffer, mBuffer, mCount * sizeof(T));
      |                        ^
data/dynos.cpp.h:256:9: note: in instantiation of member function 'Array<std::pair<const void *, const void *>>::Resize' requested here
  256 |         Resize(mCount + 1);
      |         ^
data/dynos_bin_gfx.cpp:542:50: note: in instantiation of member function 'Array<std::pair<const void *, const void *>>::Add' requested here
  542 |                     aGfxData->mPointerOffsetList.Add({ (const void*)data, (const void*)base });
      |                                                  ^
data/dynos.cpp.h:247:24: note: explicitly cast the pointer to silence this warning
  247 |                 memcpy(_Buffer, mBuffer, mCount * sizeof(T));
      |                        ^
      |                        (void*)
[0;32mCompiling: [0;33mdata/dynos_bin_movtex.cpp[0;32m -> [0;34mbuild/us_web/data/dynos_bin_movtex.o[0m
data/dynos.cpp.h:247:24: warning: first argument in call to 'memcpy' is a pointer to non-trivially copyable type 'String' [-Wnontrivial-memcall]
  247 |                 memcpy(_Buffer, mBuffer, mCount * sizeof(T));
      |                        ^
data/dynos.cpp.h:256:9: note: in instantiation of member function 'Array<String>::Resize' requested here
  256 |         Resize(mCount + 1);
      |         ^
data/dynos_bin_gfx.cpp:1342:28: note: in instantiation of member function 'Array<String>::Add' requested here
 1342 |                     tokens.Add(token);
      |                            ^
data/dynos.cpp.h:247:24: note: explicitly cast the pointer to silence this warning
  247 |                 memcpy(_Buffer, mBuffer, mCount * sizeof(T));
      |                        ^
      |                        (void*)
data/dynos.cpp.h:229:16: warning: first argument in call to 'memcpy' is a pointer to non-trivially copyable type 'String' [-Wnontrivial-memcall]
  229 |         memcpy(mBuffer, aOther.mBuffer, mCount * sizeof(T));
      |                ^
data/dynos_bin_gfx.cpp:1384:12: note: in instantiation of member function 'Array<String>::Array' requested here
 1384 |     return tokens;
      |            ^
data/dynos.cpp.h:229:16: note: explicitly cast the pointer to silence this warning
  229 |         memcpy(mBuffer, aOther.mBuffer, mCount * sizeof(T));
      |                ^
      |                (void*)
data/dynos.cpp.h:234:16: warning: first argument in call to 'memcpy' is a pointer to non-trivially copyable type 'String' [-Wnontrivial-memcall]
  234 |         memcpy(mBuffer, aOther.mBuffer, mCount * sizeof(T));
      |                ^
data/dynos_bin_gfx.cpp:1420:19: note: in instantiation of member function 'Array<String>::operator=' requested here
 1420 |     aNode.mTokens = TokenizeGfxCommand(resolved);
      |                   ^
data/dynos.cpp.h:234:16: note: explicitly cast the pointer to silence this warning
  234 |         memcpy(mBuffer, aOther.mBuffer, mCount * sizeof(T));
      |                ^
      |                (void*)
[0;32mCompiling: [0;33mdata/dynos_bin_movtexqc.cpp[0;32m -> [0;34mbuild/us_web/data/dynos_bin_movtexqc.o[0m
[0;32mCompiling: [0;33mdata/dynos_bin_pointer.cpp[0;32m -> [0;34mbuild/us_web/data/dynos_bin_pointer.o[0m
em++: warning: linker setting ignored during compilation: 'FULL_ES2' [-Wunused-command-line-argument]
em++: warning: linker setting ignored during compilation: 'FULL_ES2' [-Wunused-command-line-argument]
[0;32mCompiling: [0;33mdata/dynos_bin_read.cpp[0;32m -> [0;34mbuild/us_web/data/dynos_bin_read.o[0m
em++: warning: linker setting ignored during compilation: 'FULL_ES2' [-Wunused-command-line-argument]
In file included from data/dynos_bin_lvl.cpp:1:
data/dynos.cpp.h:247:24: warning: first argument in call to 'memcpy' is a pointer to non-trivially copyable type 'std::pair<const void *, const void *>' [-Wnontrivial-memcall]
  247 |                 memcpy(_Buffer, mBuffer, mCount * sizeof(T));
      |                        ^
data/dynos.cpp.h:256:9: note: in instantiation of member function 'Array<std::pair<const void *, const void *>>::Resize' requested here
  256 |         Resize(mCount + 1);
      |         ^
data/dynos_bin_lvl.cpp:436:46: note: in instantiation of member function 'Array<std::pair<const void *, const void *>>::Add' requested here
  436 |                 aGfxData->mPointerOffsetList.Add({ data, base });
      |                                              ^
data/dynos.cpp.h:247:24: note: explicitly cast the pointer to silence this warning
  247 |                 memcpy(_Buffer, mBuffer, mCount * sizeof(T));
      |                        ^
      |                        (void*)
data/dynos.cpp.h:234:16: warning: first argument in call to 'memcpy' is a pointer to non-trivially copyable type 'std::pair<const void *, const void *>' [-Wnontrivial-memcall]
  234 |         memcpy(mBuffer, aOther.mBuffer, mCount * sizeof(T));
      |                ^
data/dynos_bin_lvl.cpp:1150:47: note: in instantiation of member function 'Array<std::pair<const void *, const void *>>::operator=' requested here
 1150 |         _GfxData->mPointerOffsetList          = { };
      |                                               ^
data/dynos.cpp.h:234:16: note: explicitly cast the pointer to silence this warning
  234 |         memcpy(mBuffer, aOther.mBuffer, mCount * sizeof(T));
      |                ^
      |                (void*)
data/dynos.cpp.h:234:16: warning: first argument in call to 'memcpy' is a pointer to non-trivially copyable type 'String' [-Wnontrivial-memcall]
  234 |         memcpy(mBuffer, aOther.mBuffer, mCount * sizeof(T));
      |                ^
data/dynos_bin_lvl.cpp:1152:47: note: in instantiation of member function 'Array<String>::operator=' requested here
 1152 |         _GfxData->mLuaTokenList               = { };
      |                                               ^
data/dynos.cpp.h:234:16: note: explicitly cast the pointer to silence this warning
  234 |         memcpy(mBuffer, aOther.mBuffer, mCount * sizeof(T));
      |                ^
      |                (void*)
data/dynos.cpp.h:247:24: warning: first argument in call to 'memcpy' is a pointer to non-trivially copyable type 'String' [-Wnontrivial-memcall]
  247 |                 memcpy(_Buffer, mBuffer, mCount * sizeof(T));
      |                        ^
data/dynos.cpp.h:233:9: note: in instantiation of member function 'Array<String>::Resize' requested here
  233 |         Resize(aOther.mCount);
      |         ^
data/dynos_bin_lvl.cpp:1152:47: note: in instantiation of member function 'Array<String>::operator=' requested here
 1152 |         _GfxData->mLuaTokenList               = { };
      |                                               ^
data/dynos.cpp.h:247:24: note: explicitly cast the pointer to silence this warning
  247 |                 memcpy(_Buffer, mBuffer, mCount * sizeof(T));
      |                        ^
      |                        (void*)
data/dynos.cpp.h:229:16: warning: first argument in call to 'memcpy' is a pointer to non-trivially copyable type 'std::pair<unsigned long long, String>' [-Wnontrivial-memcall]
  229 |         memcpy(mBuffer, aOther.mBuffer, mCount * sizeof(T));
      |                ^
data/dynos_bin_lvl.cpp:1303:50: note: in instantiation of member function 'Array<std::pair<unsigned long long, String>>::Array' requested here
 1303 |     DynOS_Lvl_GeneratePack_Internal(aPackFolder, _ActorsFolders, _GfxData);
      |                                                  ^
data/dynos.cpp.h:229:16: note: explicitly cast the pointer to silence this warning
  229 |         memcpy(mBuffer, aOther.mBuffer, mCount * sizeof(T));
      |                ^
      |                (void*)
data/dynos.cpp.h:247:24: warning: first argument in call to 'memcpy' is a pointer to non-trivially copyable type 'std::pair<unsigned long long, String>' [-Wnontrivial-memcall]
  247 |                 memcpy(_Buffer, mBuffer, mCount * sizeof(T));
      |                        ^
data/dynos.cpp.h:228:9: note: in instantiation of member function 'Array<std::pair<unsigned long long, String>>::Resize' requested here
  228 |         Resize(aOther.mCount);
      |         ^
data/dynos_bin_lvl.cpp:1303:50: note: in instantiation of member function 'Array<std::pair<unsigned long long, String>>::Array' requested here
 1303 |     DynOS_Lvl_GeneratePack_Internal(aPackFolder, _ActorsFolders, _GfxData);
      |                                                  ^
data/dynos.cpp.h:247:24: note: explicitly cast the pointer to silence this warning
  247 |                 memcpy(_Buffer, mBuffer, mCount * sizeof(T));
      |                        ^
      |                        (void*)
em++: warning: linker setting ignored during compilation: 'FULL_ES2' [-Wunused-command-line-argument]
em++: warning: linker setting ignored during compilation: 'FULL_ES2' [-Wunused-command-line-argument]
[0;32mCompiling: [0;33mdata/dynos_bin_rooms.cpp[0;32m -> [0;34mbuild/us_web/data/dynos_bin_rooms.o[0m
4 warnings generated.
em++: warning: linker setting ignored during compilation: 'FULL_ES2' [-Wunused-command-line-argument]
[0;32mCompiling: [0;33mdata/dynos_bin_tex.cpp[0;32m -> [0;34mbuild/us_web/data/dynos_bin_tex.o[0m
em++: warning: linker setting ignored during compilation: 'FULL_ES2' [-Wunused-command-line-argument]
6 warnings generated.
[0;32mCompiling: [0;33mdata/dynos_bin_texlist.cpp[0;32m -> [0;34mbuild/us_web/data/dynos_bin_texlist.o[0m
In file included from data/dynos_bin_pointer.cpp:1:
data/dynos.cpp.h:247:24: warning: first argument in call to 'memcpy' is a pointer to non-trivially copyable type 'String' [-Wnontrivial-memcall]
  247 |                 memcpy(_Buffer, mBuffer, mCount * sizeof(T));
      |                        ^
data/dynos.cpp.h:256:9: note: in instantiation of member function 'Array<String>::Resize' requested here
  256 |         Resize(mCount + 1);
      |         ^
data/dynos_bin_pointer.cpp:474:33: note: in instantiation of member function 'Array<String>::Add' requested here
  474 |         aGfxData->mLuaTokenList.Add(token);
      |                                 ^
data/dynos.cpp.h:247:24: note: explicitly cast the pointer to silence this warning
  247 |                 memcpy(_Buffer, mBuffer, mCount * sizeof(T));
      |                        ^
      |                        (void*)
1 warning generated.
em++: warning: linker setting ignored during compilation: 'FULL_ES2' [-Wunused-command-line-argument]
em++: warning: linker setting ignored during compilation: 'FULL_ES2' [-Wunused-command-line-argument]
em++: warning: linker setting ignored during compilation: 'FULL_ES2' [-Wunused-command-line-argument]
In file included from data/dynos_bin_read.cpp:1:
data/dynos.cpp.h:247:24: warning: first argument in call to 'memcpy' is a pointer to non-trivially copyable type 'String' [-Wnontrivial-memcall]
  247 |                 memcpy(_Buffer, mBuffer, mCount * sizeof(T));
      |                        ^
data/dynos.cpp.h:256:9: note: in instantiation of member function 'Array<String>::Resize' requested here
  256 |         Resize(mCount + 1);
      |         ^
data/dynos_bin_read.cpp:295:42: note: in instantiation of member function 'Array<String>::Add' requested here
  295 |                             pDataTokens->Add(_Token);
      |                                          ^
data/dynos.cpp.h:247:24: note: explicitly cast the pointer to silence this warning
  247 |                 memcpy(_Buffer, mBuffer, mCount * sizeof(T));
      |                        ^
      |                        (void*)
1 warning generated.
em++: warning: linker setting ignored during compilation: 'FULL_ES2' [-Wunused-command-line-argument]
[0;32mCompiling: [0;33mdata/dynos_bin_trajectory.cpp[0;32m -> [0;34mbuild/us_web/data/dynos_bin_trajectory.o[0m
em++: warning: linker setting ignored during compilation: 'FULL_ES2' [-Wunused-command-line-argument]
em++: warning: linker setting ignored during compilation: 'FULL_ES2' [-Wunused-command-line-argument]
em++: warning: linker setting ignored during compilation: 'FULL_ES2' [-Wunused-command-line-argument]
em++: warning: linker setting ignored during compilation: 'FULL_ES2' [-Wunused-command-line-argument]
[0;32mCompiling: [0;33mdata/dynos_bin_utils.cpp[0;32m -> [0;34mbuild/us_web/data/dynos_bin_utils.o[0m
[0;32mCompiling: [0;33mdata/dynos_bin_vtx.cpp[0;32m -> [0;34mbuild/us_web/data/dynos_bin_vtx.o[0m
In file included from data/dynos_bin_pointer.cpp:1:
data/dynos.cpp.h:247:24: warning: first argument in call to 'memcpy' is a pointer to non-trivially copyable type 'String' [-Wnontrivial-memcall]
  247 |                 memcpy(_Buffer, mBuffer, mCount * sizeof(T));
      |                        ^
data/dynos.cpp.h:256:9: note: in instantiation of member function 'Array<String>::Resize' requested here
  256 |         Resize(mCount + 1);
      |         ^
data/dynos_bin_pointer.cpp:474:33: note: in instantiation of member function 'Array<String>::Add' requested here
  474 |         aGfxData->mLuaTokenList.Add(token);
      |                                 ^
data/dynos.cpp.h:247:24: note: explicitly cast the pointer to silence this warning
  247 |                 memcpy(_Buffer, mBuffer, mCount * sizeof(T));
      |                        ^
      |                        (void*)
em++: warning: linker setting ignored during compilation: 'FULL_ES2' [-Wunused-command-line-argument]
In file included from data/dynos_bin_read.cpp:1:
data/dynos.cpp.h:247:24: warning: first argument in call to 'memcpy' is a pointer to non-trivially copyable type 'String' [-Wnontrivial-memcall]
  247 |                 memcpy(_Buffer, mBuffer, mCount * sizeof(T));
      |                        ^
data/dynos.cpp.h:256:9: note: in instantiation of member function 'Array<String>::Resize' requested here
  256 |         Resize(mCount + 1);
      |         ^
data/dynos_bin_read.cpp:295:42: note: in instantiation of member function 'Array<String>::Add' requested here
  295 |                             pDataTokens->Add(_Token);
      |                                          ^
data/dynos.cpp.h:247:24: note: explicitly cast the pointer to silence this warning
  247 |                 memcpy(_Buffer, mBuffer, mCount * sizeof(T));
      |                        ^
      |                        (void*)
em++: warning: linker setting ignored during compilation: 'FULL_ES2' [-Wunused-command-line-argument]
1 warning generated.
em++: warning: linker setting ignored during compilation: 'FULL_ES2' [-Wunused-command-line-argument]
[0;32mCompiling: [0;33mdata/dynos_c.cpp[0;32m -> [0;34mbuild/us_web/data/dynos_c.o[0m
1 warning generated.
[0;32mCompiling: [0;33mdata/dynos_cmap.cpp[0;32m -> [0;34mbuild/us_web/data/dynos_cmap.o[0m
em++: warning: linker setting ignored during compilation: 'FULL_ES2' [-Wunused-command-line-argument]
em++: warning: linker setting ignored during compilation: 'FULL_ES2' [-Wunused-command-line-argument]
[0;32mCompiling: [0;33mdata/dynos_gfx_init.cpp[0;32m -> [0;34mbuild/us_web/data/dynos_gfx_init.o[0m
em++: warning: linker setting ignored during compilation: 'FULL_ES2' [-Wunused-command-line-argument]
em++: warning: linker setting ignored during compilation: 'FULL_ES2' [-Wunused-command-line-argument]
[0;32mCompiling: [0;33mdata/dynos_level.cpp[0;32m -> [0;34mbuild/us_web/data/dynos_level.o[0m
In file included from data/dynos_bin_utils.cpp:1:
data/dynos.cpp.h:247:24: warning: first argument in call to 'memcpy' is a pointer to non-trivially copyable type 'String' [-Wnontrivial-memcall]
  247 |                 memcpy(_Buffer, mBuffer, mCount * sizeof(T));
      |                        ^
data/dynos.cpp.h:256:9: note: in instantiation of member function 'Array<String>::Resize' requested here
  256 |         Resize(mCount + 1);
      |         ^
data/dynos_bin_utils.cpp:301:29: note: in instantiation of member function 'Array<String>::Add' requested here
  301 |     aGfxData->mLuaTokenList.Add(token);
      |                             ^
data/dynos.cpp.h:247:24: note: explicitly cast the pointer to silence this warning
  247 |                 memcpy(_Buffer, mBuffer, mCount * sizeof(T));
      |                        ^
      |                        (void*)
1 warning generated.
em++: warning: linker setting ignored during compilation: 'FULL_ES2' [-Wunused-command-line-argument]
em++: warning: linker setting ignored during compilation: 'FULL_ES2' [-Wunused-command-line-argument]
em++: warning: linker setting ignored during compilation: 'FULL_ES2' [-Wunused-command-line-argument]
[0;32mCompiling: [0;33mdata/dynos_main.cpp[0;32m -> [0;34mbuild/us_web/data/dynos_main.o[0m
[0;32mCompiling: [0;33mdata/dynos_mgr_actor.cpp[0;32m -> [0;34mbuild/us_web/data/dynos_mgr_actor.o[0m
em++: warning: linker setting ignored during compilation: 'FULL_ES2' [-Wunused-command-line-argument]
em++: warning: linker setting ignored during compilation: 'FULL_ES2' [-Wunused-command-line-argument]
em++: warning: linker setting ignored during compilation: 'FULL_ES2' [-Wunused-command-line-argument]
em++: warning: linker setting ignored during compilation: 'FULL_ES2' [-Wunused-command-line-argument]
em++: warning: linker setting ignored during compilation: 'FULL_ES2' [-Wunused-command-line-argument]
In file included from data/dynos_bin_utils.cpp:1:
data/dynos.cpp.h:247:24: warning: first argument in call to 'memcpy' is a pointer to non-trivially copyable type 'String' [-Wnontrivial-memcall]
  247 |                 memcpy(_Buffer, mBuffer, mCount * sizeof(T));
      |                        ^
data/dynos.cpp.h:256:9: note: in instantiation of member function 'Array<String>::Resize' requested here
  256 |         Resize(mCount + 1);
      |         ^
data/dynos_bin_utils.cpp:301:29: note: in instantiation of member function 'Array<String>::Add' requested here
  301 |     aGfxData->mLuaTokenList.Add(token);
      |                             ^
data/dynos.cpp.h:247:24: note: explicitly cast the pointer to silence this warning
  247 |                 memcpy(_Buffer, mBuffer, mCount * sizeof(T));
      |                        ^
      |                        (void*)
em++: warning: linker setting ignored during compilation: 'FULL_ES2' [-Wunused-command-line-argument]
[0;32mCompiling: [0;33mdata/dynos_mgr_anim.cpp[0;32m -> [0;34mbuild/us_web/data/dynos_mgr_anim.o[0m
1 warning generated.
[0;32mCompiling: [0;33mdata/dynos_mgr_bhv.cpp[0;32m -> [0;34mbuild/us_web/data/dynos_mgr_bhv.o[0m
[0;32mCompiling: [0;33mdata/dynos_mgr_builtin.cpp[0;32m -> [0;34mbuild/us_web/data/dynos_mgr_builtin.o[0m
em++: warning: linker setting ignored during compilation: 'FULL_ES2' [-Wunused-command-line-argument]
[0;32mCompiling: [0;33mdata/dynos_mgr_builtin_tex.cpp[0;32m -> [0;34mbuild/us_web/data/dynos_mgr_builtin_tex.o[0m
em++: warning: linker setting ignored during compilation: 'FULL_ES2' [-Wunused-command-line-argument]
em++: warning: linker setting ignored during compilation: 'FULL_ES2' [-Wunused-command-line-argument]
em++: warning: linker setting ignored during compilation: 'FULL_ES2' [-Wunused-command-line-argument]
em++: warning: linker setting ignored during compilation: 'FULL_ES2' [-Wunused-command-line-argument]
[0;32mCompiling: [0;33mdata/dynos_mgr_col.cpp[0;32m -> [0;34mbuild/us_web/data/dynos_mgr_col.o[0m
em++: warning: linker setting ignored during compilation: 'FULL_ES2' [-Wunused-command-line-argument]
em++: warning: linker setting ignored during compilation: 'FULL_ES2' [-Wunused-command-line-argument]
[0;32mCompiling: [0;33mdata/dynos_mgr_gfx.cpp[0;32m -> [0;34mbuild/us_web/data/dynos_mgr_gfx.o[0m
em++: warning: linker setting ignored during compilation: 'FULL_ES2' [-Wunused-command-line-argument]
data/dynos_mgr_builtin.cpp:2043:5: warning: array designators are a C99 extension [-Wc99-designator]
 2043 |     [0]            = "other",
      |     ^~~
[0;32mCompiling: [0;33mdata/dynos_mgr_lvl.cpp[0;32m -> [0;34mbuild/us_web/data/dynos_mgr_lvl.o[0m
em++: warning: linker setting ignored during compilation: 'FULL_ES2' [-Wunused-command-line-argument]
1 warning generated.
em++: warning: linker setting ignored during compilation: 'FULL_ES2' [-Wunused-command-line-argument]
em++: warning: linker setting ignored during compilation: 'FULL_ES2' [-Wunused-command-line-argument]
em++: warning: linker setting ignored during compilation: 'FULL_ES2' [-Wunused-command-line-argument]
em++: warning: linker setting ignored during compilation: 'FULL_ES2' [-Wunused-command-line-argument]
em++: warning: linker setting ignored during compilation: 'FULL_ES2' [-Wunused-command-line-argument]
[0;32mCompiling: [0;33mdata/dynos_mgr_moddata.cpp[0;32m -> [0;34mbuild/us_web/data/dynos_mgr_moddata.o[0m
em++: warning: linker setting ignored during compilation: 'FULL_ES2' [-Wunused-command-line-argument]
[0;32mCompiling: [0;33mdata/dynos_mgr_models.cpp[0;32m -> [0;34mbuild/us_web/data/dynos_mgr_models.o[0m
em++: warning: linker setting ignored during compilation: 'FULL_ES2' [-Wunused-command-line-argument]
em++: warning: linker setting ignored during compilation: 'FULL_ES2' [-Wunused-command-line-argument]
[0;32mCompiling: [0;33mdata/dynos_mgr_movtexqc.cpp[0;32m -> [0;34mbuild/us_web/data/dynos_mgr_movtexqc.o[0m
data/dynos_mgr_builtin.cpp:2043:5: warning: array designators are a C99 extension [-Wc99-designator]
 2043 |     [0]            = "other",
      |     ^~~
em++: warning: linker setting ignored during compilation: 'FULL_ES2' [-Wunused-command-line-argument]
[0;32mCompiling: [0;33mdata/dynos_mgr_pack.cpp[0;32m -> [0;34mbuild/us_web/data/dynos_mgr_pack.o[0m
em++: warning: linker setting ignored during compilation: 'FULL_ES2' [-Wunused-command-line-argument]
1 warning generated.
[0;32mCompiling: [0;33mdata/dynos_mgr_tex.cpp[0;32m -> [0;34mbuild/us_web/data/dynos_mgr_tex.o[0m
[0;32mCompiling: [0;33mdata/dynos_misc.cpp[0;32m -> [0;34mbuild/us_web/data/dynos_misc.o[0m
em++: warning: linker setting ignored during compilation: 'FULL_ES2' [-Wunused-command-line-argument]
em++: warning: linker setting ignored during compilation: 'FULL_ES2' [-Wunused-command-line-argument]
em++: warning: linker setting ignored during compilation: 'FULL_ES2' [-Wunused-command-line-argument]
em++: warning: linker setting ignored during compilation: 'FULL_ES2' [-Wunused-command-line-argument]
em++: warning: linker setting ignored during compilation: 'FULL_ES2' [-Wunused-command-line-argument]
[0;32mCompiling: [0;33mdata/dynos_warps.cpp[0;32m -> [0;34mbuild/us_web/data/dynos_warps.o[0m
em++: warning: linker setting ignored during compilation: 'FULL_ES2' [-Wunused-command-line-argument]
em++: warning: linker setting ignored during compilation: 'FULL_ES2' [-Wunused-command-line-argument]
em++: warning: linker setting ignored during compilation: 'FULL_ES2' [-Wunused-command-line-argument]
[0;32mCompiling: [0;33msrc/pc/rom_checker.cpp[0;32m -> [0;34mbuild/us_web/src/pc/rom_checker.o[0m
[0;32mCompiling: [0;33msrc/pc/gfx/gfx_direct3d11.cpp[0;32m -> [0;34mbuild/us_web/src/pc/gfx/gfx_direct3d11.o[0m
em++: warning: linker setting ignored during compilation: 'FULL_ES2' [-Wunused-command-line-argument]
em++: warning: linker setting ignored during compilation: 'FULL_ES2' [-Wunused-command-line-argument]
em++: warning: linker setting ignored during compilation: 'FULL_ES2' [-Wunused-command-line-argument]
em++: warning: linker setting ignored during compilation: 'FULL_ES2' [-Wunused-command-line-argument]
em++: warning: linker setting ignored during compilation: 'FULL_ES2' [-Wunused-command-line-argument]
[0;32mCompiling: [0;33msrc/pc/gfx/gfx_direct3d_common.cpp[0;32m -> [0;34mbuild/us_web/src/pc/gfx/gfx_direct3d_common.o[0m
[0;32mCompiling: [0;33msrc/pc/gfx/gfx_dxgi.cpp[0;32m -> [0;34mbuild/us_web/src/pc/gfx/gfx_dxgi.o[0m
[0;32mCompiling: [0;33msrc/pc/mods/mod_fs.cpp[0;32m -> [0;34mbuild/us_web/src/pc/mods/mod_fs.o[0m
em++: warning: linker setting ignored during compilation: 'FULL_ES2' [-Wunused-command-line-argument]
em++: warning: linker setting ignored during compilation: 'FULL_ES2' [-Wunused-command-line-argument]
em++: warning: linker setting ignored during compilation: 'FULL_ES2' [-Wunused-command-line-argument]
em++: warning: linker setting ignored during compilation: 'FULL_ES2' [-Wunused-command-line-argument]
[0;32mCompiling: [0;33msrc/pc/mods/mod_storage.cpp[0;32m -> [0;34mbuild/us_web/src/pc/mods/mod_storage.o[0m
em++: warning: linker setting ignored during compilation: 'FULL_ES2' [-Wunused-command-line-argument]
em++: warning: linker setting ignored during compilation: 'FULL_ES2' [-Wunused-command-line-argument]
[0;32mGenerating animation data [0m
em++: warning: linker setting ignored during compilation: 'FULL_ES2' [-Wunused-command-line-argument]
[0;32mGenerating demo data [0m
[0;32mCompiling: [0;33mbin/custom_font.c[0;32m -> [0;34mbuild/us_web/bin/custom_font.o[0m
[0;32mCompiling: [0;33mbin/custom_textures.c[0;32m -> [0;34mbuild/us_web/bin/custom_textures.o[0m
[0;32mCompiling: [0;33mbin/segment2.c[0;32m -> [0;34mbuild/us_web/bin/segment2.o[0m
em++: warning: linker setting ignored during compilation: 'FULL_ES2' [-Wunused-command-line-argument]
emcc: warning: linker setting ignored during compilation: 'FULL_ES2' [-Wunused-command-line-argument]
emcc: warning: linker setting ignored during compilation: 'FULL_ES2' [-Wunused-command-line-argument]
emcc: warning: linker setting ignored during compilation: 'FULL_ES2' [-Wunused-command-line-argument]
[0;32mCompiling: [0;33mactors/group0.c[0;32m -> [0;34mbuild/us_web/actors/group0.o[0m
bin/segment2.c:2241:22: warning: unused variable 'segment2_lights_unused' [-Wunused-const-variable]
 2241 | static const Lights1 segment2_lights_unused = gdSPDefLights1(
      |                      ^~~~~~~~~~~~~~~~~~~~~~
1 warning generated.
emcc: warning: linker setting ignored during compilation: 'FULL_ES2' [-Wunused-command-line-argument]
[0;32mCompiling: [0;33mactors/common1.c[0;32m -> [0;34mbuild/us_web/actors/common1.o[0m
emcc: warning: linker setting ignored during compilation: 'FULL_ES2' [-Wunused-command-line-argument]
emcc: warning: linker setting ignored during compilation: 'FULL_ES2' [-Wunused-command-line-argument]
[0;32mCompiling: [0;33mactors/zcustom0.c[0;32m -> [0;34mbuild/us_web/actors/zcustom0.o[0m
[0;32mCompiling: [0;33mlevels/castle_courtyard/leveldata.c[0;32m -> [0;34mbuild/us_web/levels/castle_courtyard/leveldata.o[0m
em++: warning: linker setting ignored during compilation: 'FULL_ES2' [-Wunused-command-line-argument]
emcc: warning: linker setting ignored during compilation: 'FULL_ES2' [-Wunused-command-line-argument]
emcc: warning: linker setting ignored during compilation: 'FULL_ES2' [-Wunused-command-line-argument]
emcc: warning: linker setting ignored during compilation: 'FULL_ES2' [-Wunused-command-line-argument]
emcc: warning: linker setting ignored during compilation: 'FULL_ES2' [-Wunused-command-line-argument]
em++: warning: linker setting ignored during compilation: 'FULL_ES2' [-Wunused-command-line-argument]
emcc: warning: linker setting ignored during compilation: 'FULL_ES2' [-Wunused-command-line-argument]
[0;32mCompiling: [0;33mlevels/castle_grounds/leveldata.c[0;32m -> [0;34mbuild/us_web/levels/castle_grounds/leveldata.o[0m
[0;32mCompiling: [0;33mlib/src/alBnkfNew.c[0;32m -> [0;34mbuild/us_web/lib/src/alBnkfNew.o[0m
[0;32mCompiling: [0;33mlib/src/guLookAtRef.c[0;32m -> [0;34mbuild/us_web/lib/src/guLookAtRef.o[0m
emcc: warning: linker setting ignored during compilation: 'FULL_ES2' [-Wunused-command-line-argument]
emcc: warning: linker setting ignored during compilation: 'FULL_ES2' [-Wunused-command-line-argument]
emcc: warning: linker setting ignored during compilation: 'FULL_ES2' [-Wunused-command-line-argument]
emcc: warning: linker setting ignored during compilation: 'FULL_ES2' [-Wunused-command-line-argument]
emcc: warning: linker setting ignored during compilation: 'FULL_ES2' [-Wunused-command-line-argument]
[0;32mCompiling: [0;33mlib/src/guMtxF2L.c[0;32m -> [0;34mbuild/us_web/lib/src/guMtxF2L.o[0m
emcc: warning: linker setting ignored during compilation: 'FULL_ES2' [-Wunused-command-line-argument]
[0;32mCompiling: [0;33mlib/src/guNormalize.c[0;32m -> [0;34mbuild/us_web/lib/src/guNormalize.o[0m
emcc: warning: linker setting ignored during compilation: 'FULL_ES2' [-Wunused-command-line-argument]
emcc: warning: linker setting ignored during compilation: 'FULL_ES2' [-Wunused-command-line-argument]
[0;32mCompiling: [0;33mlib/src/guOrthoF.c[0;32m -> [0;34mbuild/us_web/lib/src/guOrthoF.o[0m
emcc: warning: linker setting ignored during compilation: 'FULL_ES2' [-Wunused-command-line-argument]
emcc: warning: linker setting ignored during compilation: 'FULL_ES2' [-Wunused-command-line-argument]
emcc: warning: linker setting ignored during compilation: 'FULL_ES2' [-Wunused-command-line-argument]
[0;32mCompiling: [0;33mlib/src/guPerspectiveF.c[0;32m -> [0;34mbuild/us_web/lib/src/guPerspectiveF.o[0m
emcc: warning: linker setting ignored during compilation: 'FULL_ES2' [-Wunused-command-line-argument]
[0;32mCompiling: [0;33mlib/src/guRotateF.c[0;32m -> [0;34mbuild/us_web/lib/src/guRotateF.o[0m
emcc: warning: linker setting ignored during compilation: 'FULL_ES2' [-Wunused-command-line-argument]
emcc: warning: linker setting ignored during compilation: 'FULL_ES2' [-Wunused-command-line-argument]
emcc: warning: linker setting ignored during compilation: 'FULL_ES2' [-Wunused-command-line-argument]
[0;32mCompiling: [0;33mlib/src/guScaleF.c[0;32m -> [0;34mbuild/us_web/lib/src/guScaleF.o[0m
emcc: warning: linker setting ignored during compilation: 'FULL_ES2' [-Wunused-command-line-argument]
[0;32mCompiling: [0;33mlib/src/guTranslateF.c[0;32m -> [0;34mbuild/us_web/lib/src/guTranslateF.o[0m
emcc: warning: linker setting ignored during compilation: 'FULL_ES2' [-Wunused-command-line-argument]
[0;32mCompiling: [0;33mlib/src/ldiv.c[0;32m -> [0;34mbuild/us_web/lib/src/ldiv.o[0m
emcc: warning: linker setting ignored during compilation: 'FULL_ES2' [-Wunused-command-line-argument]
[0;32mCompiling: [0;33msrc/goddard/debug_utils.c[0;32m -> [0;34mbuild/us_web/src/goddard/debug_utils.o[0m
emcc: warning: linker setting ignored during compilation: 'FULL_ES2' [-Wunused-command-line-argument]
emcc: warning: linker setting ignored during compilation: 'FULL_ES2' [-Wunused-command-line-argument]
emcc: warning: linker setting ignored during compilation: 'FULL_ES2' [-Wunused-command-line-argument]
emcc: warning: linker setting ignored during compilation: 'FULL_ES2' [-Wunused-command-line-argument]
[0;32mCompiling: [0;33msrc/goddard/draw_objects.c[0;32m -> [0;34mbuild/us_web/src/goddard/draw_objects.o[0m
emcc: warning: linker setting ignored during compilation: 'FULL_ES2' [-Wunused-command-line-argument]
[0;32mCompiling: [0;33msrc/goddard/dynlist_proc.c[0;32m -> [0;34mbuild/us_web/src/goddard/dynlist_proc.o[0m
emcc: warning: linker setting ignored during compilation: 'FULL_ES2' [-Wunused-command-line-argument]
emcc: warning: linker setting ignored during compilation: 'FULL_ES2' [-Wunused-command-line-argument]
[0;32mCompiling: [0;33msrc/goddard/gd_main.c[0;32m -> [0;34mbuild/us_web/src/goddard/gd_main.o[0m
[0;32mCompiling: [0;33msrc/goddard/gd_math.c[0;32m -> [0;34mbuild/us_web/src/goddard/gd_math.o[0m
emcc: warning: linker setting ignored during compilation: 'FULL_ES2' [-Wunused-command-line-argument]
src/goddard/draw_objects.c:64:14: warning: unused variable 'sUnref801A80FC' [-Wunused-variable]
   64 | static void *sUnref801A80FC = NULL;
      |              ^~~~~~~~~~~~~~
src/goddard/draw_objects.c:74:14: warning: unused variable 'sUnref801A8120' [-Wunused-variable]
   74 | static Mat4f sUnref801A8120 = {
      |              ^~~~~~~~~~~~~~
src/goddard/draw_objects.c:77:14: warning: unused variable 'sUnrefIden801A8160' [-Wunused-variable]
   77 | static Mat4f sUnrefIden801A8160 = {
      |              ^~~~~~~~~~~~~~~~~~
src/goddard/draw_objects.c:81:12: warning: unused variable 'sUnref801A81A4' [-Wunused-variable]
   81 | static s32 sUnref801A81A4[4] = { 0 };
      |            ^~~~~~~~~~~~~~
src/goddard/draw_objects.c:87:11: warning: unused variable 'sUnref_801B9BBC' [-Wunused-variable]
   87 | static u8 sUnref_801B9BBC[0x40];
      |           ^~~~~~~~~~~~~~~
5 warnings generated.
emcc: warning: linker setting ignored during compilation: 'FULL_ES2' [-Wunused-command-line-argument]
emcc: warning: linker setting ignored during compilation: 'FULL_ES2' [-Wunused-command-line-argument]
emcc: warning: linker setting ignored during compilation: 'FULL_ES2' [-Wunused-command-line-argument]
src/goddard/gd_main.c:17:12: warning: unused variable 'sUnref801A8054' [-Wunused-variable]
   17 | static s32 sUnref801A8054 = TRUE;
      |            ^~~~~~~~~~~~~~
src/goddard/gd_main.c:20:12: warning: unused variable 'sUnrefScnWidth' [-Wunused-variable]
   20 | static s32 sUnrefScnWidth = 320;
      |            ^~~~~~~~~~~~~~
src/goddard/gd_main.c:21:12: warning: unused variable 'sUnrefScnHeight' [-Wunused-variable]
   21 | static s32 sUnrefScnHeight = 240;
      |            ^~~~~~~~~~~~~~~
3 warnings generated.
[0;32mCompiling: [0;33msrc/goddard/gd_memory.c[0;32m -> [0;34mbuild/us_web/src/goddard/gd_memory.o[0m
emcc: warning: linker setting ignored during compilation: 'FULL_ES2' [-Wunused-command-line-argument]
emcc: warning: linker setting ignored during compilation: 'FULL_ES2' [-Wunused-command-line-argument]
emcc: warning: linker setting ignored during compilation: 'FULL_ES2' [-Wunused-command-line-argument]
emcc: warning: linker setting ignored during compilation: 'FULL_ES2' [-Wunused-command-line-argument]
emcc: warning: linker setting ignored during compilation: 'FULL_ES2' [-Wunused-command-line-argument]
[0;32mCompiling: [0;33msrc/goddard/joints.c[0;32m -> [0;34mbuild/us_web/src/goddard/joints.o[0m
[0;32mCompiling: [0;33msrc/goddard/objects.c[0;32m -> [0;34mbuild/us_web/src/goddard/objects.o[0m
[0;32mCompiling: [0;33msrc/goddard/old_menu.c[0;32m -> [0;34mbuild/us_web/src/goddard/old_menu.o[0m
emcc: warning: linker setting ignored during compilation: 'FULL_ES2' [-Wunused-command-line-argument]
emcc: warning: linker setting ignored during compilation: 'FULL_ES2' [-Wunused-command-line-argument]
emcc: warning: linker setting ignored during compilation: 'FULL_ES2' [-Wunused-command-line-argument]
[0;32mCompiling: [0;33msrc/goddard/particles.c[0;32m -> [0;34mbuild/us_web/src/goddard/particles.o[0m
emcc: warning: linker setting ignored during compilation: 'FULL_ES2' [-Wunused-command-line-argument]
[0;32mCompiling: [0;33msrc/goddard/renderer.c[0;32m -> [0;34mbuild/us_web/src/goddard/renderer.o[0m
src/goddard/old_menu.c:26:23: warning: unused variable 'unusedVec' [-Wunused-variable]
   26 | static struct GdVec3f unusedVec;
      |                       ^~~~~~~~~
1 warning generated.
emcc: warning: linker setting ignored during compilation: 'FULL_ES2' [-Wunused-command-line-argument]
emcc: warning: linker setting ignored during compilation: 'FULL_ES2' [-Wunused-command-line-argument]
src/goddard/particles.c:30:14: warning: unused variable 'sUnused801A81D0' [-Wunused-variable]
   30 | static void *sUnused801A81D0 = NULL;
      |              ^~~~~~~~~~~~~~~
1 warning generated.
emcc: warning: linker setting ignored during compilation: 'FULL_ES2' [-Wunused-command-line-argument]
emcc: warning: linker setting ignored during compilation: 'FULL_ES2' [-Wunused-command-line-argument]
emcc: warning: linker setting ignored during compilation: 'FULL_ES2' [-Wunused-command-line-argument]
src/goddard/renderer.c:114:12: warning: unused variable 'unref_801bb000' [-Wunused-variable]
  114 | static u32 unref_801bb000[3];
      |            ^~~~~~~~~~~~~~
src/goddard/renderer.c:117:12: warning: unused variable 'unref_801bb014' [-Wunused-variable]
  117 | static u32 unref_801bb014;
      |            ^~~~~~~~~~~~~~
src/goddard/renderer.c:137:12: warning: unused variable 'unref_801bb0dc' [-Wunused-variable]
  137 | static u32 unref_801bb0dc;
      |            ^~~~~~~~~~~~~~
src/goddard/renderer.c:139:12: warning: unused variable 'unref_801bb0e4' [-Wunused-variable]
  139 | static u32 unref_801bb0e4;
      |            ^~~~~~~~~~~~~~
src/goddard/renderer.c:141:12: warning: unused variable 'unref_801bb0f8' [-Wunused-variable]
  141 | static u32 unref_801bb0f8[2];
      |            ^~~~~~~~~~~~~~
src/goddard/renderer.c:171:12: warning: unused variable 'unref_801be870' [-Wunused-variable]
  171 | static u32 unref_801be870[16];
      |            ^~~~~~~~~~~~~~
src/goddard/renderer.c:174:12: warning: unused variable 'unref_801be8e0' [-Wunused-variable]
  174 | static u32 unref_801be8e0[25];
      |            ^~~~~~~~~~~~~~
src/goddard/renderer.c:176:12: warning: unused variable 'unref_801be948' [-Wunused-variable]
  176 | static u32 unref_801be948[13];
      |            ^~~~~~~~~~~~~~
src/goddard/renderer.c:178:17: warning: unused variable 'sGdDMAReqMesg' [-Wunused-variable]
  178 | static OSIoMesg sGdDMAReqMesg;
      |                 ^~~~~~~~~~~~~
src/goddard/renderer.c:183:12: warning: unused variable 'unref_801a8670' [-Wunused-variable]
  183 | static u32 unref_801a8670 = 0;
      |            ^~~~~~~~~~~~~~
src/goddard/renderer.c:185:12: warning: unused variable 'unref_801a8678' [-Wunused-variable]
  185 | static u32 unref_801a8678 = 0;
      |            ^~~~~~~~~~~~~~
src/goddard/renderer.c:200:12: warning: unused variable 'unref_801a86B4' [-Wunused-variable]
  200 | static u32 unref_801a86B4 = 0;
      |            ^~~~~~~~~~~~~~
src/goddard/renderer.c:204:12: warning: unused variable 'unref_801a86C4' [-Wunused-variable]
  204 | static u32 unref_801a86C4 = 10;
      |            ^~~~~~~~~~~~~~
src/goddard/renderer.c:215:12: warning: unused variable 'unref_801a86F8' [-Wunused-variable]
  215 | static u32 unref_801a86F8 = 0;
      |            ^~~~~~~~~~~~~~
src/goddard/renderer.c:218:31: warning: unused variable 'sDynLists' [-Wunused-variable]
  218 | static struct DynListBankInfo sDynLists[] = {     // @ 801A8704
      |                               ^~~~~~~~~
src/goddard/renderer.c:226:12: warning: unused variable 'gd_texture1_dummy_aligner1' [-Wunused-variable]
  226 | static Gfx gd_texture1_dummy_aligner1[] = { // @ 801A8728
      |            ^~~~~~~~~~~~~~~~~~~~~~~~~~
src/goddard/renderer.c:232:12: warning: unused variable 'gd_texture2_dummy_aligner1' [-Wunused-variable]
  232 | static Gfx gd_texture2_dummy_aligner1[] = {
      |            ^~~~~~~~~~~~~~~~~~~~~~~~~~
src/goddard/renderer.c:633:12: warning: unused variable 'gd_texture3_dummy_aligner1' [-Wunused-variable]
  633 | static Gfx gd_texture3_dummy_aligner1[] = {
      |            ^~~~~~~~~~~~~~~~~~~~~~~~~~
src/goddard/renderer.c:676:12: warning: unused variable 'gd_unused_pad1' [-Wunused-variable]
  676 | static u32 gd_unused_pad1 = 0;
      |            ^~~~~~~~~~~~~~
src/goddard/renderer.c:680:12: warning: unused variable 'gd_unused_pad2' [-Wunused-variable]
  680 | static u32 gd_unused_pad2 = 0;
      |            ^~~~~~~~~~~~~~
src/goddard/renderer.c:682:12: warning: unused variable 'gd_texture4_dummy_aligner1' [-Wunused-variable]
  682 | static Gfx gd_texture4_dummy_aligner1[] = {
      |            ^~~~~~~~~~~~~~~~~~~~~~~~~~
src/goddard/renderer.c:699:12: warning: unused variable 'gd_dl_unused_mesh' [-Wunused-variable]
  699 | static Gfx gd_dl_unused_mesh[] = {
      |            ^~~~~~~~~~~~~~~~~
22 warnings generated.
[0;32mCompiling: [0;33msrc/goddard/sfx.c[0;32m -> [0;34mbuild/us_web/src/goddard/sfx.o[0m
emcc: warning: linker setting ignored during compilation: 'FULL_ES2' [-Wunused-command-line-argument]
[0;32mCompiling: [0;33msrc/goddard/shape_helper.c[0;32m -> [0;34mbuild/us_web/src/goddard/shape_helper.o[0m
[0;32mCompiling: [0;33msrc/goddard/skin.c[0;32m -> [0;34mbuild/us_web/src/goddard/skin.o[0m
[0;32mCompiling: [0;33msrc/goddard/skin_movement.c[0;32m -> [0;34mbuild/us_web/src/goddard/skin_movement.o[0m
emcc: warning: linker setting ignored during compilation: 'FULL_ES2' [-Wunused-command-line-argument]
emcc: warning: linker setting ignored during compilation: 'FULL_ES2' [-Wunused-command-line-argument]
emcc: warning: linker setting ignored during compilation: 'FULL_ES2' [-Wunused-command-line-argument]
[0;32mCompiling: [0;33msrc/goddard/dynlists/anim_group_1.c[0;32m -> [0;34mbuild/us_web/src/goddard/dynlists/anim_group_1.o[0m
emcc: warning: linker setting ignored during compilation: 'FULL_ES2' [-Wunused-command-line-argument]
src/goddard/shape_helper.c:38:28: warning: unused variable 'unusedAnim1' [-Wunused-variable]
   38 | static struct AnimDataInfo unusedAnim1 = { ARRAY_COUNT(unusedAnimData1), GD_ANIM_SCALE3F_ROT3F_POS3F_2, unusedAnimData1 };
      |                            ^~~~~~~~~~~
src/goddard/shape_helper.c:44:28: warning: unused variable 'unusedAnim2' [-Wunused-variable]
   44 | static struct AnimDataInfo unusedAnim2 = { ARRAY_COUNT(unusedAnimData2), GD_ANIM_SCALE3F_ROT3F_POS3F_2, unusedAnimData2 };
      |                            ^~~~~~~~~~~
src/goddard/shape_helper.c:50:28: warning: unused variable 'unusedAnim3' [-Wunused-variable]
   50 | static struct AnimDataInfo unusedAnim3 = { ARRAY_COUNT(unusedAnimData3), GD_ANIM_SCALE3F_ROT3F_POS3F_2, unusedAnimData3 };
      |                            ^~~~~~~~~~~
src/goddard/shape_helper.c:52:12: warning: unused variable 'sUnref801A838C' [-Wunused-variable]
   52 | static s32 sUnref801A838C[6] = { 0 };
      |            ^~~~~~~~~~~~~~
src/goddard/shape_helper.c:54:12: warning: unused variable 'sUnref801A83A8' [-Wunused-variable]
   54 | static s32 sUnref801A83A8[31] = { 0 };
      |            ^~~~~~~~~~~~~~
src/goddard/shape_helper.c:55:23: warning: unused variable 'sSimpleDylist' [-Wunused-variable]
   55 | static struct DynList sSimpleDylist[8] = {  // unused
      |                       ^~~~~~~~~~~~~
src/goddard/shape_helper.c:70:23: warning: unused variable 'sDynlist801A85B3' [-Wunused-variable]
   70 | static struct DynList sDynlist801A85B3[5] = {
      |                       ^~~~~~~~~~~~~~~~
src/goddard/shape_helper.c:74:23: warning: unused variable 'sDynlist801A85A4' [-Wunused-variable]
   74 | static struct DynList sDynlist801A85A4[4] = {
      |                       ^~~~~~~~~~~~~~~~
src/goddard/shape_helper.c:80:23: warning: unused variable 'sDynlist801A8604' [-Wunused-variable]
   80 | static struct DynList sDynlist801A8604[4] = {
      |                       ^~~~~~~~~~~~~~~~
src/goddard/shape_helper.c:89:11: warning: unused variable 'sUnrefSpaceB00' [-Wunused-variable]
   89 | static u8 sUnrefSpaceB00[0x2C];           // @ 801BAB00
      |           ^~~~~~~~~~~~~~
src/goddard/shape_helper.c:91:11: warning: unused variable 'sUnrefSpaceB30' [-Wunused-variable]
   91 | static u8 sUnrefSpaceB30[0xC];            // @ 801BAB30
      |           ^~~~~~~~~~~~~~
src/goddard/shape_helper.c:93:11: warning: unused variable 'sUnrefSpaceB40' [-Wunused-variable]
   93 | static u8 sUnrefSpaceB40[0x8];            // @ 801BAB40
      |           ^~~~~~~~~~~~~~
src/goddard/shape_helper.c:99:11: warning: unused variable 'sUnrefSpaceC58' [-Wunused-variable]
   99 | static u8 sUnrefSpaceC58[0x8];            // @ 801BAC58
      |           ^~~~~~~~~~~~~~
src/goddard/shape_helper.c:101:12: warning: unused variable 'sUnrefSpaceC6C' [-Wunused-variable]
  101 | static u32 sUnrefSpaceC6C; // @ 801BAC6C
      |            ^~~~~~~~~~~~~~
src/goddard/shape_helper.c:102:12: warning: unused variable 'sUnrefSpaceC70' [-Wunused-variable]
  102 | static u32 sUnrefSpaceC70; // @ 801BAC70
      |            ^~~~~~~~~~~~~~
src/goddard/shape_helper.c:105:11: warning: unused variable 'sUnrefSpaceC80' [-Wunused-variable]
  105 | static u8 sUnrefSpaceC80[0x1C];     // @ 801BAC80
      |           ^~~~~~~~~~~~~~
src/goddard/shape_helper.c:108:11: warning: unused variable 'sUnrefSpaceCA8' [-Wunused-variable]
  108 | static u8 sUnrefSpaceCA8[0x10]; // @ 801BACA8
      |           ^~~~~~~~~~~~~~
src/goddard/shape_helper.c:113:11: warning: unused variable 'sUnrefSpaceCD8' [-Wunused-variable]
  113 | static u8 sUnrefSpaceCD8[0x30];     // @ 801BACD8
      |           ^~~~~~~~~~~~~~
src/goddard/shape_helper.c:115:11: warning: unused variable 'sUnrefSpaceD10' [-Wunused-variable]
  115 | static u8 sUnrefSpaceD10[0x20];     // @ 801BAD10
      |           ^~~~~~~~~~~~~~
src/goddard/shape_helper.c:117:11: warning: unused variable 'sUnrefSpaceD40' [-Wunused-variable]
  117 | static u8 sUnrefSpaceD40[0x120];    // @ 801BAD40
      |           ^~~~~~~~~~~~~~
20 warnings generated.
emcc: warning: linker setting ignored during compilation: 'FULL_ES2' [-Wunused-command-line-argument]
emcc: warning: linker setting ignored during compilation: 'FULL_ES2' [-Wunused-command-line-argument]
emcc: warning: linker setting ignored during compilation: 'FULL_ES2' [-Wunused-command-line-argument]
emcc: warning: linker setting ignored during compilation: 'FULL_ES2' [-Wunused-command-line-argument]
emcc: warning: linker setting ignored during compilation: 'FULL_ES2' [-Wunused-command-line-argument]
[0;32mCompiling: [0;33msrc/goddard/dynlists/anim_group_2.c[0;32m -> [0;34mbuild/us_web/src/goddard/dynlists/anim_group_2.o[0m
emcc: warning: linker setting ignored during compilation: 'FULL_ES2' [-Wunused-command-line-argument]
[0;32mCompiling: [0;33msrc/goddard/dynlists/anim_mario_eyebrows_1.c[0;32m -> [0;34mbuild/us_web/src/goddard/dynlists/anim_mario_eyebrows_1.o[0m
[0;32mCompiling: [0;33msrc/goddard/dynlists/anim_mario_lips_1.c[0;32m -> [0;34mbuild/us_web/src/goddard/dynlists/anim_mario_lips_1.o[0m
emcc: warning: linker setting ignored during compilation: 'FULL_ES2' [-Wunused-command-line-argument]
emcc: warning: linker setting ignored during compilation: 'FULL_ES2' [-Wunused-command-line-argument]
[0;32mCompiling: [0;33msrc/goddard/dynlists/anim_mario_lips_2.c[0;32m -> [0;34mbuild/us_web/src/goddard/dynlists/anim_mario_lips_2.o[0m
[0;32mCompiling: [0;33msrc/goddard/dynlists/anim_mario_mustache_left.c[0;32m -> [0;34mbuild/us_web/src/goddard/dynlists/anim_mario_mustache_left.o[0m
[0;32mCompiling: [0;33msrc/goddard/dynlists/anim_mario_mustache_right.c[0;32m -> [0;34mbuild/us_web/src/goddard/dynlists/anim_mario_mustache_right.o[0m
emcc: warning: linker setting ignored during compilation: 'FULL_ES2' [-Wunused-command-line-argument]
emcc: warning: linker setting ignored during compilation: 'FULL_ES2' [-Wunused-command-line-argument]
emcc: warning: linker setting ignored during compilation: 'FULL_ES2' [-Wunused-command-line-argument]
emcc: warning: linker setting ignored during compilation: 'FULL_ES2' [-Wunused-command-line-argument]
emcc: warning: linker setting ignored during compilation: 'FULL_ES2' [-Wunused-command-line-argument]
emcc: warning: linker setting ignored during compilation: 'FULL_ES2' [-Wunused-command-line-argument]
[0;32mCompiling: [0;33msrc/goddard/dynlists/dynlist_mario_face.c[0;32m -> [0;34mbuild/us_web/src/goddard/dynlists/dynlist_mario_face.o[0m
emcc: warning: linker setting ignored during compilation: 'FULL_ES2' [-Wunused-command-line-argument]
emcc: warning: linker setting ignored during compilation: 'FULL_ES2' [-Wunused-command-line-argument]
emcc: warning: linker setting ignored during compilation: 'FULL_ES2' [-Wunused-command-line-argument]
[0;32mCompiling: [0;33msrc/goddard/dynlists/dynlist_mario_master.c[0;32m -> [0;34mbuild/us_web/src/goddard/dynlists/dynlist_mario_master.o[0m
emcc: warning: linker setting ignored during compilation: 'FULL_ES2' [-Wunused-command-line-argument]
[0;32mCompiling: [0;33msrc/goddard/dynlists/dynlist_test_cube.c[0;32m -> [0;34mbuild/us_web/src/goddard/dynlists/dynlist_test_cube.o[0m
[0;32mCompiling: [0;33msrc/goddard/dynlists/dynlist_unused.c[0;32m -> [0;34mbuild/us_web/src/goddard/dynlists/dynlist_unused.o[0m
emcc: warning: linker setting ignored during compilation: 'FULL_ES2' [-Wunused-command-line-argument]
emcc: warning: linker setting ignored during compilation: 'FULL_ES2' [-Wunused-command-line-argument]
[0;32mCompiling: [0;33msrc/goddard/dynlists/dynlists_mario_eyebrows_mustache.c[0;32m -> [0;34mbuild/us_web/src/goddard/dynlists/dynlists_mario_eyebrows_mustache.o[0m
[0;32mCompiling: [0;33msrc/goddard/dynlists/dynlists_mario_eyes.c[0;32m -> [0;34mbuild/us_web/src/goddard/dynlists/dynlists_mario_eyes.o[0m
emcc: warning: linker setting ignored during compilation: 'FULL_ES2' [-Wunused-command-line-argument]
emcc: warning: linker setting ignored during compilation: 'FULL_ES2' [-Wunused-command-line-argument]
emcc: warning: linker setting ignored during compilation: 'FULL_ES2' [-Wunused-command-line-argument]
emcc: warning: linker setting ignored during compilation: 'FULL_ES2' [-Wunused-command-line-argument]
emcc: warning: linker setting ignored during compilation: 'FULL_ES2' [-Wunused-command-line-argument]
emcc: warning: linker setting ignored during compilation: 'FULL_ES2' [-Wunused-command-line-argument]
gcp -f -r mods build/us_web
emcc: warning: linker setting ignored during compilation: 'FULL_ES2' [-Wunused-command-line-argument]
emcc: warning: linker setting ignored during compilation: 'FULL_ES2' [-Wunused-command-line-argument]
emcc: warning: linker setting ignored during compilation: 'FULL_ES2' [-Wunused-command-line-argument]
[0;32mCompiling: [0;33msrc/game/characters.c[0;32m -> [0;34mbuild/us_web/src/game/characters.o[0m
[0;32mPiping: [0;33mbuild/us_web/sound/sound_data.ctl[0;32m -> [0;34mbuild/us_web/sound/sound_data.ctl.inc.c[0m
[0;32mCompiling: [0;33mlevels/scripts.c[0;32m -> [0;34mbuild/us_web/levels/scripts.o[0m
emcc: warning: linker setting ignored during compilation: 'FULL_ES2' [-Wunused-command-line-argument]
emcc: warning: linker setting ignored during compilation: 'FULL_ES2' [-Wunused-command-line-argument]
[0;32mPiping: [0;33mbuild/us_web/sound/sound_data.tbl[0;32m -> [0;34mbuild/us_web/sound/sound_data.tbl.inc.c[0m
[0;32mPiping: [0;33mbuild/us_web/sound/sequences.bin[0;32m -> [0;34mbuild/us_web/sound/sequences.bin.inc.c[0m
[0;32mPiping: [0;33mbuild/us_web/sound/bank_sets[0;32m -> [0;34mbuild/us_web/sound/bank_sets.inc.c[0m
[0;32mCompiling: [0;33mbuild/us_web/assets/mario_anim_data.c[0;32m -> [0;34mbuild/us_web/assets/mario_anim_data.o[0m
[0;32mCompiling: [0;33mbuild/us_web/assets/demo_data.c[0;32m -> [0;34mbuild/us_web/assets/demo_data.o[0m
emcc: warning: linker setting ignored during compilation: 'FULL_ES2' [-Wunused-command-line-argument]
emcc: warning: linker setting ignored during compilation: 'FULL_ES2' [-Wunused-command-line-argument]
In file included from src/game/characters.c:14:
In file included from src/pc/lua/smlua.h:19:
src/pc/debuglog.h:39:13: warning: unused function '_debuglog_print_log' [-Wunused-function]
   39 | static void _debuglog_print_log(const char* logType, char* filename) {
      |             ^~~~~~~~~~~~~~~~~~~
1 warning generated.
emcc: warning: linker setting ignored during compilation: 'FULL_ES2' [-Wunused-command-line-argument]
emcc: warning: linker setting ignored during compilation: 'FULL_ES2' [-Wunused-command-line-argument]
emcc: warning: linker setting ignored during compilation: 'FULL_ES2' [-Wunused-command-line-argument]
build/us_web/assets/mario_anim_data.c:1414:27: warning: unused variable 'anim_00_indices' [-Wunused-variable]
 1414 | ROM_ASSET_LOAD_MARIO_ANIM(anim_00_indices, gMarioAnims.anim_00_indices,  0x004ec6a8,  252,  0x00000000,  252);
      |                           ^~~~~~~~~~~~~~~
build/us_web/assets/mario_anim_data.c:1415:27: warning: unused variable 'anim_00_values' [-Wunused-variable]
 1415 | ROM_ASSET_LOAD_MARIO_ANIM(anim_00_values, gMarioAnims.anim_00_values,  0x004ec7a4,  2604,  0x00000000,  2604);
      |                           ^~~~~~~~~~~~~~
build/us_web/assets/mario_anim_data.c:1416:27: warning: unused variable 'anim_01_02_indices' [-Wunused-variable]
 1416 | ROM_ASSET_LOAD_MARIO_ANIM(anim_01_02_indices, gMarioAnims.anim_01_02_indices,  0x004ed200,  252,  0x00000000,  252);
      |                           ^~~~~~~~~~~~~~~~~~
build/us_web/assets/mario_anim_data.c:1417:27: warning: unused variable 'anim_01_02_values' [-Wunused-variable]
 1417 | ROM_ASSET_LOAD_MARIO_ANIM(anim_01_02_values, gMarioAnims.anim_01_02_values,  0x004ed2fc,  6576,  0x00000000,  6576);
      |                           ^~~~~~~~~~~~~~~~~
build/us_web/assets/mario_anim_data.c:1418:27: warning: unused variable 'anim_03_indices' [-Wunused-variable]
 1418 | ROM_ASSET_LOAD_MARIO_ANIM(anim_03_indices, gMarioAnims.anim_03_indices,  0x004eecc4,  252,  0x00000000,  252);
      |                           ^~~~~~~~~~~~~~~
build/us_web/assets/mario_anim_data.c:1419:27: warning: unused variable 'anim_03_values' [-Wunused-variable]
 1419 | ROM_ASSET_LOAD_MARIO_ANIM(anim_03_values, gMarioAnims.anim_03_values,  0x004eedc0,  4372,  0x00000000,  4372);
      |                           ^~~~~~~~~~~~~~
build/us_web/assets/mario_anim_data.c:1420:27: warning: unused variable 'anim_04_indices' [-Wunused-variable]
 1420 | ROM_ASSET_LOAD_MARIO_ANIM(anim_04_indices, gMarioAnims.anim_04_indices,  0x004efeec,  252,  0x00000000,  252);
      |                           ^~~~~~~~~~~~~~~
build/us_web/assets/mario_anim_data.c:1421:27: warning: unused variable 'anim_04_values' [-Wunused-variable]
 1421 | ROM_ASSET_LOAD_MARIO_ANIM(anim_04_values, gMarioAnims.anim_04_values,  0x004effe8,  2264,  0x00000000,  2264);
      |                           ^~~~~~~~~~~~~~
build/us_web/assets/mario_anim_data.c:1422:27: warning: unused variable 'anim_05_indices' [-Wunused-variable]
 1422 | ROM_ASSET_LOAD_MARIO_ANIM(anim_05_indices, gMarioAnims.anim_05_indices,  0x004f08d8,  252,  0x00000000,  252);
      |                           ^~~~~~~~~~~~~~~
build/us_web/assets/mario_anim_data.c:1423:27: warning: unused variable 'anim_05_values' [-Wunused-variable]
 1423 | ROM_ASSET_LOAD_MARIO_ANIM(anim_05_values, gMarioAnims.anim_05_values,  0x004f09d4,  5796,  0x00000000,  5796);
      |                           ^~~~~~~~~~~~~~
build/us_web/assets/mario_anim_data.c:1424:27: warning: unused variable 'anim_06_indices' [-Wunused-variable]
 1424 | ROM_ASSET_LOAD_MARIO_ANIM(anim_06_indices, gMarioAnims.anim_06_indices,  0x004f2090,  252,  0x00000000,  252);
      |                           ^~~~~~~~~~~~~~~
build/us_web/assets/mario_anim_data.c:1425:27: warning: unused variable 'anim_06_values' [-Wunused-variable]
 1425 | ROM_ASSET_LOAD_MARIO_ANIM(anim_06_values, gMarioAnims.anim_06_values,  0x004f218c,  892,  0x00000000,  892);
      |                           ^~~~~~~~~~~~~~
build/us_web/assets/mario_anim_data.c:1426:27: warning: unused variable 'anim_07_08_indices' [-Wunused-variable]
 1426 | ROM_ASSET_LOAD_MARIO_ANIM(anim_07_08_indices, gMarioAnims.anim_07_08_indices,  0x004f2538,  252,  0x00000000,  252);
      |                           ^~~~~~~~~~~~~~~~~~
build/us_web/assets/mario_anim_data.c:1427:27: warning: unused variable 'anim_07_08_values' [-Wunused-variable]
 1427 | ROM_ASSET_LOAD_MARIO_ANIM(anim_07_08_values, gMarioAnims.anim_07_08_values,  0x004f2634,  1468,  0x00000000,  1468);
      |                           ^~~~~~~~~~~~~~~~~
build/us_web/assets/mario_anim_data.c:1428:27: warning: unused variable 'anim_09_indices' [-Wunused-variable]
 1428 | ROM_ASSET_LOAD_MARIO_ANIM(anim_09_indices, gMarioAnims.anim_09_indices,  0x004f2c08,  252,  0x00000000,  252);
      |                           ^~~~~~~~~~~~~~~
build/us_web/assets/mario_anim_data.c:1429:27: warning: unused variable 'anim_09_values' [-Wunused-variable]
 1429 | ROM_ASSET_LOAD_MARIO_ANIM(anim_09_values, gMarioAnims.anim_09_values,  0x004f2d04,  3052,  0x00000000,  3052);
      |                           ^~~~~~~~~~~~~~
build/us_web/assets/mario_anim_data.c:1430:27: warning: unused variable 'anim_0A_indices' [-Wunused-variable]
 1430 | ROM_ASSET_LOAD_MARIO_ANIM(anim_0A_indices, gMarioAnims.anim_0A_indices,  0x004f3908,  252,  0x00000000,  252);
      |                           ^~~~~~~~~~~~~~~
build/us_web/assets/mario_anim_data.c:1431:27: warning: unused variable 'anim_0A_values' [-Wunused-variable]
 1431 | ROM_ASSET_LOAD_MARIO_ANIM(anim_0A_values, gMarioAnims.anim_0A_values,  0x004f3a04,  2544,  0x00000000,  2544);
      |                           ^~~~~~~~~~~~~~
build/us_web/assets/mario_anim_data.c:1432:27: warning: unused variable 'anim_0B_0C_indices' [-Wunused-variable]
 1432 | ROM_ASSET_LOAD_MARIO_ANIM(anim_0B_0C_indices, gMarioAnims.anim_0B_0C_indices,  0x004f4424,  252,  0x00000000,  252);
      |                           ^~~~~~~~~~~~~~~~~~
build/us_web/assets/mario_anim_data.c:1433:27: warning: unused variable 'anim_0B_0C_values' [-Wunused-variable]
 1433 | ROM_ASSET_LOAD_MARIO_ANIM(anim_0B_0C_values, gMarioAnims.anim_0B_0C_values,  0x004f4520,  1348,  0x00000000,  1348);
      |                           ^~~~~~~~~~~~~~~~~
build/us_web/assets/mario_anim_data.c:1434:27: warning: unused variable 'anim_0D_indices' [-Wunused-variable]
 1434 | ROM_ASSET_LOAD_MARIO_ANIM(anim_0D_indices, gMarioAnims.anim_0D_indices,  0x004f4a7c,  252,  0x00000000,  252);
      |                           ^~~~~~~~~~~~~~~
build/us_web/assets/mario_anim_data.c:1435:27: warning: unused variable 'anim_0D_values' [-Wunused-variable]
 1435 | ROM_ASSET_LOAD_MARIO_ANIM(anim_0D_values, gMarioAnims.anim_0D_values,  0x004f4b78,  770,  0x00000000,  770);
      |                           ^~~~~~~~~~~~~~
build/us_web/assets/mario_anim_data.c:1436:27: warning: unused variable 'anim_0E_indices' [-Wunused-variable]
 1436 | ROM_ASSET_LOAD_MARIO_ANIM(anim_0E_indices, gMarioAnims.anim_0E_indices,  0x004f4e94,  252,  0x00000000,  252);
      |                           ^~~~~~~~~~~~~~~
build/us_web/assets/mario_anim_data.c:1437:27: warning: unused variable 'anim_0E_values' [-Wunused-variable]
 1437 | ROM_ASSET_LOAD_MARIO_ANIM(anim_0E_values, gMarioAnims.anim_0E_values,  0x004f4f90,  80,  0x00000000,  80);
      |                           ^~~~~~~~~~~~~~
build/us_web/assets/mario_anim_data.c:1438:27: warning: unused variable 'anim_0F_10_indices' [-Wunused-variable]
 1438 | ROM_ASSET_LOAD_MARIO_ANIM(anim_0F_10_indices, gMarioAnims.anim_0F_10_indices,  0x004f5010,  252,  0x00000000,  252);
      |                           ^~~~~~~~~~~~~~~~~~
build/us_web/assets/mario_anim_data.c:1439:27: warning: unused variable 'anim_0F_10_values' [-Wunused-variable]
 1439 | ROM_ASSET_LOAD_MARIO_ANIM(anim_0F_10_values, gMarioAnims.anim_0F_10_values,  0x004f510c,  1502,  0x00000000,  1502);
      |                           ^~~~~~~~~~~~~~~~~
build/us_web/assets/mario_anim_data.c:1440:27: warning: unused variable 'anim_11_indices' [-Wunused-variable]
 1440 | ROM_ASSET_LOAD_MARIO_ANIM(anim_11_indices, gMarioAnims.anim_11_indices,  0x004f5704,  252,  0x00000000,  252);
      |                           ^~~~~~~~~~~~~~~
build/us_web/assets/mario_anim_data.c:1441:27: warning: unused variable 'anim_11_values' [-Wunused-variable]
 1441 | ROM_ASSET_LOAD_MARIO_ANIM(anim_11_values, gMarioAnims.anim_11_values,  0x004f5800,  1174,  0x00000000,  1174);
      |                           ^~~~~~~~~~~~~~
build/us_web/assets/mario_anim_data.c:1442:27: warning: unused variable 'anim_12_indices' [-Wunused-variable]
 1442 | ROM_ASSET_LOAD_MARIO_ANIM(anim_12_indices, gMarioAnims.anim_12_indices,  0x004f5cb0,  252,  0x00000000,  252);
      |                           ^~~~~~~~~~~~~~~
build/us_web/assets/mario_anim_data.c:1443:27: warning: unused variable 'anim_12_values' [-Wunused-variable]
 1443 | ROM_ASSET_LOAD_MARIO_ANIM(anim_12_values, gMarioAnims.anim_12_values,  0x004f5dac,  1318,  0x00000000,  1318);
      |                           ^~~~~~~~~~~~~~
build/us_web/assets/mario_anim_data.c:1444:27: warning: unused variable 'anim_13_indices' [-Wunused-variable]
 1444 | ROM_ASSET_LOAD_MARIO_ANIM(anim_13_indices, gMarioAnims.anim_13_indices,  0x004f62ec,  252,  0x00000000,  252);
      |                           ^~~~~~~~~~~~~~~
build/us_web/assets/mario_anim_data.c:1445:27: warning: unused variable 'anim_13_values' [-Wunused-variable]
 1445 | ROM_ASSET_LOAD_MARIO_ANIM(anim_13_values, gMarioAnims.anim_13_values,  0x004f63e8,  1678,  0x00000000,  1678);
      |                           ^~~~~~~~~~~~~~
build/us_web/assets/mario_anim_data.c:1446:27: warning: unused variable 'anim_14_indices' [-Wunused-variable]
 1446 | ROM_ASSET_LOAD_MARIO_ANIM(anim_14_indices, gMarioAnims.anim_14_indices,  0x004f6a90,  252,  0x00000000,  252);
      |                           ^~~~~~~~~~~~~~~
build/us_web/assets/mario_anim_data.c:1447:27: warning: unused variable 'anim_14_values' [-Wunused-variable]
 1447 | ROM_ASSET_LOAD_MARIO_ANIM(anim_14_values, gMarioAnims.anim_14_values,  0x004f6b8c,  1102,  0x00000000,  1102);
      |                           ^~~~~~~~~~~~~~
build/us_web/assets/mario_anim_data.c:1448:27: warning: unused variable 'anim_15_indices' [-Wunused-variable]
 1448 | ROM_ASSET_LOAD_MARIO_ANIM(anim_15_indices, gMarioAnims.anim_15_indices,  0x004f6ff4,  252,  0x00000000,  252);
      |                           ^~~~~~~~~~~~~~~
build/us_web/assets/mario_anim_data.c:1449:27: warning: unused variable 'anim_15_values' [-Wunused-variable]
 1449 | ROM_ASSET_LOAD_MARIO_ANIM(anim_15_values, gMarioAnims.anim_15_values,  0x004f70f0,  930,  0x00000000,  930);
      |                           ^~~~~~~~~~~~~~
build/us_web/assets/mario_anim_data.c:1450:27: warning: unused variable 'anim_16_indices' [-Wunused-variable]
 1450 | ROM_ASSET_LOAD_MARIO_ANIM(anim_16_indices, gMarioAnims.anim_16_indices,  0x004f74ac,  252,  0x00000000,  252);
      |                           ^~~~~~~~~~~~~~~
build/us_web/assets/mario_anim_data.c:1451:27: warning: unused variable 'anim_16_values' [-Wunused-variable]
 1451 | ROM_ASSET_LOAD_MARIO_ANIM(anim_16_values, gMarioAnims.anim_16_values,  0x004f75a8,  4452,  0x00000000,  4452);
      |                           ^~~~~~~~~~~~~~
build/us_web/assets/mario_anim_data.c:1452:27: warning: unused variable 'anim_17_indices' [-Wunused-variable]
 1452 | ROM_ASSET_LOAD_MARIO_ANIM(anim_17_indices, gMarioAnims.anim_17_indices,  0x004f8724,  252,  0x00000000,  252);
      |                           ^~~~~~~~~~~~~~~
build/us_web/assets/mario_anim_data.c:1453:27: warning: unused variable 'anim_17_values' [-Wunused-variable]
 1453 | ROM_ASSET_LOAD_MARIO_ANIM(anim_17_values, gMarioAnims.anim_17_values,  0x004f8820,  2942,  0x00000000,  2942);
      |                           ^~~~~~~~~~~~~~
build/us_web/assets/mario_anim_data.c:1454:27: warning: unused variable 'anim_18_indices' [-Wunused-variable]
 1454 | ROM_ASSET_LOAD_MARIO_ANIM(anim_18_indices, gMarioAnims.anim_18_indices,  0x004f74ac,  252,  0x00000000,  252);
      |                           ^~~~~~~~~~~~~~~
build/us_web/assets/mario_anim_data.c:1455:27: warning: unused variable 'anim_18_values' [-Wunused-variable]
 1455 | ROM_ASSET_LOAD_MARIO_ANIM(anim_18_values, gMarioAnims.anim_18_values,  0x004f94b4,  4452,  0x00000000,  4452);
      |                           ^~~~~~~~~~~~~~
build/us_web/assets/mario_anim_data.c:1456:27: warning: unused variable 'anim_19_indices' [-Wunused-variable]
 1456 | ROM_ASSET_LOAD_MARIO_ANIM(anim_19_indices, gMarioAnims.anim_19_indices,  0x004fa630,  252,  0x00000000,  252);
      |                           ^~~~~~~~~~~~~~~
build/us_web/assets/mario_anim_data.c:1457:27: warning: unused variable 'anim_19_values' [-Wunused-variable]
 1457 | ROM_ASSET_LOAD_MARIO_ANIM(anim_19_values, gMarioAnims.anim_19_values,  0x004fa72c,  5354,  0x00000000,  5354);
      |                           ^~~~~~~~~~~~~~
build/us_web/assets/mario_anim_data.c:1458:27: warning: unused variable 'anim_1A_indices' [-Wunused-variable]
 1458 | ROM_ASSET_LOAD_MARIO_ANIM(anim_1A_indices, gMarioAnims.anim_1A_indices,  0x004fbc30,  252,  0x00000000,  252);
      |                           ^~~~~~~~~~~~~~~
build/us_web/assets/mario_anim_data.c:1459:27: warning: unused variable 'anim_1A_values' [-Wunused-variable]
 1459 | ROM_ASSET_LOAD_MARIO_ANIM(anim_1A_values, gMarioAnims.anim_1A_values,  0x004fbd2c,  1146,  0x00000000,  1146);
      |                           ^~~~~~~~~~~~~~
build/us_web/assets/mario_anim_data.c:1460:27: warning: unused variable 'anim_1B_indices' [-Wunused-variable]
 1460 | ROM_ASSET_LOAD_MARIO_ANIM(anim_1B_indices, gMarioAnims.anim_1B_indices,  0x004fc1c0,  252,  0x00000000,  252);
      |                           ^~~~~~~~~~~~~~~
build/us_web/assets/mario_anim_data.c:1461:27: warning: unused variable 'anim_1B_values' [-Wunused-variable]
 1461 | ROM_ASSET_LOAD_MARIO_ANIM(anim_1B_values, gMarioAnims.anim_1B_values,  0x004fc2bc,  2858,  0x00000000,  2858);
      |                           ^~~~~~~~~~~~~~
build/us_web/assets/mario_anim_data.c:1462:27: warning: unused variable 'anim_1C_indices' [-Wunused-variable]
 1462 | ROM_ASSET_LOAD_MARIO_ANIM(anim_1C_indices, gMarioAnims.anim_1C_indices,  0x004fce00,  252,  0x00000000,  252);
      |                           ^~~~~~~~~~~~~~~
build/us_web/assets/mario_anim_data.c:1463:27: warning: unused variable 'anim_1C_values' [-Wunused-variable]
 1463 | ROM_ASSET_LOAD_MARIO_ANIM(anim_1C_values, gMarioAnims.anim_1C_values,  0x004fcefc,  780,  0x00000000,  780);
      |                           ^~~~~~~~~~~~~~
build/us_web/assets/mario_anim_data.c:1464:27: warning: unused variable 'anim_1D_indices' [-Wunused-variable]
 1464 | ROM_ASSET_LOAD_MARIO_ANIM(anim_1D_indices, gMarioAnims.anim_1D_indices,  0x004fd220,  252,  0x00000000,  252);
      |                           ^~~~~~~~~~~~~~~
build/us_web/assets/mario_anim_data.c:1465:27: warning: unused variable 'anim_1D_values' [-Wunused-variable]
 1465 | ROM_ASSET_LOAD_MARIO_ANIM(anim_1D_values, gMarioAnims.anim_1D_values,  0x004fd31c,  1380,  0x00000000,  1380);
      |                           ^~~~~~~~~~~~~~
build/us_web/assets/mario_anim_data.c:1466:27: warning: unused variable 'anim_1E_indices' [-Wunused-variable]
 1466 | ROM_ASSET_LOAD_MARIO_ANIM(anim_1E_indices, gMarioAnims.anim_1E_indices,  0x004fd898,  252,  0x00000000,  252);
      |                           ^~~~~~~~~~~~~~~
build/us_web/assets/mario_anim_data.c:1467:27: warning: unused variable 'anim_1E_values' [-Wunused-variable]
 1467 | ROM_ASSET_LOAD_MARIO_ANIM(anim_1E_values, gMarioAnims.anim_1E_values,  0x004fd994,  1530,  0x00000000,  1530);
      |                           ^~~~~~~~~~~~~~
build/us_web/assets/mario_anim_data.c:1468:27: warning: unused variable 'anim_1F_indices' [-Wunused-variable]
 1468 | ROM_ASSET_LOAD_MARIO_ANIM(anim_1F_indices, gMarioAnims.anim_1F_indices,  0x004fdfa8,  252,  0x00000000,  252);
      |                           ^~~~~~~~~~~~~~~
build/us_web/assets/mario_anim_data.c:1469:27: warning: unused variable 'anim_1F_values' [-Wunused-variable]
 1469 | ROM_ASSET_LOAD_MARIO_ANIM(anim_1F_values, gMarioAnims.anim_1F_values,  0x004fe0a4,  846,  0x00000000,  846);
      |                           ^~~~~~~~~~~~~~
build/us_web/assets/mario_anim_data.c:1470:27: warning: unused variable 'anim_20_indices' [-Wunused-variable]
 1470 | ROM_ASSET_LOAD_MARIO_ANIM(anim_20_indices, gMarioAnims.anim_20_indices,  0x004fe40c,  252,  0x00000000,  252);
      |                           ^~~~~~~~~~~~~~~
build/us_web/assets/mario_anim_data.c:1471:27: warning: unused variable 'anim_20_values' [-Wunused-variable]
 1471 | ROM_ASSET_LOAD_MARIO_ANIM(anim_20_values, gMarioAnims.anim_20_values,  0x004fe508,  7124,  0x00000000,  7124);
      |                           ^~~~~~~~~~~~~~
build/us_web/assets/mario_anim_data.c:1472:27: warning: unused variable 'anim_21_indices' [-Wunused-variable]
 1472 | ROM_ASSET_LOAD_MARIO_ANIM(anim_21_indices, gMarioAnims.anim_21_indices,  0x005000f4,  252,  0x00000000,  252);
      |                           ^~~~~~~~~~~~~~~
build/us_web/assets/mario_anim_data.c:1473:27: warning: unused variable 'anim_21_values' [-Wunused-variable]
 1473 | ROM_ASSET_LOAD_MARIO_ANIM(anim_21_values, gMarioAnims.anim_21_values,  0x005001f0,  2610,  0x00000000,  2610);
      |                           ^~~~~~~~~~~~~~
build/us_web/assets/mario_anim_data.c:1474:27: warning: unused variable 'anim_22_indices' [-Wunused-variable]
 1474 | ROM_ASSET_LOAD_MARIO_ANIM(anim_22_indices, gMarioAnims.anim_22_indices,  0x00500c3c,  252,  0x00000000,  252);
      |                           ^~~~~~~~~~~~~~~
build/us_web/assets/mario_anim_data.c:1475:27: warning: unused variable 'anim_22_values' [-Wunused-variable]
 1475 | ROM_ASSET_LOAD_MARIO_ANIM(anim_22_values, gMarioAnims.anim_22_values,  0x00500d38,  1750,  0x00000000,  1750);
      |                           ^~~~~~~~~~~~~~
build/us_web/assets/mario_anim_data.c:1476:27: warning: unused variable 'anim_23_indices' [-Wunused-variable]
 1476 | ROM_ASSET_LOAD_MARIO_ANIM(anim_23_indices, gMarioAnims.anim_23_indices,  0x00501428,  252,  0x00000000,  252);
      |                           ^~~~~~~~~~~~~~~
build/us_web/assets/mario_anim_data.c:1477:27: warning: unused variable 'anim_23_values' [-Wunused-variable]
 1477 | ROM_ASSET_LOAD_MARIO_ANIM(anim_23_values, gMarioAnims.anim_23_values,  0x00501524,  8216,  0x00000000,  8216);
      |                           ^~~~~~~~~~~~~~
build/us_web/assets/mario_anim_data.c:1478:27: warning: unused variable 'anim_24_indices' [-Wunused-variable]
 1478 | ROM_ASSET_LOAD_MARIO_ANIM(anim_24_indices, gMarioAnims.anim_24_indices,  0x00503554,  252,  0x00000000,  252);
      |                           ^~~~~~~~~~~~~~~
build/us_web/assets/mario_anim_data.c:1479:27: warning: unused variable 'anim_24_values' [-Wunused-variable]
 1479 | ROM_ASSET_LOAD_MARIO_ANIM(anim_24_values, gMarioAnims.anim_24_values,  0x00503650,  9376,  0x00000000,  9376);
      |                           ^~~~~~~~~~~~~~
build/us_web/assets/mario_anim_data.c:1480:27: warning: unused variable 'anim_25_indices' [-Wunused-variable]
 1480 | ROM_ASSET_LOAD_MARIO_ANIM(anim_25_indices, gMarioAnims.anim_25_indices,  0x00505b08,  252,  0x00000000,  252);
      |                           ^~~~~~~~~~~~~~~
build/us_web/assets/mario_anim_data.c:1481:27: warning: unused variable 'anim_25_values' [-Wunused-variable]
 1481 | ROM_ASSET_LOAD_MARIO_ANIM(anim_25_values, gMarioAnims.anim_25_values,  0x00505c04,  8018,  0x00000000,  8018);
      |                           ^~~~~~~~~~~~~~
build/us_web/assets/mario_anim_data.c:1482:27: warning: unused variable 'anim_26_indices' [-Wunused-variable]
 1482 | ROM_ASSET_LOAD_MARIO_ANIM(anim_26_indices, gMarioAnims.anim_26_indices,  0x00507b70,  252,  0x00000000,  252);
      |                           ^~~~~~~~~~~~~~~
build/us_web/assets/mario_anim_data.c:1483:27: warning: unused variable 'anim_26_values' [-Wunused-variable]
 1483 | ROM_ASSET_LOAD_MARIO_ANIM(anim_26_values, gMarioAnims.anim_26_values,  0x00507c6c,  7352,  0x00000000,  7352);
      |                           ^~~~~~~~~~~~~~
build/us_web/assets/mario_anim_data.c:1484:27: warning: unused variable 'anim_27_indices' [-Wunused-variable]
 1484 | ROM_ASSET_LOAD_MARIO_ANIM(anim_27_indices, gMarioAnims.anim_27_indices,  0x0050993c,  252,  0x00000000,  252);
      |                           ^~~~~~~~~~~~~~~
build/us_web/assets/mario_anim_data.c:1485:27: warning: unused variable 'anim_27_values' [-Wunused-variable]
 1485 | ROM_ASSET_LOAD_MARIO_ANIM(anim_27_values, gMarioAnims.anim_27_values,  0x00509a38,  8980,  0x00000000,  8980);
      |                           ^~~~~~~~~~~~~~
build/us_web/assets/mario_anim_data.c:1486:27: warning: unused variable 'anim_28_indices' [-Wunused-variable]
 1486 | ROM_ASSET_LOAD_MARIO_ANIM(anim_28_indices, gMarioAnims.anim_28_indices,  0x0050bd64,  252,  0x00000000,  252);
      |                           ^~~~~~~~~~~~~~~
build/us_web/assets/mario_anim_data.c:1487:27: warning: unused variable 'anim_28_values' [-Wunused-variable]
 1487 | ROM_ASSET_LOAD_MARIO_ANIM(anim_28_values, gMarioAnims.anim_28_values,  0x0050be60,  1010,  0x00000000,  1010);
      |                           ^~~~~~~~~~~~~~
build/us_web/assets/mario_anim_data.c:1488:27: warning: unused variable 'anim_29_indices' [-Wunused-variable]
 1488 | ROM_ASSET_LOAD_MARIO_ANIM(anim_29_indices, gMarioAnims.anim_29_indices,  0x0050c26c,  252,  0x00000000,  252);
      |                           ^~~~~~~~~~~~~~~
build/us_web/assets/mario_anim_data.c:1489:27: warning: unused variable 'anim_29_values' [-Wunused-variable]
 1489 | ROM_ASSET_LOAD_MARIO_ANIM(anim_29_values, gMarioAnims.anim_29_values,  0x0050c368,  582,  0x00000000,  582);
      |                           ^~~~~~~~~~~~~~
build/us_web/assets/mario_anim_data.c:1490:27: warning: unused variable 'anim_2A_indices' [-Wunused-variable]
 1490 | ROM_ASSET_LOAD_MARIO_ANIM(anim_2A_indices, gMarioAnims.anim_2A_indices,  0x0050c5c8,  252,  0x00000000,  252);
      |                           ^~~~~~~~~~~~~~~
build/us_web/assets/mario_anim_data.c:1491:27: warning: unused variable 'anim_2A_values' [-Wunused-variable]
 1491 | ROM_ASSET_LOAD_MARIO_ANIM(anim_2A_values, gMarioAnims.anim_2A_values,  0x0050c6c4,  1252,  0x00000000,  1252);
      |                           ^~~~~~~~~~~~~~
build/us_web/assets/mario_anim_data.c:1492:27: warning: unused variable 'anim_2B_indices' [-Wunused-variable]
 1492 | ROM_ASSET_LOAD_MARIO_ANIM(anim_2B_indices, gMarioAnims.anim_2B_indices,  0x0050cbc0,  252,  0x00000000,  252);
      |                           ^~~~~~~~~~~~~~~
build/us_web/assets/mario_anim_data.c:1493:27: warning: unused variable 'anim_2B_values' [-Wunused-variable]
 1493 | ROM_ASSET_LOAD_MARIO_ANIM(anim_2B_values, gMarioAnims.anim_2B_values,  0x0050ccbc,  1582,  0x00000000,  1582);
      |                           ^~~~~~~~~~~~~~
build/us_web/assets/mario_anim_data.c:1494:27: warning: unused variable 'anim_2C_2D_indices' [-Wunused-variable]
 1494 | ROM_ASSET_LOAD_MARIO_ANIM(anim_2C_2D_indices, gMarioAnims.anim_2C_2D_indices,  0x0050d31c,  252,  0x00000000,  252);
      |                           ^~~~~~~~~~~~~~~~~~
build/us_web/assets/mario_anim_data.c:1495:27: warning: unused variable 'anim_2C_2D_values' [-Wunused-variable]
 1495 | ROM_ASSET_LOAD_MARIO_ANIM(anim_2C_2D_values, gMarioAnims.anim_2C_2D_values,  0x0050d418,  5620,  0x00000000,  5620);
      |                           ^~~~~~~~~~~~~~~~~
build/us_web/assets/mario_anim_data.c:1496:27: warning: unused variable 'anim_2E_indices' [-Wunused-variable]
 1496 | ROM_ASSET_LOAD_MARIO_ANIM(anim_2E_indices, gMarioAnims.anim_2E_indices,  0x0050ea24,  252,  0x00000000,  252);
      |                           ^~~~~~~~~~~~~~~
build/us_web/assets/mario_anim_data.c:1497:27: warning: unused variable 'anim_2E_values' [-Wunused-variable]
 1497 | ROM_ASSET_LOAD_MARIO_ANIM(anim_2E_values, gMarioAnims.anim_2E_values,  0x0050eb20,  3028,  0x00000000,  3028);
      |                           ^~~~~~~~~~~~~~
build/us_web/assets/mario_anim_data.c:1498:27: warning: unused variable 'anim_2F_indices' [-Wunused-variable]
 1498 | ROM_ASSET_LOAD_MARIO_ANIM(anim_2F_indices, gMarioAnims.anim_2F_indices,  0x0050f70c,  252,  0x00000000,  252);
      |                           ^~~~~~~~~~~~~~~
build/us_web/assets/mario_anim_data.c:1499:27: warning: unused variable 'anim_2F_values' [-Wunused-variable]
 1499 | ROM_ASSET_LOAD_MARIO_ANIM(anim_2F_values, gMarioAnims.anim_2F_values,  0x0050f808,  7420,  0x00000000,  7420);
      |                           ^~~~~~~~~~~~~~
build/us_web/assets/mario_anim_data.c:1500:27: warning: unused variable 'anim_30_indices' [-Wunused-variable]
 1500 | ROM_ASSET_LOAD_MARIO_ANIM(anim_30_indices, gMarioAnims.anim_30_indices,  0x0051151c,  252,  0x00000000,  252);
      |                           ^~~~~~~~~~~~~~~
build/us_web/assets/mario_anim_data.c:1501:27: warning: unused variable 'anim_30_values' [-Wunused-variable]
 1501 | ROM_ASSET_LOAD_MARIO_ANIM(anim_30_values, gMarioAnims.anim_30_values,  0x00511618,  5428,  0x00000000,  5428);
      |                           ^~~~~~~~~~~~~~
build/us_web/assets/mario_anim_data.c:1502:27: warning: unused variable 'anim_31_indices' [-Wunused-variable]
 1502 | ROM_ASSET_LOAD_MARIO_ANIM(anim_31_indices, gMarioAnims.anim_31_indices,  0x00512b64,  252,  0x00000000,  252);
      |                           ^~~~~~~~~~~~~~~
build/us_web/assets/mario_anim_data.c:1503:27: warning: unused variable 'anim_31_values' [-Wunused-variable]
 1503 | ROM_ASSET_LOAD_MARIO_ANIM(anim_31_values, gMarioAnims.anim_31_values,  0x00512c60,  10660,  0x00000000,  10660);
      |                           ^~~~~~~~~~~~~~
build/us_web/assets/mario_anim_data.c:1504:27: warning: unused variable 'anim_32_indices' [-Wunused-variable]
 1504 | ROM_ASSET_LOAD_MARIO_ANIM(anim_32_indices, gMarioAnims.anim_32_indices,  0x0051561c,  252,  0x00000000,  252);
      |                           ^~~~~~~~~~~~~~~
build/us_web/assets/mario_anim_data.c:1505:27: warning: unused variable 'anim_32_values' [-Wunused-variable]
 1505 | ROM_ASSET_LOAD_MARIO_ANIM(anim_32_values, gMarioAnims.anim_32_values,  0x00515718,  7890,  0x00000000,  7890);
      |                           ^~~~~~~~~~~~~~
build/us_web/assets/mario_anim_data.c:1506:27: warning: unused variable 'anim_33_indices' [-Wunused-variable]
 1506 | ROM_ASSET_LOAD_MARIO_ANIM(anim_33_indices, gMarioAnims.anim_33_indices,  0x00517604,  252,  0x00000000,  252);
      |                           ^~~~~~~~~~~~~~~
build/us_web/assets/mario_anim_data.c:1507:27: warning: unused variable 'anim_33_values' [-Wunused-variable]
 1507 | ROM_ASSET_LOAD_MARIO_ANIM(anim_33_values, gMarioAnims.anim_33_values,  0x00517700,  2840,  0x00000000,  2840);
      |                           ^~~~~~~~~~~~~~
build/us_web/assets/mario_anim_data.c:1508:27: warning: unused variable 'anim_34_indices' [-Wunused-variable]
 1508 | ROM_ASSET_LOAD_MARIO_ANIM(anim_34_indices, gMarioAnims.anim_34_indices,  0x00518230,  252,  0x00000000,  252);
      |                           ^~~~~~~~~~~~~~~
build/us_web/assets/mario_anim_data.c:1509:27: warning: unused variable 'anim_34_values' [-Wunused-variable]
 1509 | ROM_ASSET_LOAD_MARIO_ANIM(anim_34_values, gMarioAnims.anim_34_values,  0x0051832c,  1300,  0x00000000,  1300);
      |                           ^~~~~~~~~~~~~~
build/us_web/assets/mario_anim_data.c:1510:27: warning: unused variable 'anim_35_indices' [-Wunused-variable]
 1510 | ROM_ASSET_LOAD_MARIO_ANIM(anim_35_indices, gMarioAnims.anim_35_indices,  0x00518858,  252,  0x00000000,  252);
      |                           ^~~~~~~~~~~~~~~
build/us_web/assets/mario_anim_data.c:1511:27: warning: unused variable 'anim_35_values' [-Wunused-variable]
 1511 | ROM_ASSET_LOAD_MARIO_ANIM(anim_35_values, gMarioAnims.anim_35_values,  0x00518954,  3704,  0x00000000,  3704);
      |                           ^~~~~~~~~~~~~~
build/us_web/assets/mario_anim_data.c:1512:27: warning: unused variable 'anim_36_indices' [-Wunused-variable]
 1512 | ROM_ASSET_LOAD_MARIO_ANIM(anim_36_indices, gMarioAnims.anim_36_indices,  0x005197e4,  252,  0x00000000,  252);
      |                           ^~~~~~~~~~~~~~~
build/us_web/assets/mario_anim_data.c:1513:27: warning: unused variable 'anim_36_values' [-Wunused-variable]
 1513 | ROM_ASSET_LOAD_MARIO_ANIM(anim_36_values, gMarioAnims.anim_36_values,  0x005198e0,  3700,  0x00000000,  3700);
      |                           ^~~~~~~~~~~~~~
build/us_web/assets/mario_anim_data.c:1514:27: warning: unused variable 'anim_37_indices' [-Wunused-variable]
 1514 | ROM_ASSET_LOAD_MARIO_ANIM(anim_37_indices, gMarioAnims.anim_37_indices,  0x0051a76c,  252,  0x00000000,  252);
      |                           ^~~~~~~~~~~~~~~
build/us_web/assets/mario_anim_data.c:1515:27: warning: unused variable 'anim_37_values' [-Wunused-variable]
 1515 | ROM_ASSET_LOAD_MARIO_ANIM(anim_37_values, gMarioAnims.anim_37_values,  0x0051a868,  6828,  0x00000000,  6828);
      |                           ^~~~~~~~~~~~~~
build/us_web/assets/mario_anim_data.c:1516:27: warning: unused variable 'anim_38_indices' [-Wunused-variable]
 1516 | ROM_ASSET_LOAD_MARIO_ANIM(anim_38_indices, gMarioAnims.anim_38_indices,  0x0051c32c,  252,  0x00000000,  252);
      |                           ^~~~~~~~~~~~~~~
build/us_web/assets/mario_anim_data.c:1517:27: warning: unused variable 'anim_38_values' [-Wunused-variable]
 1517 | ROM_ASSET_LOAD_MARIO_ANIM(anim_38_values, gMarioAnims.anim_38_values,  0x0051c428,  844,  0x00000000,  844);
      |                           ^~~~~~~~~~~~~~
build/us_web/assets/mario_anim_data.c:1518:27: warning: unused variable 'anim_39_indices' [-Wunused-variable]
 1518 | ROM_ASSET_LOAD_MARIO_ANIM(anim_39_indices, gMarioAnims.anim_39_indices,  0x0051c78c,  252,  0x00000000,  252);
      |                           ^~~~~~~~~~~~~~~
build/us_web/assets/mario_anim_data.c:1519:27: warning: unused variable 'anim_39_values' [-Wunused-variable]
 1519 | ROM_ASSET_LOAD_MARIO_ANIM(anim_39_values, gMarioAnims.anim_39_values,  0x0051c888,  12418,  0x00000000,  12418);
      |                           ^~~~~~~~~~~~~~
build/us_web/assets/mario_anim_data.c:1520:27: warning: unused variable 'anim_3A_indices' [-Wunused-variable]
 1520 | ROM_ASSET_LOAD_MARIO_ANIM(anim_3A_indices, gMarioAnims.anim_3A_indices,  0x0051f924,  252,  0x00000000,  252);
      |                           ^~~~~~~~~~~~~~~
build/us_web/assets/mario_anim_data.c:1521:27: warning: unused variable 'anim_3A_values' [-Wunused-variable]
 1521 | ROM_ASSET_LOAD_MARIO_ANIM(anim_3A_values, gMarioAnims.anim_3A_values,  0x0051fa20,  374,  0x00000000,  374);
      |                           ^~~~~~~~~~~~~~
build/us_web/assets/mario_anim_data.c:1522:27: warning: unused variable 'anim_3B_indices' [-Wunused-variable]
 1522 | ROM_ASSET_LOAD_MARIO_ANIM(anim_3B_indices, gMarioAnims.anim_3B_indices,  0x0051fbb0,  252,  0x00000000,  252);
      |                           ^~~~~~~~~~~~~~~
build/us_web/assets/mario_anim_data.c:1523:27: warning: unused variable 'anim_3B_values' [-Wunused-variable]
 1523 | ROM_ASSET_LOAD_MARIO_ANIM(anim_3B_values, gMarioAnims.anim_3B_values,  0x0051fcac,  1204,  0x00000000,  1204);
      |                           ^~~~~~~~~~~~~~
build/us_web/assets/mario_anim_data.c:1524:27: warning: unused variable 'anim_3C_3D_indices' [-Wunused-variable]
 1524 | ROM_ASSET_LOAD_MARIO_ANIM(anim_3C_3D_indices, gMarioAnims.anim_3C_3D_indices,  0x00520190,  252,  0x00000000,  252);
      |                           ^~~~~~~~~~~~~~~~~~
build/us_web/assets/mario_anim_data.c:1525:27: warning: unused variable 'anim_3C_3D_values' [-Wunused-variable]
 1525 | ROM_ASSET_LOAD_MARIO_ANIM(anim_3C_3D_values, gMarioAnims.anim_3C_3D_values,  0x0052028c,  774,  0x00000000,  774);
      |                           ^~~~~~~~~~~~~~~~~
build/us_web/assets/mario_anim_data.c:1526:27: warning: unused variable 'anim_3E_indices' [-Wunused-variable]
 1526 | ROM_ASSET_LOAD_MARIO_ANIM(anim_3E_indices, gMarioAnims.anim_3E_indices,  0x005205ac,  252,  0x00000000,  252);
      |                           ^~~~~~~~~~~~~~~
build/us_web/assets/mario_anim_data.c:1527:27: warning: unused variable 'anim_3E_values' [-Wunused-variable]
 1527 | ROM_ASSET_LOAD_MARIO_ANIM(anim_3E_values, gMarioAnims.anim_3E_values,  0x005206a8,  11490,  0x00000000,  11490);
      |                           ^~~~~~~~~~~~~~
build/us_web/assets/mario_anim_data.c:1528:27: warning: unused variable 'anim_3F_indices' [-Wunused-variable]
 1528 | ROM_ASSET_LOAD_MARIO_ANIM(anim_3F_indices, gMarioAnims.anim_3F_indices,  0x005233a4,  252,  0x00000000,  252);
      |                           ^~~~~~~~~~~~~~~
build/us_web/assets/mario_anim_data.c:1529:27: warning: unused variable 'anim_3F_values' [-Wunused-variable]
 1529 | ROM_ASSET_LOAD_MARIO_ANIM(anim_3F_values, gMarioAnims.anim_3F_values,  0x005234a0,  3094,  0x00000000,  3094);
      |                           ^~~~~~~~~~~~~~
build/us_web/assets/mario_anim_data.c:1530:27: warning: unused variable 'anim_40_indices' [-Wunused-variable]
 1530 | ROM_ASSET_LOAD_MARIO_ANIM(anim_40_indices, gMarioAnims.anim_40_indices,  0x005240d0,  252,  0x00000000,  252);
      |                           ^~~~~~~~~~~~~~~
build/us_web/assets/mario_anim_data.c:1531:27: warning: unused variable 'anim_40_values' [-Wunused-variable]
 1531 | ROM_ASSET_LOAD_MARIO_ANIM(anim_40_values, gMarioAnims.anim_40_values,  0x005241cc,  1094,  0x00000000,  1094);
      |                           ^~~~~~~~~~~~~~
build/us_web/assets/mario_anim_data.c:1532:27: warning: unused variable 'anim_41_indices' [-Wunused-variable]
 1532 | ROM_ASSET_LOAD_MARIO_ANIM(anim_41_indices, gMarioAnims.anim_41_indices,  0x0052462c,  252,  0x00000000,  252);
      |                           ^~~~~~~~~~~~~~~
build/us_web/assets/mario_anim_data.c:1533:27: warning: unused variable 'anim_41_values' [-Wunused-variable]
 1533 | ROM_ASSET_LOAD_MARIO_ANIM(anim_41_values, gMarioAnims.anim_41_values,  0x00524728,  536,  0x00000000,  536);
      |                           ^~~~~~~~~~~~~~
build/us_web/assets/mario_anim_data.c:1534:27: warning: unused variable 'anim_42_indices' [-Wunused-variable]
 1534 | ROM_ASSET_LOAD_MARIO_ANIM(anim_42_indices, gMarioAnims.anim_42_indices,  0x00524958,  252,  0x00000000,  252);
      |                           ^~~~~~~~~~~~~~~
build/us_web/assets/mario_anim_data.c:1535:27: warning: unused variable 'anim_42_values' [-Wunused-variable]
 1535 | ROM_ASSET_LOAD_MARIO_ANIM(anim_42_values, gMarioAnims.anim_42_values,  0x00524a54,  956,  0x00000000,  956);
      |                           ^~~~~~~~~~~~~~
build/us_web/assets/mario_anim_data.c:1536:27: warning: unused variable 'anim_43_indices' [-Wunused-variable]
 1536 | ROM_ASSET_LOAD_MARIO_ANIM(anim_43_indices, gMarioAnims.anim_43_indices,  0x00524e28,  252,  0x00000000,  252);
      |                           ^~~~~~~~~~~~~~~
build/us_web/assets/mario_anim_data.c:1537:27: warning: unused variable 'anim_43_values' [-Wunused-variable]
 1537 | ROM_ASSET_LOAD_MARIO_ANIM(anim_43_values, gMarioAnims.anim_43_values,  0x00524f24,  84,  0x00000000,  84);
      |                           ^~~~~~~~~~~~~~
build/us_web/assets/mario_anim_data.c:1538:27: warning: unused variable 'anim_44_indices' [-Wunused-variable]
 1538 | ROM_ASSET_LOAD_MARIO_ANIM(anim_44_indices, gMarioAnims.anim_44_indices,  0x00524f90,  252,  0x00000000,  252);
      |                           ^~~~~~~~~~~~~~~
build/us_web/assets/mario_anim_data.c:1539:27: warning: unused variable 'anim_44_values' [-Wunused-variable]
 1539 | ROM_ASSET_LOAD_MARIO_ANIM(anim_44_values, gMarioAnims.anim_44_values,  0x0052508c,  650,  0x00000000,  650);
      |                           ^~~~~~~~~~~~~~
build/us_web/assets/mario_anim_data.c:1540:27: warning: unused variable 'anim_45_46_indices' [-Wunused-variable]
 1540 | ROM_ASSET_LOAD_MARIO_ANIM(anim_45_46_indices, gMarioAnims.anim_45_46_indices,  0x00525348,  252,  0x00000000,  252);
      |                           ^~~~~~~~~~~~~~~~~~
build/us_web/assets/mario_anim_data.c:1541:27: warning: unused variable 'anim_45_46_values' [-Wunused-variable]
 1541 | ROM_ASSET_LOAD_MARIO_ANIM(anim_45_46_values, gMarioAnims.anim_45_46_values,  0x00525444,  1190,  0x00000000,  1190);
      |                           ^~~~~~~~~~~~~~~~~
build/us_web/assets/mario_anim_data.c:1542:27: warning: unused variable 'anim_47_indices' [-Wunused-variable]
 1542 | ROM_ASSET_LOAD_MARIO_ANIM(anim_47_indices, gMarioAnims.anim_47_indices,  0x00525904,  252,  0x00000000,  252);
      |                           ^~~~~~~~~~~~~~~
build/us_web/assets/mario_anim_data.c:1543:27: warning: unused variable 'anim_47_values' [-Wunused-variable]
 1543 | ROM_ASSET_LOAD_MARIO_ANIM(anim_47_values, gMarioAnims.anim_47_values,  0x00525a00,  838,  0x00000000,  838);
      |                           ^~~~~~~~~~~~~~
build/us_web/assets/mario_anim_data.c:1544:27: warning: unused variable 'anim_48_indices' [-Wunused-variable]
 1544 | ROM_ASSET_LOAD_MARIO_ANIM(anim_48_indices, gMarioAnims.anim_48_indices,  0x00525d60,  252,  0x00000000,  252);
      |                           ^~~~~~~~~~~~~~~
build/us_web/assets/mario_anim_data.c:1545:27: warning: unused variable 'anim_48_values' [-Wunused-variable]
 1545 | ROM_ASSET_LOAD_MARIO_ANIM(anim_48_values, gMarioAnims.anim_48_values,  0x00525e5c,  5098,  0x00000000,  5098);
      |                           ^~~~~~~~~~~~~~
build/us_web/assets/mario_anim_data.c:1546:27: warning: unused variable 'anim_49_indices' [-Wunused-variable]
 1546 | ROM_ASSET_LOAD_MARIO_ANIM(anim_49_indices, gMarioAnims.anim_49_indices,  0x00527260,  252,  0x00000000,  252);
      |                           ^~~~~~~~~~~~~~~
build/us_web/assets/mario_anim_data.c:1547:27: warning: unused variable 'anim_49_values' [-Wunused-variable]
 1547 | ROM_ASSET_LOAD_MARIO_ANIM(anim_49_values, gMarioAnims.anim_49_values,  0x0052735c,  1298,  0x00000000,  1298);
      |                           ^~~~~~~~~~~~~~
build/us_web/assets/mario_anim_data.c:1548:27: warning: unused variable 'anim_4A_indices' [-Wunused-variable]
 1548 | ROM_ASSET_LOAD_MARIO_ANIM(anim_4A_indices, gMarioAnims.anim_4A_indices,  0x00527888,  252,  0x00000000,  252);
      |                           ^~~~~~~~~~~~~~~
build/us_web/assets/mario_anim_data.c:1549:27: warning: unused variable 'anim_4A_values' [-Wunused-variable]
 1549 | ROM_ASSET_LOAD_MARIO_ANIM(anim_4A_values, gMarioAnims.anim_4A_values,  0x00527984,  616,  0x00000000,  616);
      |                           ^~~~~~~~~~~~~~
build/us_web/assets/mario_anim_data.c:1550:27: warning: unused variable 'anim_4B_indices' [-Wunused-variable]
 1550 | ROM_ASSET_LOAD_MARIO_ANIM(anim_4B_indices, gMarioAnims.anim_4B_indices,  0x00527c04,  252,  0x00000000,  252);
      |                           ^~~~~~~~~~~~~~~
build/us_web/assets/mario_anim_data.c:1551:27: warning: unused variable 'anim_4B_values' [-Wunused-variable]
 1551 | ROM_ASSET_LOAD_MARIO_ANIM(anim_4B_values, gMarioAnims.anim_4B_values,  0x00527d00,  1386,  0x00000000,  1386);
      |                           ^~~~~~~~~~~~~~
build/us_web/assets/mario_anim_data.c:1552:27: warning: unused variable 'anim_4C_indices' [-Wunused-variable]
 1552 | ROM_ASSET_LOAD_MARIO_ANIM(anim_4C_indices, gMarioAnims.anim_4C_indices,  0x00528284,  252,  0x00000000,  252);
      |                           ^~~~~~~~~~~~~~~
build/us_web/assets/mario_anim_data.c:1553:27: warning: unused variable 'anim_4C_values' [-Wunused-variable]
 1553 | ROM_ASSET_LOAD_MARIO_ANIM(anim_4C_values, gMarioAnims.anim_4C_values,  0x00528380,  670,  0x00000000,  670);
      |                           ^~~~~~~~~~~~~~
build/us_web/assets/mario_anim_data.c:1554:27: warning: unused variable 'anim_4D_4E_indices' [-Wunused-variable]
 1554 | ROM_ASSET_LOAD_MARIO_ANIM(anim_4D_4E_indices, gMarioAnims.anim_4D_4E_indices,  0x00528650,  252,  0x00000000,  252);
      |                           ^~~~~~~~~~~~~~~~~~
build/us_web/assets/mario_anim_data.c:1555:27: warning: unused variable 'anim_4D_4E_values' [-Wunused-variable]
 1555 | ROM_ASSET_LOAD_MARIO_ANIM(anim_4D_4E_values, gMarioAnims.anim_4D_4E_values,  0x0052874c,  2456,  0x00000000,  2456);
      |                           ^~~~~~~~~~~~~~~~~
build/us_web/assets/mario_anim_data.c:1556:27: warning: unused variable 'anim_4F_indices' [-Wunused-variable]
 1556 | ROM_ASSET_LOAD_MARIO_ANIM(anim_4F_indices, gMarioAnims.anim_4F_indices,  0x005290fc,  252,  0x00000000,  252);
      |                           ^~~~~~~~~~~~~~~
build/us_web/assets/mario_anim_data.c:1557:27: warning: unused variable 'anim_4F_values' [-Wunused-variable]
 1557 | ROM_ASSET_LOAD_MARIO_ANIM(anim_4F_values, gMarioAnims.anim_4F_values,  0x005291f8,  1578,  0x00000000,  1578);
      |                           ^~~~~~~~~~~~~~
build/us_web/assets/mario_anim_data.c:1558:27: warning: unused variable 'anim_50_indices' [-Wunused-variable]
 1558 | ROM_ASSET_LOAD_MARIO_ANIM(anim_50_indices, gMarioAnims.anim_50_indices,  0x0052983c,  252,  0x00000000,  252);
      |                           ^~~~~~~~~~~~~~~
build/us_web/assets/mario_anim_data.c:1559:27: warning: unused variable 'anim_50_values' [-Wunused-variable]
 1559 | ROM_ASSET_LOAD_MARIO_ANIM(anim_50_values, gMarioAnims.anim_50_values,  0x00529938,  420,  0x00000000,  420);
      |                           ^~~~~~~~~~~~~~
build/us_web/assets/mario_anim_data.c:1560:27: warning: unused variable 'anim_51_indices' [-Wunused-variable]
 1560 | ROM_ASSET_LOAD_MARIO_ANIM(anim_51_indices, gMarioAnims.anim_51_indices,  0x00529af4,  252,  0x00000000,  252);
      |                           ^~~~~~~~~~~~~~~
build/us_web/assets/mario_anim_data.c:1561:27: warning: unused variable 'anim_51_values' [-Wunused-variable]
 1561 | ROM_ASSET_LOAD_MARIO_ANIM(anim_51_values, gMarioAnims.anim_51_values,  0x00529bf0,  1002,  0x00000000,  1002);
      |                           ^~~~~~~~~~~~~~
build/us_web/assets/mario_anim_data.c:1562:27: warning: unused variable 'anim_52_indices' [-Wunused-variable]
 1562 | ROM_ASSET_LOAD_MARIO_ANIM(anim_52_indices, gMarioAnims.anim_52_indices,  0x00529ff4,  252,  0x00000000,  252);
      |                           ^~~~~~~~~~~~~~~
build/us_web/assets/mario_anim_data.c:1563:27: warning: unused variable 'anim_52_values' [-Wunused-variable]
 1563 | ROM_ASSET_LOAD_MARIO_ANIM(anim_52_values, gMarioAnims.anim_52_values,  0x0052a0f0,  878,  0x00000000,  878);
      |                           ^~~~~~~~~~~~~~
build/us_web/assets/mario_anim_data.c:1564:27: warning: unused variable 'anim_53_indices' [-Wunused-variable]
 1564 | ROM_ASSET_LOAD_MARIO_ANIM(anim_53_indices, gMarioAnims.anim_53_indices,  0x0052a478,  252,  0x00000000,  252);
      |                           ^~~~~~~~~~~~~~~
build/us_web/assets/mario_anim_data.c:1565:27: warning: unused variable 'anim_53_values' [-Wunused-variable]
 1565 | ROM_ASSET_LOAD_MARIO_ANIM(anim_53_values, gMarioAnims.anim_53_values,  0x0052a574,  1970,  0x00000000,  1970);
      |                           ^~~~~~~~~~~~~~
build/us_web/assets/mario_anim_data.c:1566:27: warning: unused variable 'anim_54_indices' [-Wunused-variable]
 1566 | ROM_ASSET_LOAD_MARIO_ANIM(anim_54_indices, gMarioAnims.anim_54_indices,  0x0052ad40,  252,  0x00000000,  252);
      |                           ^~~~~~~~~~~~~~~
build/us_web/assets/mario_anim_data.c:1567:27: warning: unused variable 'anim_54_values' [-Wunused-variable]
 1567 | ROM_ASSET_LOAD_MARIO_ANIM(anim_54_values, gMarioAnims.anim_54_values,  0x0052ae3c,  1314,  0x00000000,  1314);
      |                           ^~~~~~~~~~~~~~
build/us_web/assets/mario_anim_data.c:1568:27: warning: unused variable 'anim_55_indices' [-Wunused-variable]
 1568 | ROM_ASSET_LOAD_MARIO_ANIM(anim_55_indices, gMarioAnims.anim_55_indices,  0x0052b378,  252,  0x00000000,  252);
      |                           ^~~~~~~~~~~~~~~
build/us_web/assets/mario_anim_data.c:1569:27: warning: unused variable 'anim_55_values' [-Wunused-variable]
 1569 | ROM_ASSET_LOAD_MARIO_ANIM(anim_55_values, gMarioAnims.anim_55_values,  0x0052b474,  11268,  0x00000000,  11268);
      |                           ^~~~~~~~~~~~~~
build/us_web/assets/mario_anim_data.c:1570:27: warning: unused variable 'anim_56_57_indices' [-Wunused-variable]
 1570 | ROM_ASSET_LOAD_MARIO_ANIM(anim_56_57_indices, gMarioAnims.anim_56_57_indices,  0x0052e0a8,  252,  0x00000000,  252);
      |                           ^~~~~~~~~~~~~~~~~~
build/us_web/assets/mario_anim_data.c:1571:27: warning: unused variable 'anim_56_57_values' [-Wunused-variable]
 1571 | ROM_ASSET_LOAD_MARIO_ANIM(anim_56_57_values, gMarioAnims.anim_56_57_values,  0x0052e1a4,  1560,  0x00000000,  1560);
      |                           ^~~~~~~~~~~~~~~~~
build/us_web/assets/mario_anim_data.c:1572:27: warning: unused variable 'anim_58_indices' [-Wunused-variable]
 1572 | ROM_ASSET_LOAD_MARIO_ANIM(anim_58_indices, gMarioAnims.anim_58_indices,  0x0052e7d4,  252,  0x00000000,  252);
      |                           ^~~~~~~~~~~~~~~
build/us_web/assets/mario_anim_data.c:1573:27: warning: unused variable 'anim_58_values' [-Wunused-variable]
 1573 | ROM_ASSET_LOAD_MARIO_ANIM(anim_58_values, gMarioAnims.anim_58_values,  0x0052e8d0,  1082,  0x00000000,  1082);
      |                           ^~~~~~~~~~~~~~
build/us_web/assets/mario_anim_data.c:1574:27: warning: unused variable 'anim_59_indices' [-Wunused-variable]
 1574 | ROM_ASSET_LOAD_MARIO_ANIM(anim_59_indices, gMarioAnims.anim_59_indices,  0x0052ed24,  252,  0x00000000,  252);
      |                           ^~~~~~~~~~~~~~~
build/us_web/assets/mario_anim_data.c:1575:27: warning: unused variable 'anim_59_values' [-Wunused-variable]
 1575 | ROM_ASSET_LOAD_MARIO_ANIM(anim_59_values, gMarioAnims.anim_59_values,  0x0052ee20,  3052,  0x00000000,  3052);
      |                           ^~~~~~~~~~~~~~
build/us_web/assets/mario_anim_data.c:1576:27: warning: unused variable 'anim_5A_indices' [-Wunused-variable]
 1576 | ROM_ASSET_LOAD_MARIO_ANIM(anim_5A_indices, gMarioAnims.anim_5A_indices,  0x0052fa24,  252,  0x00000000,  252);
      |                           ^~~~~~~~~~~~~~~
build/us_web/assets/mario_anim_data.c:1577:27: warning: unused variable 'anim_5A_values' [-Wunused-variable]
 1577 | ROM_ASSET_LOAD_MARIO_ANIM(anim_5A_values, gMarioAnims.anim_5A_values,  0x0052fb20,  3278,  0x00000000,  3278);
      |                           ^~~~~~~~~~~~~~
build/us_web/assets/mario_anim_data.c:1578:27: warning: unused variable 'anim_5B_indices' [-Wunused-variable]
 1578 | ROM_ASSET_LOAD_MARIO_ANIM(anim_5B_indices, gMarioAnims.anim_5B_indices,  0x00530808,  252,  0x00000000,  252);
      |                           ^~~~~~~~~~~~~~~
build/us_web/assets/mario_anim_data.c:1579:27: warning: unused variable 'anim_5B_values' [-Wunused-variable]
 1579 | ROM_ASSET_LOAD_MARIO_ANIM(anim_5B_values, gMarioAnims.anim_5B_values,  0x00530904,  720,  0x00000000,  720);
      |                           ^~~~~~~~~~~~~~
build/us_web/assets/mario_anim_data.c:1580:27: warning: unused variable 'anim_5C_indices' [-Wunused-variable]
 1580 | ROM_ASSET_LOAD_MARIO_ANIM(anim_5C_indices, gMarioAnims.anim_5C_indices,  0x00530bec,  252,  0x00000000,  252);
      |                           ^~~~~~~~~~~~~~~
build/us_web/assets/mario_anim_data.c:1581:27: warning: unused variable 'anim_5C_values' [-Wunused-variable]
 1581 | ROM_ASSET_LOAD_MARIO_ANIM(anim_5C_values, gMarioAnims.anim_5C_values,  0x00530ce8,  1258,  0x00000000,  1258);
      |                           ^~~~~~~~~~~~~~
build/us_web/assets/mario_anim_data.c:1582:27: warning: unused variable 'anim_5D_indices' [-Wunused-variable]
 1582 | ROM_ASSET_LOAD_MARIO_ANIM(anim_5D_indices, gMarioAnims.anim_5D_indices,  0x005311ec,  252,  0x00000000,  252);
      |                           ^~~~~~~~~~~~~~~
build/us_web/assets/mario_anim_data.c:1583:27: warning: unused variable 'anim_5D_values' [-Wunused-variable]
 1583 | ROM_ASSET_LOAD_MARIO_ANIM(anim_5D_values, gMarioAnims.anim_5D_values,  0x005312e8,  1142,  0x00000000,  1142);
      |                           ^~~~~~~~~~~~~~
build/us_web/assets/mario_anim_data.c:1584:27: warning: unused variable 'anim_5E_indices' [-Wunused-variable]
 1584 | ROM_ASSET_LOAD_MARIO_ANIM(anim_5E_indices, gMarioAnims.anim_5E_indices,  0x00531778,  252,  0x00000000,  252);
      |                           ^~~~~~~~~~~~~~~
build/us_web/assets/mario_anim_data.c:1585:27: warning: unused variable 'anim_5E_values' [-Wunused-variable]
 1585 | ROM_ASSET_LOAD_MARIO_ANIM(anim_5E_values, gMarioAnims.anim_5E_values,  0x00531874,  12110,  0x00000000,  12110);
      |                           ^~~~~~~~~~~~~~
build/us_web/assets/mario_anim_data.c:1586:27: warning: unused variable 'anim_5F_indices' [-Wunused-variable]
 1586 | ROM_ASSET_LOAD_MARIO_ANIM(anim_5F_indices, gMarioAnims.anim_5F_indices,  0x005347dc,  252,  0x00000000,  252);
      |                           ^~~~~~~~~~~~~~~
build/us_web/assets/mario_anim_data.c:1587:27: warning: unused variable 'anim_5F_values' [-Wunused-variable]
 1587 | ROM_ASSET_LOAD_MARIO_ANIM(anim_5F_values, gMarioAnims.anim_5F_values,  0x005348d8,  5058,  0x00000000,  5058);
      |                           ^~~~~~~~~~~~~~
build/us_web/assets/mario_anim_data.c:1588:27: warning: unused variable 'anim_60_indices' [-Wunused-variable]
 1588 | ROM_ASSET_LOAD_MARIO_ANIM(anim_60_indices, gMarioAnims.anim_60_indices,  0x00535cb4,  252,  0x00000000,  252);
      |                           ^~~~~~~~~~~~~~~
build/us_web/assets/mario_anim_data.c:1589:27: warning: unused variable 'anim_60_values' [-Wunused-variable]
 1589 | ROM_ASSET_LOAD_MARIO_ANIM(anim_60_values, gMarioAnims.anim_60_values,  0x00535db0,  4020,  0x00000000,  4020);
      |                           ^~~~~~~~~~~~~~
build/us_web/assets/mario_anim_data.c:1590:27: warning: unused variable 'anim_61_indices' [-Wunused-variable]
 1590 | ROM_ASSET_LOAD_MARIO_ANIM(anim_61_indices, gMarioAnims.anim_61_indices,  0x00536d7c,  252,  0x00000000,  252);
      |                           ^~~~~~~~~~~~~~~
build/us_web/assets/mario_anim_data.c:1591:27: warning: unused variable 'anim_61_values' [-Wunused-variable]
 1591 | ROM_ASSET_LOAD_MARIO_ANIM(anim_61_values, gMarioAnims.anim_61_values,  0x00536e78,  12660,  0x00000000,  12660);
      |                           ^~~~~~~~~~~~~~
build/us_web/assets/mario_anim_data.c:1592:27: warning: unused variable 'anim_62_indices' [-Wunused-variable]
 1592 | ROM_ASSET_LOAD_MARIO_ANIM(anim_62_indices, gMarioAnims.anim_62_indices,  0x0053a004,  252,  0x00000000,  252);
      |                           ^~~~~~~~~~~~~~~
build/us_web/assets/mario_anim_data.c:1593:27: warning: unused variable 'anim_62_values' [-Wunused-variable]
 1593 | ROM_ASSET_LOAD_MARIO_ANIM(anim_62_values, gMarioAnims.anim_62_values,  0x0053a100,  742,  0x00000000,  742);
      |                           ^~~~~~~~~~~~~~
build/us_web/assets/mario_anim_data.c:1594:27: warning: unused variable 'anim_63_indices' [-Wunused-variable]
 1594 | ROM_ASSET_LOAD_MARIO_ANIM(anim_63_indices, gMarioAnims.anim_63_indices,  0x0053a400,  252,  0x00000000,  252);
      |                           ^~~~~~~~~~~~~~~
build/us_web/assets/mario_anim_data.c:1595:27: warning: unused variable 'anim_63_values' [-Wunused-variable]
 1595 | ROM_ASSET_LOAD_MARIO_ANIM(anim_63_values, gMarioAnims.anim_63_values,  0x0053a4fc,  1626,  0x00000000,  1626);
      |                           ^~~~~~~~~~~~~~
build/us_web/assets/mario_anim_data.c:1596:27: warning: unused variable 'anim_64_indices' [-Wunused-variable]
 1596 | ROM_ASSET_LOAD_MARIO_ANIM(anim_64_indices, gMarioAnims.anim_64_indices,  0x0053ab70,  252,  0x00000000,  252);
      |                           ^~~~~~~~~~~~~~~
build/us_web/assets/mario_anim_data.c:1597:27: warning: unused variable 'anim_64_values' [-Wunused-variable]
 1597 | ROM_ASSET_LOAD_MARIO_ANIM(anim_64_values, gMarioAnims.anim_64_values,  0x0053ac6c,  1246,  0x00000000,  1246);
      |                           ^~~~~~~~~~~~~~
build/us_web/assets/mario_anim_data.c:1598:27: warning: unused variable 'anim_65_indices' [-Wunused-variable]
 1598 | ROM_ASSET_LOAD_MARIO_ANIM(anim_65_indices, gMarioAnims.anim_65_indices,  0x0053b164,  252,  0x00000000,  252);
      |                           ^~~~~~~~~~~~~~~
build/us_web/assets/mario_anim_data.c:1599:27: warning: unused variable 'anim_65_values' [-Wunused-variable]
 1599 | ROM_ASSET_LOAD_MARIO_ANIM(anim_65_values, gMarioAnims.anim_65_values,  0x0053b260,  1700,  0x00000000,  1700);
      |                           ^~~~~~~~~~~~~~
build/us_web/assets/mario_anim_data.c:1600:27: warning: unused variable 'anim_66_indices' [-Wunused-variable]
 1600 | ROM_ASSET_LOAD_MARIO_ANIM(anim_66_indices, gMarioAnims.anim_66_indices,  0x0053b91c,  252,  0x00000000,  252);
      |                           ^~~~~~~~~~~~~~~
build/us_web/assets/mario_anim_data.c:1601:27: warning: unused variable 'anim_66_values' [-Wunused-variable]
 1601 | ROM_ASSET_LOAD_MARIO_ANIM(anim_66_values, gMarioAnims.anim_66_values,  0x0053ba18,  1948,  0x00000000,  1948);
      |                           ^~~~~~~~~~~~~~
build/us_web/assets/mario_anim_data.c:1602:27: warning: unused variable 'anim_67_indices' [-Wunused-variable]
 1602 | ROM_ASSET_LOAD_MARIO_ANIM(anim_67_indices, gMarioAnims.anim_67_indices,  0x0053c1cc,  252,  0x00000000,  252);
      |                           ^~~~~~~~~~~~~~~
build/us_web/assets/mario_anim_data.c:1603:27: warning: unused variable 'anim_67_values' [-Wunused-variable]
 1603 | ROM_ASSET_LOAD_MARIO_ANIM(anim_67_values, gMarioAnims.anim_67_values,  0x0053c2c8,  386,  0x00000000,  386);
      |                           ^~~~~~~~~~~~~~
build/us_web/assets/mario_anim_data.c:1604:27: warning: unused variable 'anim_68_indices' [-Wunused-variable]
 1604 | ROM_ASSET_LOAD_MARIO_ANIM(anim_68_indices, gMarioAnims.anim_68_indices,  0x0053c464,  252,  0x00000000,  252);
      |                           ^~~~~~~~~~~~~~~
build/us_web/assets/mario_anim_data.c:1605:27: warning: unused variable 'anim_68_values' [-Wunused-variable]
 1605 | ROM_ASSET_LOAD_MARIO_ANIM(anim_68_values, gMarioAnims.anim_68_values,  0x0053c560,  340,  0x00000000,  340);
      |                           ^~~~~~~~~~~~~~
build/us_web/assets/mario_anim_data.c:1606:27: warning: unused variable 'anim_69_indices' [-Wunused-variable]
 1606 | ROM_ASSET_LOAD_MARIO_ANIM(anim_69_indices, gMarioAnims.anim_69_indices,  0x0053c6cc,  252,  0x00000000,  252);
      |                           ^~~~~~~~~~~~~~~
build/us_web/assets/mario_anim_data.c:1607:27: warning: unused variable 'anim_69_values' [-Wunused-variable]
 1607 | ROM_ASSET_LOAD_MARIO_ANIM(anim_69_values, gMarioAnims.anim_69_values,  0x0053c7c8,  764,  0x00000000,  764);
      |                           ^~~~~~~~~~~~~~
build/us_web/assets/mario_anim_data.c:1608:27: warning: unused variable 'anim_6A_indices' [-Wunused-variable]
 1608 | ROM_ASSET_LOAD_MARIO_ANIM(anim_6A_indices, gMarioAnims.anim_6A_indices,  0x0053cadc,  252,  0x00000000,  252);
      |                           ^~~~~~~~~~~~~~~
build/us_web/assets/mario_anim_data.c:1609:27: warning: unused variable 'anim_6A_values' [-Wunused-variable]
 1609 | ROM_ASSET_LOAD_MARIO_ANIM(anim_6A_values, gMarioAnims.anim_6A_values,  0x0053cbd8,  1060,  0x00000000,  1060);
      |                           ^~~~~~~~~~~~~~
build/us_web/assets/mario_anim_data.c:1610:27: warning: unused variable 'anim_6B_indices' [-Wunused-variable]
 1610 | ROM_ASSET_LOAD_MARIO_ANIM(anim_6B_indices, gMarioAnims.anim_6B_indices,  0x0053d014,  252,  0x00000000,  252);
      |                           ^~~~~~~~~~~~~~~
build/us_web/assets/mario_anim_data.c:1611:27: warning: unused variable 'anim_6B_values' [-Wunused-variable]
 1611 | ROM_ASSET_LOAD_MARIO_ANIM(anim_6B_values, gMarioAnims.anim_6B_values,  0x0053d110,  940,  0x00000000,  940);
      |                           ^~~~~~~~~~~~~~
build/us_web/assets/mario_anim_data.c:1612:27: warning: unused variable 'anim_6C_indices' [-Wunused-variable]
 1612 | ROM_ASSET_LOAD_MARIO_ANIM(anim_6C_indices, gMarioAnims.anim_6C_indices,  0x0053d4d4,  252,  0x00000000,  252);
      |                           ^~~~~~~~~~~~~~~
build/us_web/assets/mario_anim_data.c:1613:27: warning: unused variable 'anim_6C_values' [-Wunused-variable]
 1613 | ROM_ASSET_LOAD_MARIO_ANIM(anim_6C_values, gMarioAnims.anim_6C_values,  0x0053d5d0,  1284,  0x00000000,  1284);
      |                           ^~~~~~~~~~~~~~
build/us_web/assets/mario_anim_data.c:1614:27: warning: unused variable 'anim_6D_indices' [-Wunused-variable]
 1614 | ROM_ASSET_LOAD_MARIO_ANIM(anim_6D_indices, gMarioAnims.anim_6D_indices,  0x0053daec,  252,  0x00000000,  252);
      |                           ^~~~~~~~~~~~~~~
build/us_web/assets/mario_anim_data.c:1615:27: warning: unused variable 'anim_6D_values' [-Wunused-variable]
 1615 | ROM_ASSET_LOAD_MARIO_ANIM(anim_6D_values, gMarioAnims.anim_6D_values,  0x0053dbe8,  1286,  0x00000000,  1286);
      |                           ^~~~~~~~~~~~~~
build/us_web/assets/mario_anim_data.c:1616:27: warning: unused variable 'anim_6E_indices' [-Wunused-variable]
 1616 | ROM_ASSET_LOAD_MARIO_ANIM(anim_6E_indices, gMarioAnims.anim_6E_indices,  0x0053e108,  252,  0x00000000,  252);
      |                           ^~~~~~~~~~~~~~~
build/us_web/assets/mario_anim_data.c:1617:27: warning: unused variable 'anim_6E_values' [-Wunused-variable]
 1617 | ROM_ASSET_LOAD_MARIO_ANIM(anim_6E_values, gMarioAnims.anim_6E_values,  0x0053e204,  1136,  0x00000000,  1136);
      |                           ^~~~~~~~~~~~~~
build/us_web/assets/mario_anim_data.c:1618:27: warning: unused variable 'anim_6F_70_indices' [-Wunused-variable]
 1618 | ROM_ASSET_LOAD_MARIO_ANIM(anim_6F_70_indices, gMarioAnims.anim_6F_70_indices,  0x0053e6a4,  252,  0x00000000,  252);
      |                           ^~~~~~~~~~~~~~~~~~
build/us_web/assets/mario_anim_data.c:1619:27: warning: unused variable 'anim_6F_70_values' [-Wunused-variable]
 1619 | ROM_ASSET_LOAD_MARIO_ANIM(anim_6F_70_values, gMarioAnims.anim_6F_70_values,  0x0053e7a0,  98,  0x00000000,  98);
      |                           ^~~~~~~~~~~~~~~~~
build/us_web/assets/mario_anim_data.c:1620:27: warning: unused variable 'anim_71_indices' [-Wunused-variable]
 1620 | ROM_ASSET_LOAD_MARIO_ANIM(anim_71_indices, gMarioAnims.anim_71_indices,  0x0053e81c,  252,  0x00000000,  252);
      |                           ^~~~~~~~~~~~~~~
build/us_web/assets/mario_anim_data.c:1621:27: warning: unused variable 'anim_71_values' [-Wunused-variable]
 1621 | ROM_ASSET_LOAD_MARIO_ANIM(anim_71_values, gMarioAnims.anim_71_values,  0x0053e918,  2078,  0x00000000,  2078);
      |                           ^~~~~~~~~~~~~~
build/us_web/assets/mario_anim_data.c:1622:27: warning: unused variable 'anim_72_73_indices' [-Wunused-variable]
 1622 | ROM_ASSET_LOAD_MARIO_ANIM(anim_72_73_indices, gMarioAnims.anim_72_73_indices,  0x0053f168,  252,  0x00000000,  252);
      |                           ^~~~~~~~~~~~~~~~~~
build/us_web/assets/mario_anim_data.c:1623:27: warning: unused variable 'anim_72_73_values' [-Wunused-variable]
 1623 | ROM_ASSET_LOAD_MARIO_ANIM(anim_72_73_values, gMarioAnims.anim_72_73_values,  0x0053f264,  4342,  0x00000000,  4342);
      |                           ^~~~~~~~~~~~~~~~~
build/us_web/assets/mario_anim_data.c:1624:27: warning: unused variable 'anim_74_indices' [-Wunused-variable]
 1624 | ROM_ASSET_LOAD_MARIO_ANIM(anim_74_indices, gMarioAnims.anim_74_indices,  0x00540374,  252,  0x00000000,  252);
      |                           ^~~~~~~~~~~~~~~
build/us_web/assets/mario_anim_data.c:1625:27: warning: unused variable 'anim_74_values' [-Wunused-variable]
 1625 | ROM_ASSET_LOAD_MARIO_ANIM(anim_74_values, gMarioAnims.anim_74_values,  0x00540470,  1844,  0x00000000,  1844);
      |                           ^~~~~~~~~~~~~~
build/us_web/assets/mario_anim_data.c:1626:27: warning: unused variable 'anim_75_indices' [-Wunused-variable]
 1626 | ROM_ASSET_LOAD_MARIO_ANIM(anim_75_indices, gMarioAnims.anim_75_indices,  0x00540bbc,  252,  0x00000000,  252);
      |                           ^~~~~~~~~~~~~~~
build/us_web/assets/mario_anim_data.c:1627:27: warning: unused variable 'anim_75_values' [-Wunused-variable]
 1627 | ROM_ASSET_LOAD_MARIO_ANIM(anim_75_values, gMarioAnims.anim_75_values,  0x00540cb8,  1892,  0x00000000,  1892);
      |                           ^~~~~~~~~~~~~~
build/us_web/assets/mario_anim_data.c:1628:27: warning: unused variable 'anim_76_indices' [-Wunused-variable]
 1628 | ROM_ASSET_LOAD_MARIO_ANIM(anim_76_indices, gMarioAnims.anim_76_indices,  0x00541434,  252,  0x00000000,  252);
      |                           ^~~~~~~~~~~~~~~
build/us_web/assets/mario_anim_data.c:1629:27: warning: unused variable 'anim_76_values' [-Wunused-variable]
 1629 | ROM_ASSET_LOAD_MARIO_ANIM(anim_76_values, gMarioAnims.anim_76_values,  0x00541530,  4648,  0x00000000,  4648);
      |                           ^~~~~~~~~~~~~~
build/us_web/assets/mario_anim_data.c:1630:27: warning: unused variable 'anim_77_indices' [-Wunused-variable]
 1630 | ROM_ASSET_LOAD_MARIO_ANIM(anim_77_indices, gMarioAnims.anim_77_indices,  0x00542770,  252,  0x00000000,  252);
      |                           ^~~~~~~~~~~~~~~
build/us_web/assets/mario_anim_data.c:1631:27: warning: unused variable 'anim_77_values' [-Wunused-variable]
 1631 | ROM_ASSET_LOAD_MARIO_ANIM(anim_77_values, gMarioAnims.anim_77_values,  0x0054286c,  2464,  0x00000000,  2464);
      |                           ^~~~~~~~~~~~~~
build/us_web/assets/mario_anim_data.c:1632:27: warning: unused variable 'anim_78_indices' [-Wunused-variable]
 1632 | ROM_ASSET_LOAD_MARIO_ANIM(anim_78_indices, gMarioAnims.anim_78_indices,  0x00543224,  252,  0x00000000,  252);
      |                           ^~~~~~~~~~~~~~~
build/us_web/assets/mario_anim_data.c:1633:27: warning: unused variable 'anim_78_values' [-Wunused-variable]
 1633 | ROM_ASSET_LOAD_MARIO_ANIM(anim_78_values, gMarioAnims.anim_78_values,  0x00543320,  10454,  0x00000000,  10454);
      |                           ^~~~~~~~~~~~~~
build/us_web/assets/mario_anim_data.c:1634:27: warning: unused variable 'anim_79_indices' [-Wunused-variable]
 1634 | ROM_ASSET_LOAD_MARIO_ANIM(anim_79_indices, gMarioAnims.anim_79_indices,  0x00545c10,  252,  0x00000000,  252);
      |                           ^~~~~~~~~~~~~~~
build/us_web/assets/mario_anim_data.c:1635:27: warning: unused variable 'anim_79_values' [-Wunused-variable]
 1635 | ROM_ASSET_LOAD_MARIO_ANIM(anim_79_values, gMarioAnims.anim_79_values,  0x00545d0c,  3634,  0x00000000,  3634);
      |                           ^~~~~~~~~~~~~~
build/us_web/assets/mario_anim_data.c:1636:27: warning: unused variable 'anim_7A_indices' [-Wunused-variable]
 1636 | ROM_ASSET_LOAD_MARIO_ANIM(anim_7A_indices, gMarioAnims.anim_7A_indices,  0x00546b58,  252,  0x00000000,  252);
      |                           ^~~~~~~~~~~~~~~
build/us_web/assets/mario_anim_data.c:1637:27: warning: unused variable 'anim_7A_values' [-Wunused-variable]
 1637 | ROM_ASSET_LOAD_MARIO_ANIM(anim_7A_values, gMarioAnims.anim_7A_values,  0x00546c54,  402,  0x00000000,  402);
      |                           ^~~~~~~~~~~~~~
build/us_web/assets/mario_anim_data.c:1638:27: warning: unused variable 'anim_7B_indices' [-Wunused-variable]
 1638 | ROM_ASSET_LOAD_MARIO_ANIM(anim_7B_indices, gMarioAnims.anim_7B_indices,  0x00546e00,  252,  0x00000000,  252);
      |                           ^~~~~~~~~~~~~~~
build/us_web/assets/mario_anim_data.c:1639:27: warning: unused variable 'anim_7B_values' [-Wunused-variable]
 1639 | ROM_ASSET_LOAD_MARIO_ANIM(anim_7B_values, gMarioAnims.anim_7B_values,  0x00546efc,  2360,  0x00000000,  2360);
      |                           ^~~~~~~~~~~~~~
build/us_web/assets/mario_anim_data.c:1640:27: warning: unused variable 'anim_7C_indices' [-Wunused-variable]
 1640 | ROM_ASSET_LOAD_MARIO_ANIM(anim_7C_indices, gMarioAnims.anim_7C_indices,  0x0054784c,  252,  0x00000000,  252);
      |                           ^~~~~~~~~~~~~~~
build/us_web/assets/mario_anim_data.c:1641:27: warning: unused variable 'anim_7C_values' [-Wunused-variable]
 1641 | ROM_ASSET_LOAD_MARIO_ANIM(anim_7C_values, gMarioAnims.anim_7C_values,  0x00547948,  2300,  0x00000000,  2300);
      |                           ^~~~~~~~~~~~~~
build/us_web/assets/mario_anim_data.c:1642:27: warning: unused variable 'anim_7D_indices' [-Wunused-variable]
 1642 | ROM_ASSET_LOAD_MARIO_ANIM(anim_7D_indices, gMarioAnims.anim_7D_indices,  0x0054825c,  252,  0x00000000,  252);
      |                           ^~~~~~~~~~~~~~~
build/us_web/assets/mario_anim_data.c:1643:27: warning: unused variable 'anim_7D_values' [-Wunused-variable]
 1643 | ROM_ASSET_LOAD_MARIO_ANIM(anim_7D_values, gMarioAnims.anim_7D_values,  0x00548358,  1114,  0x00000000,  1114);
      |                           ^~~~~~~~~~~~~~
build/us_web/assets/mario_anim_data.c:1644:27: warning: unused variable 'anim_7E_indices' [-Wunused-variable]
 1644 | ROM_ASSET_LOAD_MARIO_ANIM(anim_7E_indices, gMarioAnims.anim_7E_indices,  0x005487cc,  252,  0x00000000,  252);
      |                           ^~~~~~~~~~~~~~~
build/us_web/assets/mario_anim_data.c:1645:27: warning: unused variable 'anim_7E_values' [-Wunused-variable]
 1645 | ROM_ASSET_LOAD_MARIO_ANIM(anim_7E_values, gMarioAnims.anim_7E_values,  0x005488c8,  4538,  0x00000000,  4538);
      |                           ^~~~~~~~~~~~~~
build/us_web/assets/mario_anim_data.c:1646:27: warning: unused variable 'anim_7F_indices' [-Wunused-variable]
 1646 | ROM_ASSET_LOAD_MARIO_ANIM(anim_7F_indices, gMarioAnims.anim_7F_indices,  0x00549a9c,  252,  0x00000000,  252);
      |                           ^~~~~~~~~~~~~~~
build/us_web/assets/mario_anim_data.c:1647:27: warning: unused variable 'anim_7F_values' [-Wunused-variable]
 1647 | ROM_ASSET_LOAD_MARIO_ANIM(anim_7F_values, gMarioAnims.anim_7F_values,  0x00549b98,  3622,  0x00000000,  3622);
      |                           ^~~~~~~~~~~~~~
build/us_web/assets/mario_anim_data.c:1648:27: warning: unused variable 'anim_80_indices' [-Wunused-variable]
 1648 | ROM_ASSET_LOAD_MARIO_ANIM(anim_80_indices, gMarioAnims.anim_80_indices,  0x0054a9d8,  252,  0x00000000,  252);
      |                           ^~~~~~~~~~~~~~~
build/us_web/assets/mario_anim_data.c:1649:27: warning: unused variable 'anim_80_values' [-Wunused-variable]
 1649 | ROM_ASSET_LOAD_MARIO_ANIM(anim_80_values, gMarioAnims.anim_80_values,  0x0054aad4,  4248,  0x00000000,  4248);
      |                           ^~~~~~~~~~~~~~
build/us_web/assets/mario_anim_data.c:1650:27: warning: unused variable 'anim_81_indices' [-Wunused-variable]
 1650 | ROM_ASSET_LOAD_MARIO_ANIM(anim_81_indices, gMarioAnims.anim_81_indices,  0x0054bb84,  252,  0x00000000,  252);
      |                           ^~~~~~~~~~~~~~~
build/us_web/assets/mario_anim_data.c:1651:27: warning: unused variable 'anim_81_values' [-Wunused-variable]
 1651 | ROM_ASSET_LOAD_MARIO_ANIM(anim_81_values, gMarioAnims.anim_81_values,  0x0054bc80,  4308,  0x00000000,  4308);
      |                           ^~~~~~~~~~~~~~
build/us_web/assets/mario_anim_data.c:1652:27: warning: unused variable 'anim_82_indices' [-Wunused-variable]
 1652 | ROM_ASSET_LOAD_MARIO_ANIM(anim_82_indices, gMarioAnims.anim_82_indices,  0x0054cd6c,  252,  0x00000000,  252);
      |                           ^~~~~~~~~~~~~~~
build/us_web/assets/mario_anim_data.c:1653:27: warning: unused variable 'anim_82_values' [-Wunused-variable]
 1653 | ROM_ASSET_LOAD_MARIO_ANIM(anim_82_values, gMarioAnims.anim_82_values,  0x0054ce68,  5770,  0x00000000,  5770);
      |                           ^~~~~~~~~~~~~~
build/us_web/assets/mario_anim_data.c:1654:27: warning: unused variable 'anim_83_indices' [-Wunused-variable]
 1654 | ROM_ASSET_LOAD_MARIO_ANIM(anim_83_indices, gMarioAnims.anim_83_indices,  0x0054e50c,  252,  0x00000000,  252);
      |                           ^~~~~~~~~~~~~~~
build/us_web/assets/mario_anim_data.c:1655:27: warning: unused variable 'anim_83_values' [-Wunused-variable]
 1655 | ROM_ASSET_LOAD_MARIO_ANIM(anim_83_values, gMarioAnims.anim_83_values,  0x0054e608,  4734,  0x00000000,  4734);
      |                           ^~~~~~~~~~~~~~
build/us_web/assets/mario_anim_data.c:1656:27: warning: unused variable 'anim_84_indices' [-Wunused-variable]
 1656 | ROM_ASSET_LOAD_MARIO_ANIM(anim_84_indices, gMarioAnims.anim_84_indices,  0x0054f8a0,  252,  0x00000000,  252);
      |                           ^~~~~~~~~~~~~~~
build/us_web/assets/mario_anim_data.c:1657:27: warning: unused variable 'anim_84_values' [-Wunused-variable]
 1657 | ROM_ASSET_LOAD_MARIO_ANIM(anim_84_values, gMarioAnims.anim_84_values,  0x0054f99c,  4756,  0x00000000,  4756);
      |                           ^~~~~~~~~~~~~~
build/us_web/assets/mario_anim_data.c:1658:27: warning: unused variable 'anim_85_indices' [-Wunused-variable]
 1658 | ROM_ASSET_LOAD_MARIO_ANIM(anim_85_indices, gMarioAnims.anim_85_indices,  0x00550c48,  252,  0x00000000,  252);
      |                           ^~~~~~~~~~~~~~~
build/us_web/assets/mario_anim_data.c:1659:27: warning: unused variable 'anim_85_values' [-Wunused-variable]
 1659 | ROM_ASSET_LOAD_MARIO_ANIM(anim_85_values, gMarioAnims.anim_85_values,  0x00550d44,  324,  0x00000000,  324);
      |                           ^~~~~~~~~~~~~~
build/us_web/assets/mario_anim_data.c:1660:27: warning: unused variable 'anim_86_indices' [-Wunused-variable]
 1660 | ROM_ASSET_LOAD_MARIO_ANIM(anim_86_indices, gMarioAnims.anim_86_indices,  0x00550ea0,  252,  0x00000000,  252);
      |                           ^~~~~~~~~~~~~~~
build/us_web/assets/mario_anim_data.c:1661:27: warning: unused variable 'anim_86_values' [-Wunused-variable]
 1661 | ROM_ASSET_LOAD_MARIO_ANIM(anim_86_values, gMarioAnims.anim_86_values,  0x00550f9c,  2902,  0x00000000,  2902);
      |                           ^~~~~~~~~~~~~~
build/us_web/assets/mario_anim_data.c:1662:27: warning: unused variable 'anim_87_indices' [-Wunused-variable]
 1662 | ROM_ASSET_LOAD_MARIO_ANIM(anim_87_indices, gMarioAnims.anim_87_indices,  0x00551b0c,  252,  0x00000000,  252);
      |                           ^~~~~~~~~~~~~~~
build/us_web/assets/mario_anim_data.c:1663:27: warning: unused variable 'anim_87_values' [-Wunused-variable]
 1663 | ROM_ASSET_LOAD_MARIO_ANIM(anim_87_values, gMarioAnims.anim_87_values,  0x00551c08,  1564,  0x00000000,  1564);
      |                           ^~~~~~~~~~~~~~
build/us_web/assets/mario_anim_data.c:1664:27: warning: unused variable 'anim_88_89_indices' [-Wunused-variable]
 1664 | ROM_ASSET_LOAD_MARIO_ANIM(anim_88_89_indices, gMarioAnims.anim_88_89_indices,  0x00552254,  252,  0x00000000,  252);
      |                           ^~~~~~~~~~~~~~~~~~
build/us_web/assets/mario_anim_data.c:1665:27: warning: unused variable 'anim_88_89_values' [-Wunused-variable]
 1665 | ROM_ASSET_LOAD_MARIO_ANIM(anim_88_89_values, gMarioAnims.anim_88_89_values,  0x00552350,  1260,  0x00000000,  1260);
      |                           ^~~~~~~~~~~~~~~~~
build/us_web/assets/mario_anim_data.c:1666:27: warning: unused variable 'anim_8A_indices' [-Wunused-variable]
 1666 | ROM_ASSET_LOAD_MARIO_ANIM(anim_8A_indices, gMarioAnims.anim_8A_indices,  0x00552854,  252,  0x00000000,  252);
      |                           ^~~~~~~~~~~~~~~
build/us_web/assets/mario_anim_data.c:1667:27: warning: unused variable 'anim_8A_values' [-Wunused-variable]
 1667 | ROM_ASSET_LOAD_MARIO_ANIM(anim_8A_values, gMarioAnims.anim_8A_values,  0x00552950,  2980,  0x00000000,  2980);
      |                           ^~~~~~~~~~~~~~
build/us_web/assets/mario_anim_data.c:1668:27: warning: unused variable 'anim_8B_indices' [-Wunused-variable]
 1668 | ROM_ASSET_LOAD_MARIO_ANIM(anim_8B_indices, gMarioAnims.anim_8B_indices,  0x0055350c,  252,  0x00000000,  252);
      |                           ^~~~~~~~~~~~~~~
build/us_web/assets/mario_anim_data.c:1669:27: warning: unused variable 'anim_8B_values' [-Wunused-variable]
 1669 | ROM_ASSET_LOAD_MARIO_ANIM(anim_8B_values, gMarioAnims.anim_8B_values,  0x00553608,  2970,  0x00000000,  2970);
      |                           ^~~~~~~~~~~~~~
build/us_web/assets/mario_anim_data.c:1670:27: warning: unused variable 'anim_8C_indices' [-Wunused-variable]
 1670 | ROM_ASSET_LOAD_MARIO_ANIM(anim_8C_indices, gMarioAnims.anim_8C_indices,  0x005541bc,  252,  0x00000000,  252);
      |                           ^~~~~~~~~~~~~~~
build/us_web/assets/mario_anim_data.c:1671:27: warning: unused variable 'anim_8C_values' [-Wunused-variable]
 1671 | ROM_ASSET_LOAD_MARIO_ANIM(anim_8C_values, gMarioAnims.anim_8C_values,  0x005542b8,  646,  0x00000000,  646);
      |                           ^~~~~~~~~~~~~~
build/us_web/assets/mario_anim_data.c:1672:27: warning: unused variable 'anim_8D_indices' [-Wunused-variable]
 1672 | ROM_ASSET_LOAD_MARIO_ANIM(anim_8D_indices, gMarioAnims.anim_8D_indices,  0x00554558,  252,  0x00000000,  252);
      |                           ^~~~~~~~~~~~~~~
build/us_web/assets/mario_anim_data.c:1673:27: warning: unused variable 'anim_8D_values' [-Wunused-variable]
 1673 | ROM_ASSET_LOAD_MARIO_ANIM(anim_8D_values, gMarioAnims.anim_8D_values,  0x00554654,  1086,  0x00000000,  1086);
      |                           ^~~~~~~~~~~~~~
build/us_web/assets/mario_anim_data.c:1674:27: warning: unused variable 'anim_8E_8F_indices' [-Wunused-variable]
 1674 | ROM_ASSET_LOAD_MARIO_ANIM(anim_8E_8F_indices, gMarioAnims.anim_8E_8F_indices,  0x00554ac4,  252,  0x00000000,  252);
      |                           ^~~~~~~~~~~~~~~~~~
build/us_web/assets/mario_anim_data.c:1675:27: warning: unused variable 'anim_8E_8F_values' [-Wunused-variable]
 1675 | ROM_ASSET_LOAD_MARIO_ANIM(anim_8E_8F_values, gMarioAnims.anim_8E_8F_values,  0x00554bc0,  1618,  0x00000000,  1618);
      |                           ^~~~~~~~~~~~~~~~~
build/us_web/assets/mario_anim_data.c:1676:27: warning: unused variable 'anim_90_indices' [-Wunused-variable]
 1676 | ROM_ASSET_LOAD_MARIO_ANIM(anim_90_indices, gMarioAnims.anim_90_indices,  0x0055522c,  252,  0x00000000,  252);
      |                           ^~~~~~~~~~~~~~~
build/us_web/assets/mario_anim_data.c:1677:27: warning: unused variable 'anim_90_values' [-Wunused-variable]
 1677 | ROM_ASSET_LOAD_MARIO_ANIM(anim_90_values, gMarioAnims.anim_90_values,  0x00555328,  1012,  0x00000000,  1012);
      |                           ^~~~~~~~~~~~~~
build/us_web/assets/mario_anim_data.c:1678:27: warning: unused variable 'anim_91_indices' [-Wunused-variable]
 1678 | ROM_ASSET_LOAD_MARIO_ANIM(anim_91_indices, gMarioAnims.anim_91_indices,  0x00555734,  252,  0x00000000,  252);
      |                           ^~~~~~~~~~~~~~~
build/us_web/assets/mario_anim_data.c:1679:27: warning: unused variable 'anim_91_values' [-Wunused-variable]
 1679 | ROM_ASSET_LOAD_MARIO_ANIM(anim_91_values, gMarioAnims.anim_91_values,  0x00555830,  266,  0x00000000,  266);
      |                           ^~~~~~~~~~~~~~
build/us_web/assets/mario_anim_data.c:1680:27: warning: unused variable 'anim_92_indices' [-Wunused-variable]
 1680 | ROM_ASSET_LOAD_MARIO_ANIM(anim_92_indices, gMarioAnims.anim_92_indices,  0x00555954,  252,  0x00000000,  252);
      |                           ^~~~~~~~~~~~~~~
build/us_web/assets/mario_anim_data.c:1681:27: warning: unused variable 'anim_92_values' [-Wunused-variable]
 1681 | ROM_ASSET_LOAD_MARIO_ANIM(anim_92_values, gMarioAnims.anim_92_values,  0x00555a50,  5600,  0x00000000,  5600);
      |                           ^~~~~~~~~~~~~~
build/us_web/assets/mario_anim_data.c:1682:27: warning: unused variable 'anim_93_indices' [-Wunused-variable]
 1682 | ROM_ASSET_LOAD_MARIO_ANIM(anim_93_indices, gMarioAnims.anim_93_indices,  0x00557048,  252,  0x00000000,  252);
      |                           ^~~~~~~~~~~~~~~
build/us_web/assets/mario_anim_data.c:1683:27: warning: unused variable 'anim_93_values' [-Wunused-variable]
 1683 | ROM_ASSET_LOAD_MARIO_ANIM(anim_93_values, gMarioAnims.anim_93_values,  0x00557144,  602,  0x00000000,  602);
      |                           ^~~~~~~~~~~~~~
build/us_web/assets/mario_anim_data.c:1684:27: warning: unused variable 'anim_94_indices' [-Wunused-variable]
 1684 | ROM_ASSET_LOAD_MARIO_ANIM(anim_94_indices, gMarioAnims.anim_94_indices,  0x004f4e94,  252,  0x00000000,  252);
      |                           ^~~~~~~~~~~~~~~
build/us_web/assets/mario_anim_data.c:1685:27: warning: unused variable 'anim_94_values' [-Wunused-variable]
 1685 | ROM_ASSET_LOAD_MARIO_ANIM(anim_94_values, gMarioAnims.anim_94_values,  0x005574b4,  80,  0x00000000,  80);
      |                           ^~~~~~~~~~~~~~
build/us_web/assets/mario_anim_data.c:1686:27: warning: unused variable 'anim_95_indices' [-Wunused-variable]
 1686 | ROM_ASSET_LOAD_MARIO_ANIM(anim_95_indices, gMarioAnims.anim_95_indices,  0x0055751c,  252,  0x00000000,  252);
      |                           ^~~~~~~~~~~~~~~
build/us_web/assets/mario_anim_data.c:1687:27: warning: unused variable 'anim_95_values' [-Wunused-variable]
 1687 | ROM_ASSET_LOAD_MARIO_ANIM(anim_95_values, gMarioAnims.anim_95_values,  0x00557618,  280,  0x00000000,  280);
      |                           ^~~~~~~~~~~~~~
build/us_web/assets/mario_anim_data.c:1688:27: warning: unused variable 'anim_96_indices' [-Wunused-variable]
 1688 | ROM_ASSET_LOAD_MARIO_ANIM(anim_96_indices, gMarioAnims.anim_96_indices,  0x00557748,  252,  0x00000000,  252);
      |                           ^~~~~~~~~~~~~~~
build/us_web/assets/mario_anim_data.c:1689:27: warning: unused variable 'anim_96_values' [-Wunused-variable]
 1689 | ROM_ASSET_LOAD_MARIO_ANIM(anim_96_values, gMarioAnims.anim_96_values,  0x00557844,  680,  0emcc: warning: linker setting ignored during compilation: 'FULL_ES2' [-Wunused-command-line-argument]
x00000000,  680);
      |                           ^~~~~~~~~~~~~~
build/us_web/assets/mario_anim_data.c:1690:27: warning: unused variable 'anim_97_indices' [-Wunused-variable]
 1690 | ROM_ASSET_LOAD_MARIO_ANIM(anim_97_indices, gMarioAnims.anim_97_indices,  0x00557b04,  252,  0x00000000,  252);
      |                           ^~~~~~~~~~~~~~~
build/us_web/assets/mario_anim_data.c:1691:27: warning: unused variable 'anim_97_values' [-Wunused-variable]
 1691 | ROM_ASSET_LOAD_MARIO_ANIM(anim_97_values, gMarioAnims.anim_97_values,  0x00557c00,  416,  0x00000000,  416);
      |                           ^~~~~~~~~~~~~~
build/us_web/assets/mario_anim_data.c:1692:27: warning: unused variable 'anim_98_indices' [-Wunused-variable]
 1692 | ROM_ASSET_LOAD_MARIO_ANIM(anim_98_indices, gMarioAnims.anim_98_indices,  0x00557db8,  252,  0x00000000,  252);
      |                           ^~~~~~~~~~~~~~~
build/us_web/assets/mario_anim_data.c:1693:27: warning: unused variable 'anim_98_values' [-Wunused-variable]
 1693 | ROM_ASSET_LOAD_MARIO_ANIM(anim_98_values, gMarioAnims.anim_98_values,  0x00557eb4,  2758,  0x00000000,  2758);
      |                           ^~~~~~~~~~~~~~
build/us_web/assets/mario_anim_data.c:1694:27: warning: unused variable 'anim_99_indices' [-Wunused-variable]
 1694 | ROM_ASSET_LOAD_MARIO_ANIM(anim_99_indices, gMarioAnims.anim_99_indices,  0x00558994,  252,  0x00000000,  252);
      |                           ^~~~~~~~~~~~~~~
build/us_web/assets/mario_anim_data.c:1695:27: warning: unused variable 'anim_99_values' [-Wunused-variable]
 1695 | ROM_ASSET_LOAD_MARIO_ANIM(anim_99_values, gMarioAnims.anim_99_values,  0x00558a90,  7014,  0x00000000,  7014);
      |                           ^~~~~~~~~~~~~~
build/us_web/assets/mario_anim_data.c:1696:27: warning: unused variable 'anim_9A_indices' [-Wunused-variable]
 1696 | ROM_ASSET_LOAD_MARIO_ANIM(anim_9A_indices, gMarioAnims.anim_9A_indices,  0x0055a610,  252,  0x00000000,  252);
      |                           ^~~~~~~~~~~~~~~
build/us_web/assets/mario_anim_data.c:1697:27: warning: unused variable 'anim_9A_values' [-Wunused-variable]
 1697 | ROM_ASSET_LOAD_MARIO_ANIM(anim_9A_values, gMarioAnims.anim_9A_values,  0x0055a70c,  644,  0x00000000,  644);
      |                           ^~~~~~~~~~~~~~
build/us_web/assets/mario_anim_data.c:1698:27: warning: unused variable 'anim_9B_indices' [-Wunused-variable]
 1698 | ROM_ASSET_LOAD_MARIO_ANIM(anim_9B_indices, gMarioAnims.anim_9B_indices,  0x0055a9a8,  252,  0x00000000,  252);
      |                           ^~~~~~~~~~~~~~~
build/us_web/assets/mario_anim_data.c:1699:27: warning: unused variable 'anim_9B_values' [-Wunused-variable]
 1699 | ROM_ASSET_LOAD_MARIO_ANIM(anim_9B_values, gMarioAnims.anim_9B_values,  0x0055aaa4,  630,  0x00000000,  630);
      |                           ^~~~~~~~~~~~~~
build/us_web/assets/mario_anim_data.c:1700:27: warning: unused variable 'anim_9C_indices' [-Wunused-variable]
 1700 | ROM_ASSET_LOAD_MARIO_ANIM(anim_9C_indices, gMarioAnims.anim_9C_indices,  0x0055ad34,  252,  0x00000000,  252);
      |                           ^~~~~~~~~~~~~~~
build/us_web/assets/mario_anim_data.c:1701:27: warning: unused variable 'anim_9C_values' [-Wunused-variable]
 1701 | ROM_ASSET_LOAD_MARIO_ANIM(anim_9C_values, gMarioAnims.anim_9C_values,  0x0055ae30,  4884,  0x00000000,  4884);
      |                           ^~~~~~~~~~~~~~
build/us_web/assets/mario_anim_data.c:1702:27: warning: unused variable 'anim_9D_indices' [-Wunused-variable]
 1702 | ROM_ASSET_LOAD_MARIO_ANIM(anim_9D_indices, gMarioAnims.anim_9D_indices,  0x0055c15c,  252,  0x00000000,  252);
      |                           ^~~~~~~~~~~~~~~
build/us_web/assets/mario_anim_data.c:1703:27: warning: unused variable 'anim_9D_values' [-Wunused-variable]
 1703 | ROM_ASSET_LOAD_MARIO_ANIM(anim_9D_values, gMarioAnims.anim_9D_values,  0x0055c258,  1944,  0x00000000,  1944);
      |                           ^~~~~~~~~~~~~~
build/us_web/assets/mario_anim_data.c:1704:27: warning: unused variable 'anim_9E_indices' [-Wunused-variable]
 1704 | ROM_ASSET_LOAD_MARIO_ANIM(anim_9E_indices, gMarioAnims.anim_9E_indices,  0x0055ca08,  252,  0x00000000,  252);
      |                           ^~~~~~~~~~~~~~~
build/us_web/assets/mario_anim_data.c:1705:27: warning: unused variable 'anim_9E_values' [-Wunused-variable]
 1705 | ROM_ASSET_LOAD_MARIO_ANIM(anim_9E_values, gMarioAnims.anim_9E_values,  0x0055cb04,  4008,  0x00000000,  4008);
      |                           ^~~~~~~~~~~~~~
build/us_web/assets/mario_anim_data.c:1706:27: warning: unused variable 'anim_9F_indices' [-Wunused-variable]
 1706 | ROM_ASSET_LOAD_MARIO_ANIM(anim_9F_indices, gMarioAnims.anim_9F_indices,  0x0055dac4,  252,  0x00000000,  252);
      |                           ^~~~~~~~~~~~~~~
build/us_web/assets/mario_anim_data.c:1707:27: warning: unused variable 'anim_9F_values' [-Wunused-variable]
 1707 | ROM_ASSET_LOAD_MARIO_ANIM(anim_9F_values, gMarioAnims.anim_9F_values,  0x0055dbc0,  774,  0x00000000,  774);
      |                           ^~~~~~~~~~~~~~
build/us_web/assets/mario_anim_data.c:1708:27: warning: unused variable 'anim_A0_indices' [-Wunused-variable]
 1708 | ROM_ASSET_LOAD_MARIO_ANIM(anim_A0_indices, gMarioAnims.anim_A0_indices,  0x0055dee0,  252,  0x00000000,  252);
      |                           ^~~~~~~~~~~~~~~
build/us_web/assets/mario_anim_data.c:1709:27: warning: unused variable 'anim_A0_values' [-Wunused-variable]
 1709 | ROM_ASSET_LOAD_MARIO_ANIM(anim_A0_values, gMarioAnims.anim_A0_values,  0x0055dfdc,  390,  0x00000000,  390);
      |                           ^~~~~~~~~~~~~~
build/us_web/assets/mario_anim_data.c:1710:27: warning: unused variable 'anim_A1_indices' [-Wunused-variable]
 1710 | ROM_ASSET_LOAD_MARIO_ANIM(anim_A1_indices, gMarioAnims.anim_A1_indices,  0x0055e17c,  252,  0x00000000,  252);
      |                           ^~~~~~~~~~~~~~~
build/us_web/assets/mario_anim_data.c:1711:27: warning: unused variable 'anim_A1_values' [-Wunused-variable]
 1711 | ROM_ASSET_LOAD_MARIO_ANIM(anim_A1_values, gMarioAnims.anim_A1_values,  0x0055e278,  920,  0x00000000,  920);
      |                           ^~~~~~~~~~~~~~
build/us_web/assets/mario_anim_data.c:1712:27: warning: unused variable 'anim_A2_indices' [-Wunused-variable]
 1712 | ROM_ASSET_LOAD_MARIO_ANIM(anim_A2_indices, gMarioAnims.anim_A2_indices,  0x0055e628,  252,  0x00000000,  252);
      |                           ^~~~~~~~~~~~~~~
build/us_web/assets/mario_anim_data.c:1713:27: warning: unused variable 'anim_A2_values' [-Wunused-variable]
 1713 | ROM_ASSET_LOAD_MARIO_ANIM(anim_A2_values, gMarioAnims.anim_A2_values,  0x0055e724,  1448,  0x00000000,  1448);
      |                           ^~~~~~~~~~~~~~
build/us_web/assets/mario_anim_data.c:1714:27: warning: unused variable 'anim_A3_indices' [-Wunused-variable]
 1714 | ROM_ASSET_LOAD_MARIO_ANIM(anim_A3_indices, gMarioAnims.anim_A3_indices,  0x0055ece4,  252,  0x00000000,  252);
      |                           ^~~~~~~~~~~~~~~
build/us_web/assets/mario_anim_data.c:1715:27: warning: unused variable 'anim_A3_values' [-Wunused-variable]
 1715 | ROM_ASSET_LOAD_MARIO_ANIM(anim_A3_values, gMarioAnims.anim_A3_values,  0x0055ede0,  2590,  0x00000000,  2590);
      |                           ^~~~~~~~~~~~~~
build/us_web/assets/mario_anim_data.c:1716:27: warning: unused variable 'anim_A4_indices' [-Wunused-variable]
 1716 | ROM_ASSET_LOAD_MARIO_ANIM(anim_A4_indices, gMarioAnims.anim_A4_indices,  0x0055f818,  252,  0x00000000,  252);
      |                           ^~~~~~~~~~~~~~~
build/us_web/assets/mario_anim_data.c:1717:27: warning: unused variable 'anim_A4_values' [-Wunused-variable]
 1717 | ROM_ASSET_LOAD_MARIO_ANIM(anim_A4_values, gMarioAnims.anim_A4_values,  0x0055f914,  1650,  0x00000000,  1650);
      |                           ^~~~~~~~~~~~~~
build/us_web/assets/mario_anim_data.c:1718:27: warning: unused variable 'anim_A5_indices' [-Wunused-variable]
 1718 | ROM_ASSET_LOAD_MARIO_ANIM(anim_A5_indices, gMarioAnims.anim_A5_indices,  0x0055ffa0,  252,  0x00000000,  252);
      |                           ^~~~~~~~~~~~~~~
build/us_web/assets/mario_anim_data.c:1719:27: warning: unused variable 'anim_A5_values' [-Wunused-variable]
 1719 | ROM_ASSET_LOAD_MARIO_ANIM(anim_A5_values, gMarioAnims.anim_A5_values,  0x0056009c,  5148,  0x00000000,  5148);
      |                           ^~~~~~~~~~~~~~
build/us_web/assets/mario_anim_data.c:1720:27: warning: unused variable 'anim_A6_indices' [-Wunused-variable]
 1720 | ROM_ASSET_LOAD_MARIO_ANIM(anim_A6_indices, gMarioAnims.anim_A6_indices,  0x005614d0,  252,  0x00000000,  252);
      |                           ^~~~~~~~~~~~~~~
build/us_web/assets/mario_anim_data.c:1721:27: warning: unused variable 'anim_A6_values' [-Wunused-variable]
 1721 | ROM_ASSET_LOAD_MARIO_ANIM(anim_A6_values, gMarioAnims.anim_A6_values,  0x005615cc,  4646,  0x00000000,  4646);
      |                           ^~~~~~~~~~~~~~
build/us_web/assets/mario_anim_data.c:1722:27: warning: unused variable 'anim_A7_indices' [-Wunused-variable]
 1722 | ROM_ASSET_LOAD_MARIO_ANIM(anim_A7_indices, gMarioAnims.anim_A7_indices,  0x0056280c,  252,  0x00000000,  252);
      |                           ^~~~~~~~~~~~~~~
build/us_web/assets/mario_anim_data.c:1723:27: warning: unused variable 'anim_A7_values' [-Wunused-variable]
 1723 | ROM_ASSET_LOAD_MARIO_ANIM(anim_A7_values, gMarioAnims.anim_A7_values,  0x00562908,  3060,  0x00000000,  3060);
      |                           ^~~~~~~~~~~~~~
build/us_web/assets/mario_anim_data.c:1724:27: warning: unused variable 'anim_A8_indices' [-Wunused-variable]
 1724 | ROM_ASSET_LOAD_MARIO_ANIM(anim_A8_indices, gMarioAnims.anim_A8_indices,  0x00563514,  252,  0x00000000,  252);
      |                           ^~~~~~~~~~~~~~~
build/us_web/assets/mario_anim_data.c:1725:27: warning: unused variable 'anim_A8_values' [-Wunused-variable]
 1725 | ROM_ASSET_LOAD_MARIO_ANIM(anim_A8_values, gMarioAnims.anim_A8_values,  0x00563610,  3910,  0x00000000,  3910);
      |                           ^~~~~~~~~~~~~~
build/us_web/assets/mario_anim_data.c:1726:27: warning: unused variable 'anim_A9_indices' [-Wunused-variable]
 1726 | ROM_ASSET_LOAD_MARIO_ANIM(anim_A9_indices, gMarioAnims.anim_A9_indices,  0x00564570,  252,  0x00000000,  252);
      |                           ^~~~~~~~~~~~~~~
build/us_web/assets/mario_anim_data.c:1727:27: warning: unused variable 'anim_A9_values' [-Wunused-variable]
 1727 | ROM_ASSET_LOAD_MARIO_ANIM(anim_A9_values, gMarioAnims.anim_A9_values,  0x0056466c,  1728,  0x00000000,  1728);
      |                           ^~~~~~~~~~~~~~
build/us_web/assets/mario_anim_data.c:1728:27: warning: unused variable 'anim_AA_indices' [-Wunused-variable]
 1728 | ROM_ASSET_LOAD_MARIO_ANIM(anim_AA_indices, gMarioAnims.anim_AA_indices,  0x00564d44,  252,  0x00000000,  252);
      |                           ^~~~~~~~~~~~~~~
build/us_web/assets/mario_anim_data.c:1729:27: warning: unused variable 'anim_AA_values' [-Wunused-variable]
 1729 | ROM_ASSET_LOAD_MARIO_ANIM(anim_AA_values, gMarioAnims.anim_AA_values,  0x00564e40,  972,  0x00000000,  972);
      |                           ^~~~~~~~~~~~~~
build/us_web/assets/mario_anim_data.c:1730:27: warning: unused variable 'anim_AB_indices' [-Wunused-variable]
 1730 | ROM_ASSET_LOAD_MARIO_ANIM(anim_AB_indices, gMarioAnims.anim_AB_indices,  0x00565224,  252,  0x00000000,  252);
      |                           ^~~~~~~~~~~~~~~
build/us_web/assets/mario_anim_data.c:1731:27: warning: unused variable 'anim_AB_values' [-Wunused-variable]
 1731 | ROM_ASSET_LOAD_MARIO_ANIM(anim_AB_values, gMarioAnims.anim_AB_values,  0x00565320,  750,  0x00000000,  750);
      |                           ^~~~~~~~~~~~~~
build/us_web/assets/mario_anim_data.c:1732:27: warning: unused variable 'anim_AC_indices' [-Wunused-variable]
 1732 | ROM_ASSET_LOAD_MARIO_ANIM(anim_AC_indices, gMarioAnims.anim_AC_indices,  0x00565628,  252,  0x00000000,  252);
      |                           ^~~~~~~~~~~~~~~
build/us_web/assets/mario_anim_data.c:1733:27: warning: unused variable 'anim_AC_values' [-Wunused-variable]
 1733 | ROM_ASSET_LOAD_MARIO_ANIM(anim_AC_values, gMarioAnims.anim_AC_values,  0x00565724,  1706,  0x00000000,  1706);
      |                           ^~~~~~~~~~~~~~
build/us_web/assets/mario_anim_data.c:1734:27: warning: unused variable 'anim_AD_indices' [-Wunused-variable]
 1734 | ROM_ASSET_LOAD_MARIO_ANIM(anim_AD_indices, gMarioAnims.anim_AD_indices,  0x00565de8,  252,  0x00000000,  252);
      |                           ^~~~~~~~~~~~~~~
build/us_web/assets/mario_anim_data.c:1735:27: warning: unused variable 'anim_AD_values' [-Wunused-variable]
 1735 | ROM_ASSET_LOAD_MARIO_ANIM(anim_AD_values, gMarioAnims.anim_AD_values,  0x00565ee4,  1860,  0x00000000,  1860);
      |                           ^~~~~~~~~~~~~~
build/us_web/assets/mario_anim_data.c:1736:27: warning: unused variable 'anim_AE_indices' [-Wunused-variable]
 1736 | ROM_ASSET_LOAD_MARIO_ANIM(anim_AE_indices, gMarioAnims.anim_AE_indices,  0x00566640,  252,  0x00000000,  252);
      |                           ^~~~~~~~~~~~~~~
build/us_web/assets/mario_anim_data.c:1737:27: warning: unused variable 'anim_AE_values' [-Wunused-variable]
 1737 | ROM_ASSET_LOAD_MARIO_ANIM(anim_AE_values, gMarioAnims.anim_AE_values,  0x0056673c,  956,  0x00000000,  956);
      |                           ^~~~~~~~~~~~~~
build/us_web/assets/mario_anim_data.c:1738:27: warning: unused variable 'anim_AF_indices' [-Wunused-variable]
 1738 | ROM_ASSET_LOAD_MARIO_ANIM(anim_AF_indices, gMarioAnims.anim_AF_indices,  0x00566b10,  252,  0x00000000,  252);
      |                           ^~~~~~~~~~~~~~~
build/us_web/assets/mario_anim_data.c:1739:27: warning: unused variable 'anim_AF_values' [-Wunused-variable]
 1739 | ROM_ASSET_LOAD_MARIO_ANIM(anim_AF_values, gMarioAnims.anim_AF_values,  0x00566c0c,  2160,  0x00000000,  2160);
      |                           ^~~~~~~~~~~~~~
build/us_web/assets/mario_anim_data.c:1740:27: warning: unused variable 'anim_B0_indices' [-Wunused-variable]
 1740 | ROM_ASSET_LOAD_MARIO_ANIM(anim_B0_indices, gMarioAnims.anim_B0_indices,  0x00567494,  252,  0x00000000,  252);
      |                           ^~~~~~~~~~~~~~~
build/us_web/assets/mario_anim_data.c:1741:27: warning: unused variable 'anim_B0_values' [-Wunused-variable]
 1741 | ROM_ASSET_LOAD_MARIO_ANIM(anim_B0_values, gMarioAnims.anim_B0_values,  0x00567590,  440,  0x00000000,  440);
      |                           ^~~~~~~~~~~~~~
build/us_web/assets/mario_anim_data.c:1742:27: warning: unused variable 'anim_B1_indices' [-Wunused-variable]
 1742 | ROM_ASSET_LOAD_MARIO_ANIM(anim_B1_indices, gMarioAnims.anim_B1_indices,  0x00567760,  252,  0x00000000,  252);
      |                           ^~~~~~~~~~~~~~~
build/us_web/assets/mario_anim_data.c:1743:27: warning: unused variable 'anim_B1_values' [-Wunused-variable]
 1743 | ROM_ASSET_LOAD_MARIO_ANIM(anim_B1_values, gMarioAnims.anim_B1_values,  0x0056785c,  2418,  0x00000000,  2418);
      |                           ^~~~~~~~~~~~~~
build/us_web/assets/mario_anim_data.c:1744:27: warning: unused variable 'anim_B2_indices' [-Wunused-variable]
 1744 | ROM_ASSET_LOAD_MARIO_ANIM(anim_B2_indices, gMarioAnims.anim_B2_indices,  0x005681e8,  252,  0x00000000,  252);
      |                           ^~~~~~~~~~~~~~~
build/us_web/assets/mario_anim_data.c:1745:27: warning: unused variable 'anim_B2_values' [-Wunused-variable]
 1745 | ROM_ASSET_LOAD_MARIO_ANIM(anim_B2_values, gMarioAnims.anim_B2_values,  0x005682e4,  1824,  0x00000000,  1824);
      |                           ^~~~~~~~~~~~~~
build/us_web/assets/mario_anim_data.c:1746:27: warning: unused variable 'anim_B3_indices' [-Wunused-variable]
 1746 | ROM_ASSET_LOAD_MARIO_ANIM(anim_B3_indices, gMarioAnims.anim_B3_indices,  0x00568a1c,  252,  0x00000000,  252);
      |                           ^~~~~~~~~~~~~~~
build/us_web/assets/mario_anim_data.c:1747:27: warning: unused variable 'anim_B3_values' [-Wunused-variable]
 1747 | ROM_ASSET_LOAD_MARIO_ANIM(anim_B3_values, gMarioAnims.anim_B3_values,  0x00568b18,  6494,  0x00000000,  6494);
      |                           ^~~~~~~~~~~~~~
build/us_web/assets/mario_anim_data.c:1748:27: warning: unused variable 'anim_B4_indices' [-Wunused-variable]
 1748 | ROM_ASSET_LOAD_MARIO_ANIM(anim_B4_indices, gMarioAnims.anim_B4_indices,  0x0056a490,  252,  0x00000000,  252);
      |                           ^~~~~~~~~~~~~~~
build/us_web/assets/mario_anim_data.c:1749:27: warning: unused variable 'anim_B4_values' [-Wunused-variable]
 1749 | ROM_ASSET_LOAD_MARIO_ANIM(anim_B4_values, gMarioAnims.anim_B4_values,  0x0056a58c,  1846,  0x00000000,  1846);
      |                           ^~~~~~~~~~~~~~
build/us_web/assets/mario_anim_data.c:1750:27: warning: unused variable 'anim_B5_B6_indices' [-Wunused-variable]
 1750 | ROM_ASSET_LOAD_MARIO_ANIM(anim_B5_B6_indices, gMarioAnims.anim_B5_B6_indices,  0x0056acf4,  252,  0x00000000,  252);
      |                           ^~~~~~~~~~~~~~~~~~
build/us_web/assets/mario_anim_data.c:1751:27: warning: unused variable 'anim_B5_B6_values' [-Wunused-variable]
 1751 | ROM_ASSET_LOAD_MARIO_ANIM(anim_B5_B6_values, gMarioAnims.anim_B5_B6_values,  0x0056adf0,  1382,  0x00000000,  1382);
      |                           ^~~~~~~~~~~~~~~~~
build/us_web/assets/mario_anim_data.c:1752:27: warning: unused variable 'anim_B7_indices' [-Wunused-variable]
 1752 | ROM_ASSET_LOAD_MARIO_ANIM(anim_B7_indices, gMarioAnims.anim_B7_indices,  0x0056b370,  252,  0x00000000,  252);
      |                           ^~~~~~~~~~~~~~~
build/us_web/assets/mario_anim_data.c:1753:27: warning: unused variable 'anim_B7_values' [-Wunused-variable]
 1753 | ROM_ASSET_LOAD_MARIO_ANIM(anim_B7_values, gMarioAnims.anim_B7_values,  0x0056b46c,  2980,  0x00000000,  2980);
      |                           ^~~~~~~~~~~~~~
build/us_web/assets/mario_anim_data.c:1754:27: warning: unused variable 'anim_B8_indices' [-Wunused-variable]
 1754 | ROM_ASSET_LOAD_MARIO_ANIM(anim_B8_indices, gMarioAnims.anim_B8_indices,  0x0056c028,  252,  0x00000000,  252);
      |                           ^~~~~~~~~~~~~~~
build/us_web/assets/mario_anim_data.c:1755:27: warning: unused variable 'anim_B8_values' [-Wunused-variable]
 1755 | ROM_ASSET_LOAD_MARIO_ANIM(anim_B8_values, gMarioAnims.anim_B8_values,  0x0056c124,  776,  0x00000000,  776);
      |                           ^~~~~~~~~~~~~~
build/us_web/assets/mario_anim_data.c:1756:27: warning: unused variable 'anim_B9_indices' [-Wunused-variable]
 1756 | ROM_ASSET_LOAD_MARIO_ANIM(anim_B9_indices, gMarioAnims.anim_B9_indices,  0x0056c444,  252,  0x00000000,  252);
      |                           ^~~~~~~~~~~~~~~
build/us_web/assets/mario_anim_data.c:1757:27: warning: unused variable 'anim_B9_values' [-Wunused-variable]
 1757 | ROM_ASSET_LOAD_MARIO_ANIM(anim_B9_values, gMarioAnims.anim_B9_values,  0x0056c540,  2068,  0x00000000,  2068);
      |                           ^~~~~~~~~~~~~~
build/us_web/assets/mario_anim_data.c:1758:27: warning: unused variable 'anim_BA_indices' [-Wunused-variable]
 1758 | ROM_ASSET_LOAD_MARIO_ANIM(anim_BA_indices, gMarioAnims.anim_BA_indices,  0x0056cd6c,  252,  0x00000000,  252);
      |                           ^~~~~~~~~~~~~~~
build/us_web/assets/mario_anim_data.c:1759:27: warning: unused variable 'anim_BA_values' [-Wunused-variable]
 1759 | ROM_ASSET_LOAD_MARIO_ANIM(anim_BA_values, gMarioAnims.anim_BA_values,  0x0056ce68,  986,  0x00000000,  986);
      |                           ^~~~~~~~~~~~~~
build/us_web/assets/mario_anim_data.c:1760:27: warning: unused variable 'anim_BB_indices' [-Wunused-variable]
 1760 | ROM_ASSET_LOAD_MARIO_ANIM(anim_BB_indices, gMarioAnims.anim_BB_indices,  0x0056d25c,  252,  0x00000000,  252);
      |                           ^~~~~~~~~~~~~~~
build/us_web/assets/mario_anim_data.c:1761:27: warning: unused variable 'anim_BB_values' [-Wunused-variable]
 1761 | ROM_ASSET_LOAD_MARIO_ANIM(anim_BB_values, gMarioAnims.anim_BB_values,  0x0056d358,  4132,  0x00000000,  4132);
      |                           ^~~~~~~~~~~~~~
build/us_web/assets/mario_anim_data.c:1762:27: warning: unused variable 'anim_BC_BD_indices' [-Wunused-variable]
 1762 | ROM_ASSET_LOAD_MARIO_ANIM(anim_BC_BD_indices, gMarioAnims.anim_BC_BD_indices,  0x0056e3ac,  252,  0x00000000,  252);
      |                           ^~~~~~~~~~~~~~~~~~
build/us_web/assets/mario_anim_data.c:1763:27: warning: unused variable 'anim_BC_BD_values' [-Wunused-variable]
 1763 | ROM_ASSET_LOAD_MARIO_ANIM(anim_BC_BD_values, gMarioAnims.anim_BC_BD_values,  0x0056e4a8,  1528,  0x00000000,  1528);
      |                           ^~~~~~~~~~~~~~~~~
build/us_web/assets/mario_anim_data.c:1764:27: warning: unused variable 'anim_BE_indices' [-Wunused-variable]
 1764 | ROM_ASSET_LOAD_MARIO_ANIM(anim_BE_indices, gMarioAnims.anim_BE_indices,  0x0056eab8,  252,  0x00000000,  252);
      |                           ^~~~~~~~~~~~~~~
build/us_web/assets/mario_anim_data.c:1765:27: warning: unused variable 'anim_BE_values' [-Wunused-variable]
 1765 | ROM_ASSET_LOAD_MARIO_ANIM(anim_BE_values, gMarioAnims.anim_BE_values,  0x0056ebb4,  760,  0x00000000,  760);
      |                           ^~~~~~~~~~~~~~
build/us_web/assets/mario_anim_data.c:1766:27: warning: unused variable 'anim_BF_indices' [-Wunused-variable]
 1766 | ROM_ASSET_LOAD_MARIO_ANIM(anim_BF_indices, gMarioAnims.anim_BF_indices,  0x0056eec4,  252,  0x00000000,  252);
      |                           ^~~~~~~~~~~~~~~
build/us_web/assets/mario_anim_data.c:1767:27: warning: unused variable 'anim_BF_values' [-Wunused-variable]
 1767 | ROM_ASSET_LOAD_MARIO_ANIM(anim_BF_values, gMarioAnims.anim_BF_values,  0x0056efc0,  1936,  0x00000000,  1936);
      |                           ^~~~~~~~~~~~~~
build/us_web/assets/mario_anim_data.c:1768:27: warning: unused variable 'anim_C0_indices' [-Wunused-variable]
 1768 | ROM_ASSET_LOAD_MARIO_ANIM(anim_C0_indices, gMarioAnims.anim_C0_indices,  0x0056f768,  252,  0x00000000,  252);
      |                           ^~~~~~~~~~~~~~~
build/us_web/assets/mario_anim_data.c:1769:27: warning: unused variable 'anim_C0_values' [-Wunused-variable]
 1769 | ROM_ASSET_LOAD_MARIO_ANIM(anim_C0_values, gMarioAnims.anim_C0_values,  0x0056f864,  2452,  0x00000000,  2452);
      |                           ^~~~~~~~~~~~~~
build/us_web/assets/mario_anim_data.c:1770:27: warning: unused variable 'anim_C1_indices' [-Wunused-variable]
 1770 | ROM_ASSET_LOAD_MARIO_ANIM(anim_C1_indices, gMarioAnims.anim_C1_indices,  0x00570210,  252,  0x00000000,  252);
      |                           ^~~~~~~~~~~~~~~
build/us_web/assets/mario_anim_data.c:1771:27: warning: unused variable 'anim_C1_values' [-Wunused-variable]
 1771 | ROM_ASSET_LOAD_MARIO_ANIM(anim_C1_values, gMarioAnims.anim_C1_values,  0x0057030c,  2468,  0x00000000,  2468);
      |                           ^~~~~~~~~~~~~~
build/us_web/assets/mario_anim_data.c:1772:27: warning: unused variable 'anim_C2_indices' [-Wunused-variable]
 1772 | ROM_ASSET_LOAD_MARIO_ANIM(anim_C2_indices, gMarioAnims.anim_C2_indices,  0x00570cc8,  252,  0x00000000,  252);
      |                           ^~~~~~~~~~~~~~~
build/us_web/assets/mario_anim_data.c:1773:27: warning: unused variable 'anim_C2_values' [-Wunused-variable]
 1773 | ROM_ASSET_LOAD_MARIO_ANIM(anim_C2_values, gMarioAnims.anim_C2_values,  0x00570dc4,  5422,  0x00000000,  5422);
      |                           ^~~~~~~~~~~~~~
build/us_web/assets/mario_anim_data.c:1774:27: warning: unused variable 'anim_C3_indices' [-Wunused-variable]
 1774 | ROM_ASSET_LOAD_MARIO_ANIM(anim_C3_indices, gMarioAnims.anim_C3_indices,  0x0057230c,  252,  0x00000000,  252);
      |                           ^~~~~~~~~~~~~~~
build/us_web/assets/mario_anim_data.c:1775:27: warning: unused variable 'anim_C3_values' [-Wunused-variable]
 1775 | ROM_ASSET_LOAD_MARIO_ANIM(anim_C3_values, gMarioAnims.anim_C3_values,  0x00572408,  1942,  0x00000000,  1942);
      |                           ^~~~~~~~~~~~~~
build/us_web/assets/mario_anim_data.c:1776:27: warning: unused variable 'anim_C4_indices' [-Wunused-variable]
 1776 | ROM_ASSET_LOAD_MARIO_ANIM(anim_C4_indices, gMarioAnims.anim_C4_indices,  0x0057230c,  252,  0x00000000,  252);
      |                           ^~~~~~~~~~~~~~~
build/us_web/assets/mario_anim_data.c:1777:27: warning: unused variable 'anim_C4_values' [-Wunused-variable]
 1777 | ROM_ASSET_LOAD_MARIO_ANIM(anim_C4_values, gMarioAnims.anim_C4_values,  0x00572cb4,  1942,  0x00000000,  1942);
      |                           ^~~~~~~~~~~~~~
build/us_web/assets/mario_anim_data.c:1778:27: warning: unused variable 'anim_C5_indices' [-Wunused-variable]
 1778 | ROM_ASSET_LOAD_MARIO_ANIM(anim_C5_indices, gMarioAnims.anim_C5_indices,  0x0057230c,  252,  0x00000000,  252);
      |                           ^~~~~~~~~~~~~~~
build/us_web/assets/mario_anim_data.c:1779:27: warning: unused variable 'anim_C5_values' [-Wunused-variable]
 1779 | ROM_ASSET_LOAD_MARIO_ANIM(anim_C5_values, gMarioAnims.anim_C5_values,  0x00573560,  1942,  0x00000000,  1942);
      |                           ^~~~~~~~~~~~~~
build/us_web/assets/mario_anim_data.c:1780:27: warning: unused variable 'anim_C6_indices' [-Wunused-variable]
 1780 | ROM_ASSET_LOAD_MARIO_ANIM(anim_C6_indices, gMarioAnims.anim_C6_indices,  0x00573d10,  252,  0x00000000,  252);
      |                           ^~~~~~~~~~~~~~~
build/us_web/assets/mario_anim_data.c:1781:27: warning: unused variable 'anim_C6_values' [-Wunused-variable]
 1781 | ROM_ASSET_LOAD_MARIO_ANIM(anim_C6_values, gMarioAnims.anim_C6_values,  0x00573e0c,  1666,  0x00000000,  1666);
      |                           ^~~~~~~~~~~~~~
build/us_web/assets/mario_anim_data.c:1782:27: warning: unused variable 'anim_C7_indices' [-Wunused-variable]
 1782 | ROM_ASSET_LOAD_MARIO_ANIM(anim_C7_indices, gMarioAnims.anim_C7_indices,  0x005744a8,  252,  0x00000000,  252);
      |                           ^~~~~~~~~~~~~~~
build/us_web/assets/mario_anim_data.c:1783:27: warning: unused variable 'anim_C7_values' [-Wunused-variable]
 1783 | ROM_ASSET_LOAD_MARIO_ANIM(anim_C7_values, gMarioAnims.anim_C7_values,  0x005745a4,  2844,  0x00000000,  2844);
      |                           ^~~~~~~~~~~~~~
build/us_web/assets/mario_anim_data.c:1784:27: warning: unused variable 'anim_C8_indices' [-Wunused-variable]
 1784 | ROM_ASSET_LOAD_MARIO_ANIM(anim_C8_indices, gMarioAnims.anim_C8_indices,  0x005750d8,  252,  0x00000000,  252);
      |                           ^~~~~~~~~~~~~~~
build/us_web/assets/mario_anim_data.c:1785:27: warning: unused variable 'anim_C8_values' [-Wunused-variable]
 1785 | ROM_ASSET_LOAD_MARIO_ANIM(anim_C8_values, gMarioAnims.anim_C8_values,  0x005751d4,  1648,  0x00000000,  1648);
      |                           ^~~~~~~~~~~~~~
build/us_web/assets/mario_anim_data.c:1786:27: warning: unused variable 'anim_C9_indices' [-Wunused-variable]
 1786 | ROM_ASSET_LOAD_MARIO_ANIM(anim_C9_indices, gMarioAnims.anim_C9_indices,  0x0057585c,  252,  0x00000000,  252);
      |                           ^~~~~~~~~~~~~~~
build/us_web/assets/mario_anim_data.c:1787:27: warning: unused variable 'anim_C9_values' [-Wunused-variable]
 1787 | ROM_ASSET_LOAD_MARIO_ANIM(anim_C9_values, gMarioAnims.anim_C9_values,  0x00575958,  1940,  0x00000000,  1940);
      |                           ^~~~~~~~~~~~~~
build/us_web/assets/mario_anim_data.c:1788:27: warning: unused variable 'anim_CA_indices' [-Wunused-variable]
 1788 | ROM_ASSET_LOAD_MARIO_ANIM(anim_CA_indices, gMarioAnims.anim_CA_indices,  0x00576104,  252,  0x00000000,  252);
      |                           ^~~~~~~~~~~~~~~
build/us_web/assets/mario_anim_data.c:1789:27: warning: unused variable 'anim_CA_values' [-Wunused-variable]
 1789 | ROM_ASSET_LOAD_MARIO_ANIM(anim_CA_values, gMarioAnims.anim_CA_values,  0x00576200,  1998,  0x00000000,  1998);
      |                           ^~~~~~~~~~~~~~
build/us_web/assets/mario_anim_data.c:1790:27: warning: unused variable 'anim_CB_CC_indices' [-Wunused-variable]
 1790 | ROM_ASSET_LOAD_MARIO_ANIM(anim_CB_CC_indices, gMarioAnims.anim_CB_CC_indices,  0x00576a00,  252,  0x00000000,  252);
      |                           ^~~~~~~~~~~~~~~~~~
build/us_web/assets/mario_anim_data.c:1791:27: warning: unused variable 'anim_CB_CC_values' [-Wunused-variable]
 1791 | ROM_ASSET_LOAD_MARIO_ANIM(anim_CB_CC_values, gMarioAnims.anim_CB_CC_values,  0x00576afc,  1382,  0x00000000,  1382);
      |                           ^~~~~~~~~~~~~~~~~
build/us_web/assets/mario_anim_data.c:1792:27: warning: unused variable 'anim_CD_indices' [-Wunused-variable]
 1792 | ROM_ASSET_LOAD_MARIO_ANIM(anim_CD_indices, gMarioAnims.anim_CD_indices,  0x0057707c,  252,  0x00000000,  252);
      |                           ^~~~~~~~~~~~~~~
build/us_web/assets/mario_anim_data.c:1793:27: warning: unused variable 'anim_CD_values' [-Wunused-variable]
 1793 | ROM_ASSET_LOAD_MARIO_ANIM(anim_CD_values, gMarioAnims.anim_CD_values,  0x00577178,  5184,  0x00000000,  5184);
      |                           ^~~~~~~~~~~~~~
build/us_web/assets/mario_anim_data.c:1794:27: warning: unused variable 'anim_CE_indices' [-Wunused-variable]
 1794 | ROM_ASSET_LOAD_MARIO_ANIM(anim_CE_indices, gMarioAnims.anim_CE_indices,  0x005785d0,  252,  0x00000000,  252);
      |                           ^~~~~~~~~~~~~~~
build/us_web/assets/mario_anim_data.c:1795:27: warning: unused variable 'anim_CE_values' [-Wunused-variable]
 1795 | ROM_ASSET_LOAD_MARIO_ANIM(anim_CE_values, gMarioAnims.anim_CE_values,  0x005786cc,  1460,  0x00000000,  1460);
      |                           ^~~~~~~~~~~~~~
build/us_web/assets/mario_anim_data.c:1796:27: warning: unused variable 'anim_CF_indices' [-Wunused-variable]
 1796 | ROM_ASSET_LOAD_MARIO_ANIM(anim_CF_indices, gMarioAnims.anim_CF_indices,  0x00578c98,  252,  0x00000000,  252);
      |                           ^~~~~~~~~~~~~~~
build/us_web/assets/mario_anim_data.c:1797:27: warning: unused variable 'anim_CF_values' [-Wunused-variable]
 1797 | ROM_ASSET_LOAD_MARIO_ANIM(anim_CF_values, gMarioAnims.anim_CF_values,  0x00578d94,  2708,  0x00000000,  2708);
      |                           ^~~~~~~~~~~~~~
build/us_web/assets/mario_anim_data.c:1798:27: warning: unused variable 'anim_D0_indices' [-Wunused-variable]
 1798 | ROM_ASSET_LOAD_MARIO_ANIM(anim_D0_indices, gMarioAnims.anim_D0_indices,  0x00579840,  252,  0x00000000,  252);
      |                           ^~~~~~~~~~~~~~~
build/us_web/assets/mario_anim_data.c:1799:27: warning: unused variable 'anim_D0_values' [-Wunused-variable]
 1799 | ROM_ASSET_LOAD_MARIO_ANIM(anim_D0_values, gMarioAnims.anim_D0_values,  0x0057993c,  730,  0x00000000,  730);
      |                           ^~~~~~~~~~~~~~
386 warnings generated.
emcc: warning: linker setting ignored during compilation: 'FULL_ES2' [-Wunused-command-line-argument]
emcc: warning: linker setting ignored during compilation: 'FULL_ES2' [-Wunused-command-line-argument]
emcc: warning: linker setting ignored during compilation: 'FULL_ES2' [-Wunused-command-line-argument]
[0;32mCompiling: [0;33msound/sound_data.c[0;32m -> [0;34mbuild/us_web/sound/sound_data.o[0m
emcc: warning: linker setting ignored during compilation: 'FULL_ES2' [-Wunused-command-line-argument]
emcc: warning: linker setting ignored during compilation: 'FULL_ES2' [-Wunused-command-line-argument]
emcc: warning: linker setting ignored during compilation: 'FULL_ES2' [-Wunused-command-line-argument]
[0;32mLinking executable: [0;34mbuild/us_web/sm64coopdx.html [0m
gmake[1]: Leaving directory '/Users/jeffscottward/Documents/GitHub/fun/sm64coopdx'

==========================================
 Build complete!
 Output: build/us_web/sm64coopdx.html
         build/us_web/sm64coopdx.js
         build/us_web/sm64coopdx.wasm

 To test locally:
   cd build/us_web && python3 -m http.server 8080
   Open http://localhost:8080/sm64coopdx.html
==========================================
